{
    "geometrical_parameters": {
        "fiber_diameter": 0.023363636363636364,
        "blade_distance": 0.0674341137168968,
        "elliptical_fiber_ratio": 2.4343434343434343,
        "ratio_droplet_embedded_length": 1.383030303030303,
        "droplet_diameter": 0.11163636363636364,
        "contact_angle": 17.195959595959593,
        "fiber_rotation": 16.363636363636363
    },
    "mechanical_parameters": {
        "interface_friction": 0.0,
        "GI": 0.0015,
        "GII,GIII": 0.3,
        "tI=tII=tIII": 1.3,
        "blade_friction": 0.6
    }
}
