{
    "geometrical_parameters": {
        "fiber_diameter": 0.02371571906354515,
        "blade_distance": 0.32073578595317725,
        "elliptical_fiber_ratio": 2.279264214046823,
        "ratio_droplet_embedded_length": 1.36,
        "droplet_diameter": 0.162,
        "contact_angle": 25.7,
        "fiber_rotation": 45
    },
    "mechanical_parameters": {
        "interface_friction": 0.0,
        "GI": 0.0015,
        "GII,GIII": 0.09521739130434782,
        "blade_friction": 0.0,
        "tI=tII=tIII": 1.1973244147157192
    }
}
