{
    "geometrical_parameters": {
        "fiber_diameter": 0.021,
        "blade_distance": 0.042,
        "elliptical_fiber_ratio": 1.0,
        "ratio_droplet_embedded_length": 1.36,
        "droplet_diameter": 0.162,
        "contact_angle": 25.7,
        "fiber_rotation": 0
    },
    "mechanical_parameters": {
        "interface_friction": 0.3290969899665552,
        "GI": 0.00894648829431438,
        "GII,GIII": 0.18043478260869564,
        "tI=tII=tIII": 1.9046822742474916,
        "blade_friction": 0.14180602006688964
    }
}
