{
    "geometrical_parameters": {
        "fiber_diameter": 0.014983967935871744,
        "blade_distance": 0.504809619238477,
        "elliptical_fiber_ratio": 1.9258517034068134,
        "ratio_droplet_embedded_length": 1.167695390781563,
        "droplet_diameter": 0.16915230460921843,
        "contact_angle": 16.204008016032063,
        "fiber_rotation": 70.88176352705412
    },
    "mechanical_parameters": {
        "interface_friction": 0.0,
        "tI": 1,
        "tII,tIII": 1.3,
        "GI": 0.015,
        "GII,GIII": 0.1,
        "blade_friction": 0.6
    }
}
