{
    "geometrical_parameters": {
        "fiber_diameter": 0.021,
        "blade_distance": 0.042,
        "elliptical_fiber_ratio": 1.0,
        "ratio_droplet_embedded_length": 1.36,
        "droplet_diameter": 0.162,
        "contact_angle": 25.7,
        "fiber_rotation": 0
    },
    "mechanical_parameters": {
        "interface_friction": 0.29966555183946486,
        "GI": 0.05695652173913044,
        "GII,GIII": 0.09849498327759197,
        "tI=tII=tIII": 0.6254180602006689,
        "blade_friction": 0.379933110367893
    }
}
