{
    "geometrical_parameters": {
        "fiber_diameter": 0.025100334448160535,
        "blade_distance": 0.5949832775919732,
        "elliptical_fiber_ratio": 2.439799331103679,
        "ratio_droplet_embedded_length": 1.36,
        "droplet_diameter": 0.162,
        "contact_angle": 25.7,
        "fiber_rotation": 45
    },
    "mechanical_parameters": {
        "interface_friction": 0.0,
        "GI": 0.0015,
        "GII,GIII": 0.4901672240802675,
        "blade_friction": 0.0,
        "tI=tII=tIII": 1.172240802675585
    }
}
