{
    "geometrical_parameters": {
        "fiber_diameter": 0.021,
        "blade_distance": 0.042,
        "elliptical_fiber_ratio": 1.0,
        "ratio_droplet_embedded_length": 1.36,
        "droplet_diameter": 0.162,
        "contact_angle": 25.7,
        "fiber_rotation": 0
    },
    "mechanical_parameters": {
        "interface_friction": 0.7117056856187292,
        "GI": 0.03311705685618729,
        "GII,GIII": 0.2935117056856187,
        "tI=tII=tIII": 1.488294314381271,
        "blade_friction": 0.06956521739130436
    }
}
