{
    "geometrical_parameters": {
        "fiber_diameter": 0.020585284280936453,
        "blade_distance": 0.31906354515050167,
        "elliptical_fiber_ratio": 1.8177257525083612,
        "ratio_droplet_embedded_length": 1.237056856187291,
        "droplet_diameter": 0.19778260869565217,
        "contact_angle": 22.88695652173913,
        "fiber_rotation": 69.23076923076923
    },
    "mechanical_parameters": {
        "interface_friction": 0.0,
        "GI": 0.0015,
        "GII,GIII": 0.3,
        "tI=tII=tIII": 1.3,
        "blade_friction": 0.6
    }
}
