{
    "geometrical_parameters": {
        "fiber_diameter": 0.029371859296482415,
        "blade_distance": 0.7547738693467338,
        "elliptical_fiber_ratio": 2.0552763819095476,
        "ratio_droplet_embedded_length": 1.2034170854271355,
        "droplet_diameter": 0.18686934673366834,
        "contact_angle": 21.73969849246231,
        "fiber_rotation": 10.854271356783919
    },
    "mechanical_parameters": {
        "interface_friction": 0.0,
        "GI": 0.0015,
        "GII,GIII": 0.3,
        "tI=tII=tIII": 1.3,
        "blade_friction": 0.6
    }
}
