{
    "geometrical_parameters": {
        "fiber_diameter": 0.02201803607214429,
        "blade_distance": 0.34913827655310625,
        "elliptical_fiber_ratio": 2.370741482965932,
        "ratio_droplet_embedded_length": 1.413306613226453,
        "droplet_diameter": 0.1924188376753507,
        "contact_angle": 30.579559118236467,
        "fiber_rotation": 71.2424849699399
    },
    "mechanical_parameters": {
        "interface_friction": 0.0,
        "tI": 1,
        "tII,tIII": 1.3,
        "GI": 0.01,
        "GII,GIII": 0.15,
        "blade_friction": 0.6
    }
}
