{
    "geometrical_parameters": {
        "fiber_diameter": 0.021,
        "blade_distance": 0.15,
        "elliptical_fiber_ratio": 1.0,
        "ratio_droplet_embedded_length": 1.36,
        "droplet_diameter": 0.162,
        "contact_angle": 25.7,
        "fiber_rotation": 0
    },
    "mechanical_parameters": {
        "interface_friction": 0.3531772575250836,
        "tI": 1.4250836120401338,
        "tII,tIII": 1.8444816053511703,
        "GI": 0.041063545150501674,
        "GII,GIII": 0.4885284280936455,
        "blade_friction": 0.545819397993311
    }
}
