{
    "geometrical_parameters": {
        "fiber_diameter": 0.022632107023411372,
        "blade_distance": 0.6454849498327759,
        "elliptical_fiber_ratio": 2.819397993311037,
        "ratio_droplet_embedded_length": 1.1878260869565216,
        "droplet_diameter": 0.21764882943143815,
        "contact_angle": 17.529096989966554,
        "fiber_rotation": 15.652173913043478
    },
    "mechanical_parameters": {
        "interface_friction": 0.0,
        "GI": 0.0015,
        "GII,GIII": 0.3,
        "tI=tII=tIII": 1.3,
        "blade_friction": 0.6
    }
}
