{
    "geometrical_parameters": {
        "fiber_diameter": 0.021,
        "blade_distance": 0.042,
        "elliptical_fiber_ratio": 1.0,
        "ratio_droplet_embedded_length": 1.36,
        "droplet_diameter": 0.162,
        "contact_angle": 25.7,
        "fiber_rotation": 0
    },
    "mechanical_parameters": {
        "interface_friction": 0.2862876254180602,
        "GI": 0.05397658862876254,
        "GII,GIII": 0.13454849498327756,
        "tI=tII=tIII": 1.3729096989966556,
        "blade_friction": 0.19799331103678933
    }
}
