{
    "geometrical_parameters": {
        "fiber_diameter": 0.023316633266533063,
        "blade_distance": 0.3087374749498998,
        "elliptical_fiber_ratio": 1.4869739478957915,
        "ratio_droplet_embedded_length": 1.2651703406813626,
        "droplet_diameter": 0.13127655310621245,
        "contact_angle": 13.63567134268537,
        "fiber_rotation": 1.442885771543086
    },
    "mechanical_parameters": {
        "interface_friction": 0.0,
        "tI": 1,
        "tII,tIII": 1.3,
        "GI": 0.01,
        "GII,GIII": 0.15,
        "blade_friction": 0.6
    }
}
