{
    "geometrical_parameters": {
        "fiber_diameter": 0.020645484949832777,
        "blade_distance": 0.4628762541806021,
        "elliptical_fiber_ratio": 1.0903010033444815,
        "ratio_droplet_embedded_length": 1.36,
        "droplet_diameter": 0.162,
        "contact_angle": 25.7,
        "fiber_rotation": 0
    },
    "mechanical_parameters": {
        "interface_friction": 0.0,
        "GI": 0.0015,
        "GII,GIII": 0.23287625418060198,
        "blade_friction": 0.0,
        "tI=tII=tIII": 1.5936454849498327
    }
}
