{
    "geometrical_parameters": {
        "fiber_diameter": 0.02353306613226453,
        "blade_distance": 0.5468937875751503,
        "elliptical_fiber_ratio": 2.109218436873747,
        "ratio_droplet_embedded_length": 1.4729458917835672,
        "droplet_diameter": 0.14372144288577154,
        "contact_angle": 25.26452905811623,
        "fiber_rotation": 60.24048096192385
    },
    "mechanical_parameters": {
        "interface_friction": 0.0,
        "tI": 1,
        "tII,tIII": 1.3,
        "GI": 0.015,
        "GII,GIII": 0.1,
        "blade_friction": 0.6
    }
}
