{
    "geometrical_parameters": {
        "fiber_diameter": 0.01908026755852843,
        "blade_distance": 0.37759197324414717,
        "elliptical_fiber_ratio": 1.983277591973244,
        "ratio_droplet_embedded_length": 1.36,
        "droplet_diameter": 0.162,
        "contact_angle": 25.7,
        "fiber_rotation": 0
    },
    "mechanical_parameters": {
        "interface_friction": 0.0,
        "GI": 0.0015,
        "GII,GIII": 0.14438127090301003,
        "blade_friction": 0.0,
        "tI=tII=tIII": 0.9113712374581939
    }
}
