{
    "geometrical_parameters": {
        "fiber_diameter": 0.021,
        "blade_distance": 0.15,
        "elliptical_fiber_ratio": 1.0,
        "ratio_droplet_embedded_length": 1.36,
        "droplet_diameter": 0.162,
        "contact_angle": 25.7,
        "fiber_rotation": 0
    },
    "mechanical_parameters": {
        "interface_friction": 0.3451505016722408,
        "tI": 0.24046822742474916,
        "tII,tIII": 0.9163879598662208,
        "GI": 0.004311036789297659,
        "GII,GIII": 0.1591304347826087,
        "blade_friction": 0.14983277591973246
    }
}
