{
    "geometrical_parameters": {
        "fiber_diameter": 0.021,
        "blade_distance": 0.042,
        "elliptical_fiber_ratio": 1.0,
        "ratio_droplet_embedded_length": 1.36,
        "droplet_diameter": 0.162,
        "contact_angle": 25.7,
        "fiber_rotation": 0
    },
    "mechanical_parameters": {
        "interface_friction": 0.17123745819397995,
        "GI": 0.007290969899665552,
        "GII,GIII": 0.3574247491638796,
        "tI=tII=tIII": 1.7190635451505016,
        "blade_friction": 0.5806020066889633
    }
}
