{
    "geometrical_parameters": {
        "fiber_diameter": 0.014272727272727272,
        "blade_distance": 0.0631107067374975,
        "elliptical_fiber_ratio": 1.4848484848484849,
        "ratio_droplet_embedded_length": 1.1761616161616162,
        "droplet_diameter": 0.21663636363636365,
        "contact_angle": 27.983838383838382,
        "fiber_rotation": 78.18181818181819
    },
    "mechanical_parameters": {
        "interface_friction": 0.0,
        "GI": 0.015,
        "GII,GIII": 0.3,
        "tI=tII=tIII": 1.3,
        "blade_friction": 0.6
    }
}
