{
    "geometrical_parameters": {
        "fiber_diameter": 0.020464882943143813,
        "blade_distance": 0.33244147157190634,
        "elliptical_fiber_ratio": 2.1036789297658864,
        "ratio_droplet_embedded_length": 1.1824749163879598,
        "droplet_diameter": 0.21403678929765887,
        "contact_angle": 22.113043478260867,
        "fiber_rotation": 78.26086956521739
    },
    "mechanical_parameters": {
        "interface_friction": 0.0,
        "tI": 1,
        "tII,tIII": 1.3,
        "GI": 0.01,
        "GII,GIII": 0.15,
        "blade_friction": 0.8
    }
}
