{
    "geometrical_parameters": {
        "fiber_diameter": 0.02690635451505017,
        "blade_distance": 0.4377926421404682,
        "elliptical_fiber_ratio": 1.887959866220736,
        "ratio_droplet_embedded_length": 1.209230769230769,
        "droplet_diameter": 0.1264448160535117,
        "contact_angle": 21.041471571906353,
        "fiber_rotation": 5.719063545150502
    },
    "mechanical_parameters": {
        "interface_friction": 0.0,
        "tI": 1,
        "tII,tIII": 1.3,
        "GI": 0.01,
        "GII,GIII": 0.15,
        "blade_friction": 0.8
    }
}
