{
    "geometrical_parameters": {
        "fiber_diameter": 0.021,
        "blade_distance": 0.042,
        "elliptical_fiber_ratio": 1.0,
        "ratio_droplet_embedded_length": 1.36,
        "droplet_diameter": 0.162,
        "contact_angle": 25.7,
        "fiber_rotation": 0
    },
    "mechanical_parameters": {
        "interface_friction": 0.6501672240802676,
        "GI": 0.09106020066889632,
        "GII,GIII": 0.30334448160535116,
        "tI=tII=tIII": 0.9063545150501671,
        "blade_friction": 0.14448160535117055
    }
}
