{
    "geometrical_parameters": {
        "fiber_diameter": 0.021,
        "blade_distance": 0.15,
        "elliptical_fiber_ratio": 1.0,
        "ratio_droplet_embedded_length": 1.36,
        "droplet_diameter": 0.162,
        "contact_angle": 25.7,
        "fiber_rotation": 0
    },
    "mechanical_parameters": {
        "interface_friction": 0.6073578595317726,
        "tI": 0.2966555183946489,
        "tII,tIII": 2.0,
        "GI": 0.08675585284280937,
        "GII,GIII": 0.39839464882943143,
        "blade_friction": 0.17123745819397995
    }
}
