{
    "geometrical_parameters": {
        "fiber_diameter": 0.028230769230769233,
        "blade_distance": 0.31070234113712375,
        "elliptical_fiber_ratio": 1.4464882943143813,
        "ratio_droplet_embedded_length": 1.2606020066889632,
        "droplet_diameter": 0.15579264214046823,
        "contact_angle": 17.648160535117057,
        "fiber_rotation": 36.42140468227424
    },
    "mechanical_parameters": {
        "interface_friction": 0.0,
        "GI": 0.0015,
        "GII,GIII": 0.3,
        "tI=tII=tIII": 1.3,
        "blade_friction": 0.6
    }
}
