{
    "geometrical_parameters": {
        "fiber_diameter": 0.02696655518394649,
        "elliptical_fiber_ratio": 1.0,
        "blade_distance": 0.15183946488294314,
        "ratio_droplet_embedded_length": 1.36,
        "droplet_diameter": 0.13457190635451505,
        "contact_angle": 25.7,
        "fiber_rotation": 0
    },
    "mechanical_parameters": {
        "interface_friction": 0.0,
        "GI": 0.0015,
        "GII,GIII": 0.12307692307692307,
        "blade_friction": 0.0,
        "tI=tII=tIII": 1.81438127090301
    }
}
