{
    "geometrical_parameters": {
        "fiber_diameter": 0.021,
        "blade_distance": 0.15,
        "elliptical_fiber_ratio": 1.0,
        "ratio_droplet_embedded_length": 1.36,
        "droplet_diameter": 0.162,
        "contact_angle": 25.7,
        "fiber_rotation": 0
    },
    "mechanical_parameters": {
        "interface_friction": 0.7464882943143814,
        "GI": 0.09503344481605351,
        "GII,GIII": 0.27220735785953176,
        "tI=tII=tIII": 1.031772575250836,
        "blade_friction": 0.6474916387959867
    }
}
