{
    "geometrical_parameters": {
        "fiber_diameter": 0.021,
        "blade_distance": 0.15,
        "elliptical_fiber_ratio": 1.0,
        "ratio_droplet_embedded_length": 1.36,
        "droplet_diameter": 0.162,
        "contact_angle": 25.7,
        "fiber_rotation": 0
    },
    "mechanical_parameters": {
        "interface_friction": 0.6073578595317726,
        "GI": 0.08609364548494984,
        "GII,GIII": 0.06735785953177256,
        "tI=tII=tIII": 1.4431438127090301,
        "blade_friction": 0.04280936454849498
    }
}
