{
    "geometrical_parameters": {
        "fiber_diameter": 0.013060200668896321,
        "blade_distance": 0.5782608695652174,
        "elliptical_fiber_ratio": 2.0434782608695654,
        "ratio_droplet_embedded_length": 1.36,
        "droplet_diameter": 0.162,
        "contact_angle": 25.7,
        "fiber_rotation": 0
    },
    "mechanical_parameters": {
        "interface_friction": 0.0,
        "GI": 0.0015,
        "GII,GIII": 0.04277591973244148,
        "blade_friction": 0.0,
        "tI=tII=tIII": 1.192307692307692
    }
}
