{
    "geometrical_parameters": {
        "fiber_diameter": 0.021,
        "blade_distance": 0.15,
        "elliptical_fiber_ratio": 1.0,
        "ratio_droplet_embedded_length": 1.36,
        "droplet_diameter": 0.162,
        "contact_angle": 25.7,
        "fiber_rotation": 0
    },
    "mechanical_parameters": {
        "interface_friction": 0.14715719063545152,
        "GI": 0.023183946488294315,
        "GII,GIII": 0.4672240802675585,
        "tI=tII=tIII": 1.794314381270903,
        "blade_friction": 0.1525083612040134
    }
}
