{
    "geometrical_parameters": {
        "fiber_diameter": 0.030170340681362727,
        "elliptical_fiber_ratio": 1.0,
        "blade_distance": 0.5268537074148296,
        "ratio_droplet_embedded_length": 1.36,
        "droplet_diameter": 0.1131503006012024,
        "contact_angle": 25.7,
        "fiber_rotation": 0
    },
    "mechanical_parameters": {
        "interface_friction": 0.0,
        "GI": 0.0015,
        "GII,GIII": 0.42635270541082165,
        "blade_friction": 0.0,
        "tI=tII=tIII": 1.7625250501002003
    }
}
