{
    "geometrical_parameters": {
        "fiber_diameter": 0.028195979899497486,
        "blade_distance": 0.33567839195979904,
        "elliptical_fiber_ratio": 1.864321608040201,
        "ratio_droplet_embedded_length": 1.2998994974874372,
        "droplet_diameter": 0.16312562814070353,
        "contact_angle": 15.031155778894473,
        "fiber_rotation": 64.67336683417085
    },
    "mechanical_parameters": {
        "interface_friction": 0.0,
        "GI": 0.0015,
        "GII,GIII": 0.3,
        "tI=tII=tIII": 1.3,
        "blade_friction": 0.6
    }
}
