{
    "geometrical_parameters": {
        "fiber_diameter": 0.0163186372745491,
        "blade_distance": 0.35350701402805607,
        "elliptical_fiber_ratio": 1.4478957915831663,
        "ratio_droplet_embedded_length": 1.4607615230460922,
        "droplet_diameter": 0.1545430861723447,
        "contact_angle": 14.777154308617234,
        "fiber_rotation": 29.03807615230461
    },
    "mechanical_parameters": {
        "interface_friction": 0.0,
        "tI": 1,
        "tII,tIII": 1.3,
        "GI": 0.015,
        "GII,GIII": 0.1,
        "blade_friction": 0.6
    }
}
