{
    "geometrical_parameters": {
        "fiber_diameter": 0.02744816053511706,
        "blade_distance": 0.10334448160535117,
        "elliptical_fiber_ratio": 2.379598662207358,
        "ratio_droplet_embedded_length": 1.36,
        "droplet_diameter": 0.162,
        "contact_angle": 25.7,
        "fiber_rotation": 45
    },
    "mechanical_parameters": {
        "interface_friction": 0.0,
        "GI": 0.0015,
        "GII,GIII": 0.4295317725752509,
        "blade_friction": 0.0,
        "tI=tII=tIII": 0.8762541806020067
    }
}
