{
    "geometrical_parameters": {
        "fiber_diameter": 0.016346733668341707,
        "blade_distance": 0.3417085427135679,
        "elliptical_fiber_ratio": 1.020100502512563,
        "ratio_droplet_embedded_length": 1.4623115577889447,
        "droplet_diameter": 0.10546231155778894,
        "contact_angle": 25.4964824120603,
        "fiber_rotation": 80.05025125628141
    },
    "mechanical_parameters": {
        "interface_friction": 0.0,
        "GI": 0.0015,
        "GII,GIII": 0.3,
        "tI=tII=tIII": 1.3,
        "blade_friction": 0.6
    }
}
