{
    "geometrical_parameters": {
        "fiber_diameter": 0.029376753507014026,
        "blade_distance": 0.10871307922369638,
        "elliptical_fiber_ratio": 1.100200400801603,
        "ratio_droplet_embedded_length": 1.2440080160320641,
        "droplet_diameter": 0.13993386773547095,
        "contact_angle": 14.277755511022043,
        "fiber_rotation": 7.214428857715431
    },
    "mechanical_parameters": {
        "interface_friction": 0.5418837675350702,
        "GI": 0.05000400801603207,
        "GII,GIII": 0.4127454909819639,
        "tI=tII=tIII": 1.8166332665330662,
        "blade_friction": 0.1490981963927856
    }
}
