{
    "geometrical_parameters": {
        "fiber_diameter": 0.022571906354515052,
        "blade_distance": 0.28394648829431435,
        "elliptical_fiber_ratio": 1.1755852842809364,
        "ratio_droplet_embedded_length": 1.3130434782608695,
        "droplet_diameter": 0.22622742474916388,
        "contact_angle": 26.220735785953174,
        "fiber_rotation": 52.675585284280935
    },
    "mechanical_parameters": {
        "interface_friction": 0.0,
        "tI": 1,
        "tII,tIII": 1.3,
        "GI": 0.01,
        "GII,GIII": 0.15,
        "blade_friction": 0.8
    }
}
