{
    "geometrical_parameters": {
        "fiber_diameter": 0.021,
        "blade_distance": 0.15,
        "elliptical_fiber_ratio": 1.0,
        "ratio_droplet_embedded_length": 1.36,
        "droplet_diameter": 0.162,
        "contact_angle": 25.7,
        "fiber_rotation": 0
    },
    "mechanical_parameters": {
        "interface_friction": 0.43344481605351176,
        "GI": 0.08708695652173913,
        "GII,GIII": 0.036220735785953175,
        "tI=tII=tIII": 0.580267558528428,
        "blade_friction": 0.334448160535117
    }
}
