{
    "geometrical_parameters": {
        "fiber_diameter": 0.023294314381270904,
        "elliptical_fiber_ratio": 1.0,
        "blade_distance": 0.40267558528428093,
        "ratio_droplet_embedded_length": 1.36,
        "droplet_diameter": 0.20094314381270906,
        "contact_angle": 25.7,
        "fiber_rotation": 0
    },
    "mechanical_parameters": {
        "interface_friction": 0.0,
        "GI": 0.0015,
        "GII,GIII": 0.2935117056856187,
        "blade_friction": 0.0,
        "tI=tII=tIII": 1.779264214046823
    }
}
