{
    "geometrical_parameters": {
        "fiber_diameter": 0.022812709030100332,
        "blade_distance": 0.4494983277591973,
        "elliptical_fiber_ratio": 2.3645484949832776,
        "ratio_droplet_embedded_length": 1.3280267558528427,
        "droplet_diameter": 0.1878494983277592,
        "contact_angle": 28.423411371237457,
        "fiber_rotation": 70.13377926421406
    },
    "mechanical_parameters": {
        "interface_friction": 0.0,
        "GI": 0.0015,
        "GII,GIII": 0.3,
        "tI=tII=tIII": 1.3,
        "blade_friction": 0.6
    }
}
