{
    "geometrical_parameters": {
        "fiber_diameter": 0.02142809364548495,
        "blade_distance": 0.45451505016722404,
        "elliptical_fiber_ratio": 2.153846153846154,
        "ratio_droplet_embedded_length": 1.36,
        "droplet_diameter": 0.162,
        "contact_angle": 25.7,
        "fiber_rotation": 45
    },
    "mechanical_parameters": {
        "interface_friction": 0.0,
        "GI": 0.0015,
        "GII,GIII": 0.4442809364548495,
        "blade_friction": 0.0,
        "tI=tII=tIII": 1.4531772575250836
    }
}
