{
    "geometrical_parameters": {
        "fiber_diameter": 0.019561872909698998,
        "elliptical_fiber_ratio": 1.0,
        "blade_distance": 0.3842809364548495,
        "ratio_droplet_embedded_length": 1.36,
        "droplet_diameter": 0.18514046822742475,
        "contact_angle": 25.7,
        "fiber_rotation": 0
    },
    "mechanical_parameters": {
        "interface_friction": 0.0,
        "GI": 0.0015,
        "GII,GIII": 0.34595317725752506,
        "blade_friction": 0.0,
        "tI=tII=tIII": 0.6103678929765887
    }
}
