{
    "geometrical_parameters": {
        "fiber_diameter": 0.014324414715719063,
        "blade_distance": 0.5377926421404683,
        "elliptical_fiber_ratio": 1.2073578595317727,
        "ratio_droplet_embedded_length": 1.365484949832776,
        "droplet_diameter": 0.21629431438127092,
        "contact_angle": 27.23277591973244,
        "fiber_rotation": 83.6789297658863
    },
    "mechanical_parameters": {
        "interface_friction": 0.0,
        "GI": 0.0015,
        "GII,GIII": 0.3,
        "tI=tII=tIII": 1.3,
        "blade_friction": 0.6
    }
}
