{
    "geometrical_parameters": {
        "fiber_diameter": 0.014442885771543085,
        "elliptical_fiber_ratio": 1.0,
        "blade_distance": 0.4106212424849699,
        "ratio_droplet_embedded_length": 1.36,
        "droplet_diameter": 0.1261362725450902,
        "contact_angle": 25.7,
        "fiber_rotation": 0
    },
    "mechanical_parameters": {
        "interface_friction": 0.0,
        "GI": 0.0015,
        "GII,GIII": 0.21523046092184367,
        "blade_friction": 0.0,
        "tI=tII=tIII": 1.2124248496993988
    }
}
