{
    "geometrical_parameters": {
        "fiber_diameter": 0.019637274549098197,
        "blade_distance": 0.6476553106212425,
        "elliptical_fiber_ratio": 2.097194388777555,
        "ratio_droplet_embedded_length": 1.224128256513026,
        "droplet_diameter": 0.14723847695390782,
        "contact_angle": 17.309819639278555,
        "fiber_rotation": 27.414829659318638
    },
    "mechanical_parameters": {
        "interface_friction": 0.0,
        "tI": 1,
        "tII,tIII": 1.3,
        "GI": 0.01,
        "GII,GIII": 0.15,
        "blade_friction": 0.6
    }
}
