{
    "geometrical_parameters": {
        "fiber_diameter": 0.021008016032064127,
        "elliptical_fiber_ratio": 1.0,
        "blade_distance": 0.22625250501002003,
        "ratio_droplet_embedded_length": 1.36,
        "droplet_diameter": 0.18078557114228455,
        "contact_angle": 25.7,
        "fiber_rotation": 0
    },
    "mechanical_parameters": {
        "interface_friction": 0.0,
        "GI": 0.0015,
        "GII,GIII": 0.15925851703406813,
        "blade_friction": 0.0,
        "tI=tII=tIII": 0.8697394789579158
    }
}
