{
    "geometrical_parameters": {
        "fiber_diameter": 0.01934869739478958,
        "elliptical_fiber_ratio": 1.0,
        "blade_distance": 0.44268537074148295,
        "ratio_droplet_embedded_length": 1.36,
        "droplet_diameter": 0.16834068136272545,
        "contact_angle": 25.7,
        "fiber_rotation": 0
    },
    "mechanical_parameters": {
        "interface_friction": 0.0,
        "GI": 0.0015,
        "GII,GIII": 0.3870741482965932,
        "blade_friction": 0.0,
        "tI=tII=tIII": 0.9208416833667334
    }
}
