{
    "geometrical_parameters": {
        "fiber_diameter": 0.030036789297658864,
        "blade_distance": 0.4377926421404682,
        "elliptical_fiber_ratio": 2.028428093645485,
        "ratio_droplet_embedded_length": 1.36,
        "droplet_diameter": 0.162,
        "contact_angle": 25.7,
        "fiber_rotation": 45
    },
    "mechanical_parameters": {
        "interface_friction": 0.0,
        "GI": 0.0015,
        "GII,GIII": 0.0968561872909699,
        "blade_friction": 0.0,
        "tI=tII=tIII": 1.653846153846154
    }
}
