{
    "geometrical_parameters": {
        "fiber_diameter": 0.021,
        "blade_distance": 0.15,
        "elliptical_fiber_ratio": 1.0,
        "ratio_droplet_embedded_length": 1.36,
        "droplet_diameter": 0.162,
        "contact_angle": 25.7,
        "fiber_rotation": 0
    },
    "mechanical_parameters": {
        "interface_friction": 0.717056856187291,
        "GI": 0.03079933110367893,
        "GII,GIII": 0.22795986622073575,
        "tI=tII=tIII": 1.0468227424749164,
        "blade_friction": 0.07491638795986623
    }
}
