{
    "geometrical_parameters": {
        "fiber_diameter": 0.014839679358717434,
        "blade_distance": 0.13030060120240483,
        "elliptical_fiber_ratio": 1.7154308617234468,
        "ratio_droplet_embedded_length": 1.457555110220441,
        "droplet_diameter": 0.13398196392785572,
        "contact_angle": 16.48937875751503,
        "fiber_rotation": 9.37875751503006
    },
    "mechanical_parameters": {
        "interface_friction": 0.0,
        "tI": 1,
        "tII,tIII": 1.3,
        "GI": 0.01,
        "GII,GIII": 0.15,
        "blade_friction": 0.6
    }
}
