{
    "geometrical_parameters": {
        "fiber_diameter": 0.026304347826086958,
        "elliptical_fiber_ratio": 1.0,
        "blade_distance": 0.16521739130434782,
        "ratio_droplet_embedded_length": 1.36,
        "droplet_diameter": 0.20997324414715718,
        "contact_angle": 25.7,
        "fiber_rotation": 0
    },
    "mechanical_parameters": {
        "interface_friction": 0.0,
        "GI": 0.0015,
        "GII,GIII": 0.43936454849498335,
        "blade_friction": 0.0,
        "tI=tII=tIII": 0.8762541806020067
    }
}
