{
    "geometrical_parameters": {
        "fiber_diameter": 0.01811705685618729,
        "blade_distance": 0.30401337792642136,
        "elliptical_fiber_ratio": 1.9080267558528428,
        "ratio_droplet_embedded_length": 1.2723745819397994,
        "droplet_diameter": 0.20365217391304347,
        "contact_angle": 30.328428093645485,
        "fiber_rotation": 73.7458193979933
    },
    "mechanical_parameters": {
        "interface_friction": 0.0,
        "tI": 1,
        "tII,tIII": 1.3,
        "GI": 0.01,
        "GII,GIII": 0.15,
        "blade_friction": 0.8
    }
}
