{
    "geometrical_parameters": {
        "fiber_diameter": 0.02863636363636364,
        "blade_distance_ratio_to_fiber_diameter": 4.583333333333333,
        "elliptical_fiber_ratio": 2.070707070707071,
        "ratio_droplet_embedded_length": 1.3313131313131312,
        "droplet_diameter": 0.17981818181818182,
        "contact_angle": 13.6,
        "fiber_rotation": 73.63636363636363
    },
    "mechanical_parameters": {
        "interface_friction": 0.0,
        "GI": 0.015,
        "GII,GIII": 0.3,
        "tI=tII=tIII": 1.3,
        "blade_friction": 0.6
    }
}
