{
    "geometrical_parameters": {
        "fiber_diameter": 0.02663636363636364,
        "blade_distance": 0.09916503473366176,
        "elliptical_fiber_ratio": 1.8888888888888888,
        "ratio_droplet_embedded_length": 1.1987878787878787,
        "droplet_diameter": 0.15663636363636363,
        "contact_angle": 18.274747474747475,
        "fiber_rotation": 47.27272727272728
    },
    "mechanical_parameters": {
        "interface_friction": 0.0,
        "GI": 0.015,
        "GII,GIII": 0.3,
        "tI=tII=tIII": 1.3,
        "blade_friction": 0.6
    }
}
