{
    "geometrical_parameters": {
        "fiber_diameter": 0.021,
        "blade_distance": 0.15,
        "elliptical_fiber_ratio": 1.0,
        "ratio_droplet_embedded_length": 1.36,
        "droplet_diameter": 0.162,
        "contact_angle": 25.7,
        "fiber_rotation": 0
    },
    "mechanical_parameters": {
        "interface_friction": 0.17391304347826086,
        "GI": 0.053314381270903016,
        "GII,GIII": 0.23287625418060198,
        "tI=tII=tIII": 1.1421404682274248,
        "blade_friction": 0.7545150501672242
    }
}
