{
    "geometrical_parameters": {
        "fiber_diameter": 0.021,
        "blade_distance": 0.042,
        "elliptical_fiber_ratio": 1.0,
        "ratio_droplet_embedded_length": 1.36,
        "droplet_diameter": 0.162,
        "contact_angle": 25.7,
        "fiber_rotation": 0
    },
    "mechanical_parameters": {
        "interface_friction": 0.26488294314381267,
        "GI": 0.07284949832775921,
        "GII,GIII": 0.0837458193979933,
        "tI=tII=tIII": 1.5434782608695652,
        "blade_friction": 0.43879598662207364
    }
}
