{
    "geometrical_parameters": {
        "fiber_diameter": 0.01572727272727273,
        "blade_distance_ratio_to_fiber_diameter": 1.8181818181818183,
        "elliptical_fiber_ratio": 2.5555555555555554,
        "ratio_droplet_embedded_length": 1.2084848484848485,
        "droplet_diameter": 0.2289090909090909,
        "contact_angle": 17.555555555555554,
        "fiber_rotation": 65.45454545454545
    },
    "mechanical_parameters": {
        "interface_friction": 0.0,
        "GI": 0.015,
        "GII,GIII": 0.3,
        "tI=tII=tIII": 1.3,
        "blade_friction": 0.6
    }
}
