{
    "geometrical_parameters": {
        "fiber_diameter": 0.01972727272727273,
        "blade_distance_ratio_to_fiber_diameter": 2.7272727272727275,
        "elliptical_fiber_ratio": 2.8181818181818183,
        "ratio_droplet_embedded_length": 1.467070707070707,
        "droplet_diameter": 0.1470909090909091,
        "contact_angle": 14.498989898989898,
        "fiber_rotation": 4.545454545454546
    },
    "mechanical_parameters": {
        "interface_friction": 0.0,
        "GI": 0.015,
        "GII,GIII": 0.3,
        "tI=tII=tIII": 1.3,
        "blade_friction": 0.6
    }
}
