{
    "geometrical_parameters": {
        "fiber_diameter": 0.025985971943887777,
        "elliptical_fiber_ratio": 1.0,
        "blade_distance": 0.45470941883767535,
        "ratio_droplet_embedded_length": 1.36,
        "droplet_diameter": 0.15697795591182365,
        "contact_angle": 25.7,
        "fiber_rotation": 0
    },
    "mechanical_parameters": {
        "interface_friction": 0.0,
        "GI": 0.0015,
        "GII,GIII": 0.35172344689378754,
        "blade_friction": 0.0,
        "tI=tII=tIII": 1.540080160320641
    }
}
