{
    "geometrical_parameters": {
        "fiber_diameter": 0.02883277591973244,
        "blade_distance": 0.568227424749164,
        "elliptical_fiber_ratio": 2.016722408026756,
        "ratio_droplet_embedded_length": 1.2702341137123745,
        "droplet_diameter": 0.17927090301003346,
        "contact_angle": 23.83946488294314,
        "fiber_rotation": 85.78595317725753
    },
    "mechanical_parameters": {
        "interface_friction": 0.0,
        "GI": 0.0015,
        "GII,GIII": 0.3,
        "tI=tII=tIII": 1.3,
        "blade_friction": 0.6
    }
}
