{
    "geometrical_parameters": {
        "fiber_diameter": 0.021,
        "blade_distance": 0.15,
        "elliptical_fiber_ratio": 1.0,
        "ratio_droplet_embedded_length": 1.36,
        "droplet_diameter": 0.162,
        "contact_angle": 25.7,
        "fiber_rotation": 0
    },
    "mechanical_parameters": {
        "interface_friction": 0.208695652173913,
        "GI": 0.03079933110367893,
        "GII,GIII": 0.30662207357859533,
        "tI=tII=tIII": 0.8010033444816054,
        "blade_friction": 0.47357859531772584
    }
}
