{
    "geometrical_parameters": {
        "fiber_diameter": 0.015769230769230768,
        "blade_distance": 0.5983277591973244,
        "elliptical_fiber_ratio": 1.2959866220735785,
        "ratio_droplet_embedded_length": 1.1974581939799331,
        "droplet_diameter": 0.2320969899665552,
        "contact_angle": 17.1123745819398,
        "fiber_rotation": 11.438127090301004
    },
    "mechanical_parameters": {
        "interface_friction": 0.0,
        "GI": 0.0015,
        "GII,GIII": 0.3,
        "tI=tII=tIII": 1.3,
        "blade_friction": 0.6
    }
}
