{
    "geometrical_parameters": {
        "fiber_diameter": 0.021,
        "blade_distance": 0.042,
        "elliptical_fiber_ratio": 1.0,
        "ratio_droplet_embedded_length": 1.36,
        "droplet_diameter": 0.162,
        "contact_angle": 25.7,
        "fiber_rotation": 0
    },
    "mechanical_parameters": {
        "interface_friction": 0.5966555183946489,
        "GI": 0.04305016722408027,
        "GII,GIII": 0.33120401337792643,
        "tI=tII=tIII": 1.387959866220736,
        "blade_friction": 0.39063545150501666
    }
}
