{
    "geometrical_parameters": {
        "fiber_diameter": 0.021729096989966556,
        "blade_distance": 0.7812709030100335,
        "elliptical_fiber_ratio": 2.5250836120401337,
        "ratio_droplet_embedded_length": 1.1867558528428093,
        "droplet_diameter": 0.16211371237458194,
        "contact_angle": 14.671571906354515,
        "fiber_rotation": 16.555183946488295
    },
    "mechanical_parameters": {
        "interface_friction": 0.0,
        "GI": 0.0015,
        "GII,GIII": 0.3,
        "tI=tII=tIII": 1.3,
        "blade_friction": 0.6
    }
}
