{
    "geometrical_parameters": {
        "fiber_diameter": 0.015528428093645484,
        "elliptical_fiber_ratio": 1.0,
        "blade_distance": 0.3859531772575251,
        "ratio_droplet_embedded_length": 1.36,
        "droplet_diameter": 0.10928762541806021,
        "contact_angle": 25.7,
        "fiber_rotation": 0
    },
    "mechanical_parameters": {
        "interface_friction": 0.0,
        "GI": 0.0015,
        "GII,GIII": 0.478695652173913,
        "blade_friction": 0.0,
        "tI=tII=tIII": 0.6003344481605352
    }
}
