{
    "geometrical_parameters": {
        "fiber_diameter": 0.014444816053511705,
        "elliptical_fiber_ratio": 1.0,
        "blade_distance": 0.3759197324414716,
        "ratio_droplet_embedded_length": 1.36,
        "droplet_diameter": 0.2199063545150502,
        "contact_angle": 25.7,
        "fiber_rotation": 0
    },
    "mechanical_parameters": {
        "interface_friction": 0.0,
        "GI": 0.0015,
        "GII,GIII": 0.32956521739130434,
        "blade_friction": 0.0,
        "tI=tII=tIII": 0.5501672240802675
    }
}
