{
    "geometrical_parameters": {
        "fiber_diameter": 0.021,
        "blade_distance": 0.15,
        "elliptical_fiber_ratio": 1.0,
        "ratio_droplet_embedded_length": 1.36,
        "droplet_diameter": 0.162,
        "contact_angle": 25.7,
        "fiber_rotation": 0
    },
    "mechanical_parameters": {
        "interface_friction": 0.7785953177257526,
        "tI": 0.19832775919732443,
        "tII,tIII": 0.806020066889632,
        "GI": 0.03907692307692307,
        "GII,GIII": 0.12471571906354513,
        "blade_friction": 0.3558528428093646
    }
}
