{
    "geometrical_parameters": {
        "fiber_diameter": 0.03075919732441472,
        "elliptical_fiber_ratio": 1.0,
        "blade_distance": 0.4695652173913043,
        "ratio_droplet_embedded_length": 1.36,
        "droplet_diameter": 0.12870234113712375,
        "contact_angle": 25.7,
        "fiber_rotation": 0
    },
    "mechanical_parameters": {
        "interface_friction": 0.0,
        "GI": 0.0015,
        "GII,GIII": 0.14929765886287627,
        "blade_friction": 0.0,
        "tI=tII=tIII": 1.5936454849498327
    }
}
