{
    "geometrical_parameters": {
        "fiber_diameter": 0.02714715719063545,
        "blade_distance": 0.5615384615384615,
        "elliptical_fiber_ratio": 1.7926421404682276,
        "ratio_droplet_embedded_length": 1.36,
        "droplet_diameter": 0.162,
        "contact_angle": 25.7,
        "fiber_rotation": 45
    },
    "mechanical_parameters": {
        "interface_friction": 0.0,
        "GI": 0.0015,
        "GII,GIII": 0.3623411371237458,
        "blade_friction": 0.0,
        "tI=tII=tIII": 1.648829431438127
    }
}
