{
    "geometrical_parameters": {
        "fiber_diameter": 0.027284569138276555,
        "blade_distance": 0.11346693386773549,
        "elliptical_fiber_ratio": 2.4789579158316633,
        "ratio_droplet_embedded_length": 1.2375951903807614,
        "droplet_diameter": 0.22380160320641285,
        "contact_angle": 14.491783567134268,
        "fiber_rotation": 69.43887775551102
    },
    "mechanical_parameters": {
        "interface_friction": 0.0,
        "tI": 1,
        "tII,tIII": 1.3,
        "GI": 0.01,
        "GII,GIII": 0.15,
        "blade_friction": 0.6
    }
}
