{
    "geometrical_parameters": {
        "fiber_diameter": 0.01577755511022044,
        "blade_distance": 0.44452905811623256,
        "elliptical_fiber_ratio": 1.5260521042084167,
        "ratio_droplet_embedded_length": 1.2106613226452905,
        "droplet_diameter": 0.20053507014028057,
        "contact_angle": 16.025651302605212,
        "fiber_rotation": 33.547094188376754
    },
    "mechanical_parameters": {
        "interface_friction": 0.0,
        "tI": 1,
        "tII,tIII": 1.3,
        "GI": 0.01,
        "GII,GIII": 0.15,
        "blade_friction": 0.6
    }
}
