{
    "geometrical_parameters": {
        "fiber_diameter": 0.017076152304609217,
        "blade_distance": 0.14937875751503008,
        "elliptical_fiber_ratio": 2.2054108216432864,
        "ratio_droplet_embedded_length": 1.4421643286573147,
        "droplet_diameter": 0.18998396793587174,
        "contact_angle": 31.257314629258516,
        "fiber_rotation": 31.743486973947896
    },
    "mechanical_parameters": {
        "interface_friction": 0.0,
        "tI": 1,
        "tII,tIII": 1.3,
        "GI": 0.01,
        "GII,GIII": 0.15,
        "blade_friction": 0.6
    }
}
