{
    "geometrical_parameters": {
        "fiber_diameter": 0.02209090909090909,
        "blade_distance_ratio_to_fiber_diameter": 2.462121212121212,
        "elliptical_fiber_ratio": 2.717171717171717,
        "ratio_droplet_embedded_length": 1.2634343434343434,
        "droplet_diameter": 0.128,
        "contact_angle": 19.713131313131314,
        "fiber_rotation": 76.36363636363636
    },
    "mechanical_parameters": {
        "interface_friction": 0.0,
        "GI": 0.015,
        "GII,GIII": 0.3,
        "tI=tII=tIII": 1.3,
        "blade_friction": 0.6
    }
}
