{
    "geometrical_parameters": {
        "fiber_diameter": 0.024090909090909093,
        "blade_distance": 0.08682059926275149,
        "elliptical_fiber_ratio": 2.8181818181818183,
        "ratio_droplet_embedded_length": 1.4412121212121212,
        "droplet_diameter": 0.16072727272727272,
        "contact_angle": 21.33131313131313,
        "fiber_rotation": 33.63636363636363
    },
    "mechanical_parameters": {
        "interface_friction": 0.0,
        "GI": 0.015,
        "GII,GIII": 0.3,
        "tI=tII=tIII": 1.3,
        "blade_friction": 0.6
    }
}
