{
    "geometrical_parameters": {
        "fiber_diameter": 0.016130434782608696,
        "blade_distance": 0.4612040133779265,
        "elliptical_fiber_ratio": 1.7876254180602005,
        "ratio_droplet_embedded_length": 1.3194648829431437,
        "droplet_diameter": 0.1594046822742475,
        "contact_angle": 15.326421404682273,
        "fiber_rotation": 5.117056856187291
    },
    "mechanical_parameters": {
        "interface_friction": 0.0,
        "GI": 0.0015,
        "GII,GIII": 0.3,
        "tI=tII=tIII": 1.3,
        "blade_friction": 0.6
    }
}
