{
    "geometrical_parameters": {
        "fiber_diameter": 0.014947895791583166,
        "elliptical_fiber_ratio": 1.0,
        "blade_distance": 0.26533066132264527,
        "ratio_droplet_embedded_length": 1.36,
        "droplet_diameter": 0.13398196392785572,
        "contact_angle": 25.7,
        "fiber_rotation": 0
    },
    "mechanical_parameters": {
        "interface_friction": 0.0,
        "GI": 0.0015,
        "GII,GIII": 0.3939478957915832,
        "blade_friction": 0.0,
        "tI=tII=tIII": 0.7585170340681362
    }
}
