{
    "geometrical_parameters": {
        "fiber_diameter": 0.017093645484949835,
        "blade_distance": 0.5073578595317727,
        "elliptical_fiber_ratio": 2.9866220735785953,
        "ratio_droplet_embedded_length": 1.2477591973244146,
        "droplet_diameter": 0.17430434782608695,
        "contact_angle": 30.507023411371236,
        "fiber_rotation": 28.294314381270897
    },
    "mechanical_parameters": {
        "interface_friction": 0.0,
        "GI": 0.0015,
        "GII,GIII": 0.3,
        "tI=tII=tIII": 1.3,
        "blade_friction": 0.6
    }
}
