{
    "geometrical_parameters": {
        "fiber_diameter": 0.019961923847695393,
        "blade_distance": 0.2753507014028056,
        "elliptical_fiber_ratio": 2.0460921843687374,
        "ratio_droplet_embedded_length": 1.4639679358717435,
        "droplet_diameter": 0.22298997995991987,
        "contact_angle": 30.258517034068134,
        "fiber_rotation": 75.93186372745491
    },
    "mechanical_parameters": {
        "interface_friction": 0.0,
        "tI": 1,
        "tII,tIII": 1.3,
        "GI": 0.015,
        "GII,GIII": 0.1,
        "blade_friction": 0.6
    }
}
