{
    "geometrical_parameters": {
        "fiber_diameter": 0.027181818181818182,
        "blade_distance": 0.5242424242424243,
        "elliptical_fiber_ratio": 2.1515151515151514,
        "ratio_droplet_embedded_length": 1.3668686868686868,
        "droplet_diameter": 0.21663636363636365,
        "contact_angle": 27.444444444444443,
        "fiber_rotation": 38.18181818181818
    },
    "mechanical_parameters": {
        "interface_friction": 0.0,
        "tI": 0.5,
        "tII,tIII": 1.3,
        "GI": 0.3,
        "GII,GIII": 0.3,
        "blade_friction": 0.6
    }
}
