{
    "geometrical_parameters": {
        "fiber_diameter": 0.021969899665551837,
        "elliptical_fiber_ratio": 1.0,
        "blade_distance": 0.4160535117056856,
        "ratio_droplet_embedded_length": 1.36,
        "droplet_diameter": 0.12734782608695652,
        "contact_angle": 25.7,
        "fiber_rotation": 0
    },
    "mechanical_parameters": {
        "interface_friction": 0.0,
        "GI": 0.0015,
        "GII,GIII": 0.021471571906354514,
        "blade_friction": 0.0,
        "tI=tII=tIII": 1.0468227424749164
    }
}
