{
    "geometrical_parameters": {
        "fiber_diameter": 0.013937875751503006,
        "elliptical_fiber_ratio": 1.0,
        "blade_distance": 0.1440881763527054,
        "ratio_droplet_embedded_length": 1.36,
        "droplet_diameter": 0.2302945891783567,
        "contact_angle": 25.7,
        "fiber_rotation": 0
    },
    "mechanical_parameters": {
        "interface_friction": 0.0,
        "GI": 0.0015,
        "GII,GIII": 0.39002004008016034,
        "blade_friction": 0.0,
        "tI=tII=tIII": 1.6302605210420842
    }
}
