{
    "geometrical_parameters": {
        "fiber_diameter": 0.018014028056112224,
        "blade_distance": 0.2515030060120241,
        "elliptical_fiber_ratio": 1.565130260521042,
        "ratio_droplet_embedded_length": 1.1888577154308617,
        "droplet_diameter": 0.15508416833667335,
        "contact_angle": 20.199198396793584,
        "fiber_rotation": 69.25851703406813
    },
    "mechanical_parameters": {
        "interface_friction": 0.0,
        "tI": 1,
        "tII,tIII": 1.3,
        "GI": 0.01,
        "GII,GIII": 0.15,
        "blade_friction": 0.6
    }
}
