{
    "geometrical_parameters": {
        "fiber_diameter": 0.030638795986622072,
        "elliptical_fiber_ratio": 1.0,
        "blade_distance": 0.168561872909699,
        "ratio_droplet_embedded_length": 1.36,
        "droplet_diameter": 0.16753177257525087,
        "contact_angle": 25.7,
        "fiber_rotation": 0
    },
    "mechanical_parameters": {
        "interface_friction": 0.0,
        "GI": 0.0015,
        "GII,GIII": 0.29515050167224083,
        "blade_friction": 0.0,
        "tI=tII=tIII": 0.9113712374581939
    }
}
