{
    "geometrical_parameters": {
        "fiber_diameter": 0.021,
        "blade_distance": 0.15,
        "elliptical_fiber_ratio": 1.0,
        "ratio_droplet_embedded_length": 1.36,
        "droplet_diameter": 0.162,
        "contact_angle": 25.7,
        "fiber_rotation": 0
    },
    "mechanical_parameters": {
        "interface_friction": 0.07224080267558529,
        "tI": 1.148829431438127,
        "tII,tIII": 1.1471571906354514,
        "GI": 0.01325083612040134,
        "GII,GIII": 0.09193979933110369,
        "blade_friction": 0.5779264214046823
    }
}
