{
    "geometrical_parameters": {
        "fiber_diameter": 0.017,
        "blade_distance": 0.5747474747474748,
        "elliptical_fiber_ratio": 1.4696969696969697,
        "ratio_droplet_embedded_length": 1.3248484848484847,
        "droplet_diameter": 0.21800000000000003,
        "contact_angle": 26.905050505050504,
        "fiber_rotation": 36.36363636363637
    },
    "mechanical_parameters": {
        "interface_friction": 0.0,
        "GI": 0.0015,
        "GII,GIII": 0.15,
        "tI=tII=tIII": 1.25,
        "blade_friction": 0.6
    }
}
