{
    "geometrical_parameters": {
        "fiber_diameter": 0.02714715719063545,
        "blade_distance": 0.49632107023411376,
        "elliptical_fiber_ratio": 1.6421404682274248,
        "ratio_droplet_embedded_length": 1.402943143812709,
        "droplet_diameter": 0.10025752508361205,
        "contact_angle": 21.934448160535112,
        "fiber_rotation": 49.96655518394649
    },
    "mechanical_parameters": {
        "interface_friction": 0.0,
        "tI": 1,
        "tII,tIII": 1.3,
        "GI": 0.01,
        "GII,GIII": 0.15,
        "blade_friction": 0.8
    }
}
