{
    "geometrical_parameters": {
        "fiber_diameter": 0.02281818181818182,
        "blade_distance": 0.097505086782266,
        "elliptical_fiber_ratio": 2.6161616161616164,
        "ratio_droplet_embedded_length": 1.4282828282828284,
        "droplet_diameter": 0.1320909090909091,
        "contact_angle": 15.577777777777778,
        "fiber_rotation": 19.09090909090909
    },
    "mechanical_parameters": {
        "interface_friction": 0.0,
        "GI": 0.0015,
        "GII,GIII": 0.3,
        "tI=tII=tIII": 1.3,
        "blade_friction": 0.6
    }
}
