{
    "geometrical_parameters": {
        "fiber_diameter": 0.013842809364548495,
        "blade_distance": 0.788294314381271,
        "elliptical_fiber_ratio": 1.0735785953177257,
        "ratio_droplet_embedded_length": 1.4093645484949833,
        "droplet_diameter": 0.11199665551839466,
        "contact_angle": 17.88628762541806,
        "fiber_rotation": 59.29765886287626
    },
    "mechanical_parameters": {
        "interface_friction": 0.0,
        "GI": 0.0015,
        "GII,GIII": 0.3,
        "tI=tII=tIII": 1.3,
        "blade_friction": 0.6
    }
}
