{
    "geometrical_parameters": {
        "fiber_diameter": 0.013649298597194388,
        "blade_distance": 0.28336673346693386,
        "elliptical_fiber_ratio": 1.811623246492986,
        "ratio_droplet_embedded_length": 1.410741482965932,
        "droplet_diameter": 0.1439919839679359,
        "contact_angle": 19.4501002004008,
        "fiber_rotation": 59.51903807615231
    },
    "mechanical_parameters": {
        "interface_friction": 0.0,
        "tI": 1,
        "tII,tIII": 1.3,
        "GI": 0.015,
        "GII,GIII": 0.1,
        "blade_friction": 0.6
    }
}
