{
    "geometrical_parameters": {
        "fiber_diameter": 0.020103678929765886,
        "blade_distance": 0.2588628762541806,
        "elliptical_fiber_ratio": 1.3862876254180603,
        "ratio_droplet_embedded_length": 1.451103678929766,
        "droplet_diameter": 0.17791638795986625,
        "contact_angle": 26.696989966555183,
        "fiber_rotation": 73.4448160535117
    },
    "mechanical_parameters": {
        "interface_friction": 0.0,
        "tI": 1,
        "tII,tIII": 1.3,
        "GI": 0.01,
        "GII,GIII": 0.15,
        "blade_friction": 0.8
    }
}
