{
    "geometrical_parameters": {
        "fiber_diameter": 0.025545454545454545,
        "blade_distance_ratio_to_fiber_diameter": 3.977272727272727,
        "elliptical_fiber_ratio": 2.3333333333333335,
        "ratio_droplet_embedded_length": 1.2537373737373736,
        "droplet_diameter": 0.10481818181818182,
        "contact_angle": 18.634343434343435,
        "fiber_rotation": 53.63636363636363
    },
    "mechanical_parameters": {
        "interface_friction": 0.0,
        "GI": 0.015,
        "GII,GIII": 0.3,
        "tI=tII=tIII": 1.3,
        "blade_friction": 0.6
    }
}
