{
    "geometrical_parameters": {
        "fiber_diameter": 0.03081818181818182,
        "blade_distance": 0.186884276182783,
        "elliptical_fiber_ratio": 2.7373737373737375,
        "ratio_droplet_embedded_length": 1.2505050505050503,
        "droplet_diameter": 0.20845454545454545,
        "contact_angle": 20.61212121212121,
        "fiber_rotation": 43.63636363636363
    },
    "mechanical_parameters": {
        "interface_friction": 0.0,
        "GI": 0.015,
        "GII,GIII": 0.3,
        "tI=tII=tIII": 1.3,
        "blade_friction": 0.6
    }
}
