{
    "geometrical_parameters": {
        "fiber_diameter": 0.028230769230769233,
        "blade_distance": 0.17190635451505018,
        "elliptical_fiber_ratio": 1.7324414715719063,
        "ratio_droplet_embedded_length": 1.36,
        "droplet_diameter": 0.162,
        "contact_angle": 25.7,
        "fiber_rotation": 45
    },
    "mechanical_parameters": {
        "interface_friction": 0.0,
        "GI": 0.0015,
        "GII,GIII": 0.0722742474916388,
        "blade_friction": 0.0,
        "tI=tII=tIII": 0.8511705685618729
    }
}
