{
    "geometrical_parameters": {
        "fiber_diameter": 0.019983277591973245,
        "blade_distance": 0.571571906354515,
        "elliptical_fiber_ratio": 1.5769230769230769,
        "ratio_droplet_embedded_length": 1.3355183946488294,
        "droplet_diameter": 0.11560869565217392,
        "contact_angle": 17.17190635451505,
        "fiber_rotation": 2.7090301003344477
    },
    "mechanical_parameters": {
        "interface_friction": 0.0,
        "GI": 0.0015,
        "GII,GIII": 0.3,
        "tI=tII=tIII": 1.3,
        "blade_friction": 0.6
    }
}
