{
    "geometrical_parameters": {
        "fiber_diameter": 0.021,
        "blade_distance": 0.15,
        "elliptical_fiber_ratio": 1.0,
        "ratio_droplet_embedded_length": 1.36,
        "droplet_diameter": 0.162,
        "contact_angle": 25.7,
        "fiber_rotation": 0
    },
    "mechanical_parameters": {
        "interface_friction": 0.09096989966555184,
        "tI": 0.2123745819397993,
        "tII,tIII": 1.3327759197324416,
        "GI": 0.09370903010033446,
        "GII,GIII": 0.4033110367892977,
        "blade_friction": 0.018729096989966557
    }
}
