{
    "geometrical_parameters": {
        "fiber_diameter": 0.020645484949832777,
        "blade_distance": 0.19197324414715722,
        "elliptical_fiber_ratio": 1.8227424749163879,
        "ratio_droplet_embedded_length": 1.36,
        "droplet_diameter": 0.162,
        "contact_angle": 25.7,
        "fiber_rotation": 45
    },
    "mechanical_parameters": {
        "interface_friction": 0.0,
        "GI": 0.0015,
        "GII,GIII": 0.2263210702341137,
        "blade_friction": 0.0,
        "tI=tII=tIII": 1.3678929765886287
    }
}
