{
    "geometrical_parameters": {
        "fiber_diameter": 0.017004008016032066,
        "elliptical_fiber_ratio": 1.0,
        "blade_distance": 0.21322645290581163,
        "ratio_droplet_embedded_length": 1.36,
        "droplet_diameter": 0.17429258517034069,
        "contact_angle": 25.7,
        "fiber_rotation": 0
    },
    "mechanical_parameters": {
        "interface_friction": 0.0,
        "GI": 0.0015,
        "GII,GIII": 0.4617034068136273,
        "blade_friction": 0.0,
        "tI=tII=tIII": 0.9629258517034067
    }
}
