{
    "geometrical_parameters": {
        "fiber_diameter": 0.030531062124248498,
        "blade_distance": 0.5971543086172345,
        "elliptical_fiber_ratio": 1.8687374749498997,
        "ratio_droplet_embedded_length": 1.3632865731462926,
        "droplet_diameter": 0.1253246492985972,
        "contact_angle": 14.884168336673346,
        "fiber_rotation": 81.70340681362727
    },
    "mechanical_parameters": {
        "interface_friction": 0.0,
        "tI": 1,
        "tII,tIII": 1.3,
        "GI": 0.01,
        "GII,GIII": 0.15,
        "blade_friction": 0.6
    }
}
