{
    "geometrical_parameters": {
        "fiber_diameter": 0.021,
        "blade_distance": 0.15,
        "elliptical_fiber_ratio": 1.0,
        "ratio_droplet_embedded_length": 1.36,
        "droplet_diameter": 0.162,
        "contact_angle": 25.7,
        "fiber_rotation": 0
    },
    "mechanical_parameters": {
        "interface_friction": 0.634113712374582,
        "tI": 0.8163879598662207,
        "tII,tIII": 0.6354515050167224,
        "GI": 0.02351505016722408,
        "GII,GIII": 0.31809364548494984,
        "blade_friction": 0.37725752508361204
    }
}
