{
    "geometrical_parameters": {
        "fiber_diameter": 0.028290969899665553,
        "blade_distance": 0.345819397993311,
        "elliptical_fiber_ratio": 1.2307692307692308,
        "ratio_droplet_embedded_length": 1.2049498327759196,
        "droplet_diameter": 0.21403678929765887,
        "contact_angle": 25.20869565217391,
        "fiber_rotation": 68.62876254180603
    },
    "mechanical_parameters": {
        "interface_friction": 0.0,
        "GI": 0.0015,
        "GII,GIII": 0.3,
        "tI=tII=tIII": 1.3,
        "blade_friction": 0.6
    }
}
