{
    "geometrical_parameters": {
        "fiber_diameter": 0.022454545454545456,
        "blade_distance_ratio_to_fiber_diameter": 4.166666666666667,
        "elliptical_fiber_ratio": 1.3838383838383839,
        "ratio_droplet_embedded_length": 1.2763636363636364,
        "droplet_diameter": 0.10345454545454547,
        "contact_angle": 20.252525252525253,
        "fiber_rotation": 47.27272727272728
    },
    "mechanical_parameters": {
        "interface_friction": 0.0,
        "GI": 0.015,
        "GII,GIII": 0.3,
        "tI=tII=tIII": 1.3,
        "blade_friction": 0.6
    }
}
