{
    "geometrical_parameters": {
        "fiber_diameter": 0.029088176352705414,
        "blade_distance": 0.2372745490981964,
        "elliptical_fiber_ratio": 1.685370741482966,
        "ratio_droplet_embedded_length": 1.3780360721442886,
        "droplet_diameter": 0.10395190380761524,
        "contact_angle": 20.306212424849697,
        "fiber_rotation": 44.00801603206413
    },
    "mechanical_parameters": {
        "interface_friction": 0.0,
        "tI": 1,
        "tII,tIII": 1.3,
        "GI": 0.015,
        "GII,GIII": 0.1,
        "blade_friction": 0.6
    }
}
