{
    "geometrical_parameters": {
        "fiber_diameter": 0.0221505016722408,
        "blade_distance": 0.3023411371237458,
        "elliptical_fiber_ratio": 1.988294314381271,
        "ratio_droplet_embedded_length": 1.4404013377926421,
        "droplet_diameter": 0.176561872909699,
        "contact_angle": 25.08963210702341,
        "fiber_rotation": 55.08361204013378
    },
    "mechanical_parameters": {
        "interface_friction": 0.0,
        "tI": 1,
        "tII,tIII": 1.3,
        "GI": 0.01,
        "GII,GIII": 0.15,
        "blade_friction": 0.8
    }
}
