{
    "geometrical_parameters": {
        "fiber_diameter": 0.03074749498997996,
        "blade_distance": 0.5008016032064129,
        "elliptical_fiber_ratio": 1.0210420841683367,
        "ratio_droplet_embedded_length": 1.3934268537074148,
        "droplet_diameter": 0.2064869739478958,
        "contact_angle": 26.548697394789578,
        "fiber_rotation": 42.92585170340681
    },
    "mechanical_parameters": {
        "interface_friction": 0.0,
        "tI": 1,
        "tII,tIII": 1.3,
        "GI": 0.015,
        "GII,GIII": 0.1,
        "blade_friction": 0.6
    }
}
