{
    "geometrical_parameters": {
        "fiber_diameter": 0.01830260521042084,
        "blade_distance": 0.5365531062124249,
        "elliptical_fiber_ratio": 1.7605210420841684,
        "ratio_droplet_embedded_length": 1.2157915831663326,
        "droplet_diameter": 0.21406212424849702,
        "contact_angle": 21.911422845691384,
        "fiber_rotation": 9.01803607214429
    },
    "mechanical_parameters": {
        "interface_friction": 0.0,
        "tI": 1,
        "tII,tIII": 1.3,
        "GI": 0.01,
        "GII,GIII": 0.15,
        "blade_friction": 0.6
    }
}
