{
    "geometrical_parameters": {
        "fiber_diameter": 0.025553106212424848,
        "blade_distance": 0.43555110220440885,
        "elliptical_fiber_ratio": 1.8987975951903808,
        "ratio_droplet_embedded_length": 1.2670941883767535,
        "droplet_diameter": 0.21189779559118238,
        "contact_angle": 24.372745490981963,
        "fiber_rotation": 72.68537074148297
    },
    "mechanical_parameters": {
        "interface_friction": 0.0,
        "tI": 1,
        "tII,tIII": 1.3,
        "GI": 0.01,
        "GII,GIII": 0.15,
        "blade_friction": 0.6
    }
}
