{
    "geometrical_parameters": {
        "fiber_diameter": 0.015046822742474916,
        "blade_distance": 0.18862876254180602,
        "elliptical_fiber_ratio": 1.5969899665551839,
        "ratio_droplet_embedded_length": 1.36,
        "droplet_diameter": 0.162,
        "contact_angle": 25.7,
        "fiber_rotation": 45
    },
    "mechanical_parameters": {
        "interface_friction": 0.0,
        "GI": 0.0015,
        "GII,GIII": 0.29842809364548495,
        "blade_friction": 0.0,
        "tI=tII=tIII": 1.5785953177257523
    }
}
