{
    "geometrical_parameters": {
        "fiber_diameter": 0.017112224448897796,
        "elliptical_fiber_ratio": 1.0,
        "blade_distance": 0.3474949899799599,
        "ratio_droplet_embedded_length": 1.36,
        "droplet_diameter": 0.18132665330661324,
        "contact_angle": 25.7,
        "fiber_rotation": 0
    },
    "mechanical_parameters": {
        "interface_friction": 0.0,
        "GI": 0.0015,
        "GII,GIII": 0.014909819639278558,
        "blade_friction": 0.0,
        "tI=tII=tIII": 0.6953907815631263
    }
}
