{
    "geometrical_parameters": {
        "fiber_diameter": 0.027743718592964824,
        "blade_distance": 0.35376884422110555,
        "elliptical_fiber_ratio": 1.050251256281407,
        "ratio_droplet_embedded_length": 1.2741708542713568,
        "droplet_diameter": 0.1407386934673367,
        "contact_angle": 29.700502512562814,
        "fiber_rotation": 65.12562814070351
    },
    "mechanical_parameters": {
        "interface_friction": 0.0,
        "GI": 0.0015,
        "GII,GIII": 0.3,
        "tI=tII=tIII": 1.3,
        "blade_friction": 0.6
    }
}
