{
    "geometrical_parameters": {
        "fiber_diameter": 0.021,
        "blade_distance": 0.15,
        "elliptical_fiber_ratio": 1.0,
        "ratio_droplet_embedded_length": 1.36,
        "droplet_diameter": 0.162,
        "contact_angle": 25.7,
        "fiber_rotation": 0
    },
    "mechanical_parameters": {
        "interface_friction": 0.48160535117056863,
        "GI": 0.07914046822742475,
        "GII,GIII": 0.15585284280936454,
        "tI=tII=tIII": 1.79933110367893,
        "blade_friction": 0.12575250836120402
    }
}
