{
    "geometrical_parameters": {
        "fiber_diameter": 0.01972727272727273,
        "blade_distance": 0.02584679184517641,
        "elliptical_fiber_ratio": 2.797979797979798,
        "ratio_droplet_embedded_length": 1.3507070707070707,
        "droplet_diameter": 0.13072727272727272,
        "contact_angle": 26.365656565656565,
        "fiber_rotation": 84.54545454545453
    },
    "mechanical_parameters": {
        "interface_friction": 0.0,
        "GI": 0.015,
        "GII,GIII": 0.3,
        "tI=tII=tIII": 1.3,
        "blade_friction": 0.6
    }
}
