{
    "geometrical_parameters": {
        "fiber_diameter": 0.021,
        "blade_distance": 0.15,
        "elliptical_fiber_ratio": 1.0,
        "ratio_droplet_embedded_length": 1.36,
        "droplet_diameter": 0.162,
        "contact_angle": 25.7,
        "fiber_rotation": 0
    },
    "mechanical_parameters": {
        "interface_friction": 0.6100334448160536,
        "tI": 0.6010033444816052,
        "tII,tIII": 1.3979933110367893,
        "GI": 0.07781605351170569,
        "GII,GIII": 0.3541471571906355,
        "blade_friction": 0.4682274247491639
    }
}
