{
    "geometrical_parameters": {
        "fiber_diameter": 0.021,
        "blade_distance": 0.15,
        "elliptical_fiber_ratio": 1.0,
        "ratio_droplet_embedded_length": 1.36,
        "droplet_diameter": 0.162,
        "contact_angle": 25.7,
        "fiber_rotation": 0
    },
    "mechanical_parameters": {
        "interface_friction": 0.12040133779264213,
        "GI": 0.011595317725752511,
        "GII,GIII": 0.2656521739130435,
        "tI=tII=tIII": 1.117056856187291,
        "blade_friction": 0.6662207357859533
    }
}
