{
    "geometrical_parameters": {
        "fiber_diameter": 0.021152304609218436,
        "blade_distance": 0.3795591182364729,
        "elliptical_fiber_ratio": 1.3186372745490982,
        "ratio_droplet_embedded_length": 1.4004809619238476,
        "droplet_diameter": 0.15968336673346695,
        "contact_angle": 14.812825651302605,
        "fiber_rotation": 60.78156312625251
    },
    "mechanical_parameters": {
        "interface_friction": 0.0,
        "tI": 1,
        "tII,tIII": 1.3,
        "GI": 0.015,
        "GII,GIII": 0.1,
        "blade_friction": 0.6
    }
}
