{
    "geometrical_parameters": {
        "fiber_diameter": 0.021,
        "blade_distance": 0.15,
        "elliptical_fiber_ratio": 1.0,
        "ratio_droplet_embedded_length": 1.36,
        "droplet_diameter": 0.162,
        "contact_angle": 25.7,
        "fiber_rotation": 0
    },
    "mechanical_parameters": {
        "interface_friction": 0.16053511705685622,
        "GI": 0.03278595317725753,
        "GII,GIII": 0.35578595317725753,
        "tI=tII=tIII": 0.8110367892976589,
        "blade_friction": 0.13913043478260873
    }
}
