{
    "geometrical_parameters": {
        "fiber_diameter": 0.021,
        "blade_distance": 0.042,
        "elliptical_fiber_ratio": 1.0,
        "ratio_droplet_embedded_length": 1.36,
        "droplet_diameter": 0.162,
        "contact_angle": 25.7,
        "fiber_rotation": 0
    },
    "mechanical_parameters": {
        "interface_friction": 0.3050167224080268,
        "GI": 0.060598662207357865,
        "GII,GIII": 0.2017391304347826,
        "tI=tII=tIII": 1.3829431438127089,
        "blade_friction": 0.3692307692307692
    }
}
