{
    "geometrical_parameters": {
        "fiber_diameter": 0.021657314629258517,
        "elliptical_fiber_ratio": 1.0,
        "blade_distance": 0.35450901803607215,
        "ratio_droplet_embedded_length": 1.36,
        "droplet_diameter": 0.15237875751503008,
        "contact_angle": 25.7,
        "fiber_rotation": 0
    },
    "mechanical_parameters": {
        "interface_friction": 0.0,
        "GI": 0.0015,
        "GII,GIII": 0.12390781563126252,
        "blade_friction": 0.0,
        "tI=tII=tIII": 1.93687374749499
    }
}
