{
    "geometrical_parameters": {
        "fiber_diameter": 0.029013377926421405,
        "blade_distance": 0.5197324414715719,
        "elliptical_fiber_ratio": 2.4749163879598663,
        "ratio_droplet_embedded_length": 1.211371237458194,
        "droplet_diameter": 0.16301672240802675,
        "contact_angle": 29.197324414715716,
        "fiber_rotation": 64.71571906354515
    },
    "mechanical_parameters": {
        "interface_friction": 0.0,
        "tI": 1,
        "tII,tIII": 1.3,
        "GI": 0.01,
        "GII,GIII": 0.15,
        "blade_friction": 0.8
    }
}
