{
    "geometrical_parameters": {
        "fiber_diameter": 0.028290969899665553,
        "elliptical_fiber_ratio": 1.0,
        "blade_distance": 0.2153846153846154,
        "ratio_droplet_embedded_length": 1.36,
        "droplet_diameter": 0.13321739130434784,
        "contact_angle": 25.7,
        "fiber_rotation": 0
    },
    "mechanical_parameters": {
        "interface_friction": 0.0,
        "GI": 0.0015,
        "GII,GIII": 0.35578595317725753,
        "blade_friction": 0.0,
        "tI=tII=tIII": 0.5652173913043478
    }
}
