{
    "geometrical_parameters": {
        "fiber_diameter": 0.021,
        "blade_distance": 0.15,
        "elliptical_fiber_ratio": 1.0,
        "ratio_droplet_embedded_length": 1.36,
        "droplet_diameter": 0.162,
        "contact_angle": 25.7,
        "fiber_rotation": 0
    },
    "mechanical_parameters": {
        "interface_friction": 0.5538461538461539,
        "GI": 0.04702341137123746,
        "GII,GIII": 0.4000334448160535,
        "tI=tII=tIII": 1.2173913043478262,
        "blade_friction": 0.251505016722408
    }
}
