{
    "geometrical_parameters": {
        "fiber_diameter": 0.02112709030100334,
        "blade_distance": 0.5180602006688964,
        "elliptical_fiber_ratio": 1.9431438127090301,
        "ratio_droplet_embedded_length": 1.36,
        "droplet_diameter": 0.162,
        "contact_angle": 25.7,
        "fiber_rotation": 45
    },
    "mechanical_parameters": {
        "interface_friction": 0.0,
        "GI": 0.0015,
        "GII,GIII": 0.0837458193979933,
        "blade_friction": 0.0,
        "tI=tII=tIII": 1.7040133779264215
    }
}
