{
    "geometrical_parameters": {
        "fiber_diameter": 0.029916387959866217,
        "elliptical_fiber_ratio": 1.0,
        "blade_distance": 0.5013377926421405,
        "ratio_droplet_embedded_length": 1.36,
        "droplet_diameter": 0.18965551839464884,
        "contact_angle": 25.7,
        "fiber_rotation": 0
    },
    "mechanical_parameters": {
        "interface_friction": 0.0,
        "GI": 0.0015,
        "GII,GIII": 0.14110367892976589,
        "blade_friction": 0.0,
        "tI=tII=tIII": 1.508361204013378
    }
}
