{
    "geometrical_parameters": {
        "fiber_diameter": 0.023569138276553103,
        "elliptical_fiber_ratio": 1.0,
        "blade_distance": 0.14909819639278557,
        "ratio_droplet_embedded_length": 1.36,
        "droplet_diameter": 0.2008056112224449,
        "contact_angle": 25.7,
        "fiber_rotation": 0
    },
    "mechanical_parameters": {
        "interface_friction": 0.0,
        "GI": 0.0015,
        "GII,GIII": 0.4675951903807616,
        "blade_friction": 0.0,
        "tI=tII=tIII": 0.6773547094188377
    }
}
