{
    "geometrical_parameters": {
        "fiber_diameter": 0.019561872909698998,
        "blade_distance": 0.359866220735786,
        "elliptical_fiber_ratio": 2.177257525083612,
        "ratio_droplet_embedded_length": 1.3205351170568562,
        "droplet_diameter": 0.17385284280936458,
        "contact_angle": 18.06488294314381,
        "fiber_rotation": 43.34448160535116
    },
    "mechanical_parameters": {
        "interface_friction": 0.0,
        "GI": 0.0015,
        "GII,GIII": 0.3,
        "tI=tII=tIII": 1.3,
        "blade_friction": 0.6
    }
}
