{
    "geometrical_parameters": {
        "fiber_diameter": 0.02493987975951904,
        "elliptical_fiber_ratio": 1.0,
        "blade_distance": 0.2312625250501002,
        "ratio_droplet_embedded_length": 1.36,
        "droplet_diameter": 0.2081102204408818,
        "contact_angle": 25.7,
        "fiber_rotation": 0
    },
    "mechanical_parameters": {
        "interface_friction": 0.0,
        "GI": 0.0015,
        "GII,GIII": 0.18086172344689377,
        "blade_friction": 0.0,
        "tI=tII=tIII": 1.6903807615230462
    }
}
