{
    "geometrical_parameters": {
        "fiber_diameter": 0.02028428093645485,
        "blade_distance": 0.4160535117056856,
        "elliptical_fiber_ratio": 1.9682274247491638,
        "ratio_droplet_embedded_length": 1.3644147157190636,
        "droplet_diameter": 0.18468896321070233,
        "contact_angle": 20.684280936454847,
        "fiber_rotation": 44.54849498327759
    },
    "mechanical_parameters": {
        "interface_friction": 0.0,
        "GI": 0.0015,
        "GII,GIII": 0.3,
        "tI=tII=tIII": 1.3,
        "blade_friction": 0.6
    }
}
