{
    "geometrical_parameters": {
        "fiber_diameter": 0.030090909090909092,
        "blade_distance": 0.4232323232323233,
        "elliptical_fiber_ratio": 1.8030303030303032,
        "ratio_droplet_embedded_length": 1.3151515151515152,
        "droplet_diameter": 0.21527272727272728,
        "contact_angle": 29.06262626262626,
        "fiber_rotation": 77.27272727272728
    },
    "mechanical_parameters": {
        "interface_friction": 0.0,
        "tI": 0.2,
        "tII,tIII": 1.3,
        "GI": 1,
        "GII,GIII": 0.15,
        "blade_friction": 0.6
    }
}
