{
    "geometrical_parameters": {
        "fiber_diameter": 0.021296593186372746,
        "blade_distance": 0.5387975951903808,
        "elliptical_fiber_ratio": 2.4248496993987976,
        "ratio_droplet_embedded_length": 1.3748296593186373,
        "droplet_diameter": 0.15156713426853707,
        "contact_angle": 25.977955911823642,
        "fiber_rotation": 47.43486973947896
    },
    "mechanical_parameters": {
        "interface_friction": 0.0,
        "tI": 1,
        "tII,tIII": 1.3,
        "GI": 0.01,
        "GII,GIII": 0.15,
        "blade_friction": 0.6
    }
}
