{
    "geometrical_parameters": {
        "fiber_diameter": 0.025120240480961925,
        "blade_distance": 0.16284569138276556,
        "elliptical_fiber_ratio": 1.3096192384769538,
        "ratio_droplet_embedded_length": 1.263246492985972,
        "droplet_diameter": 0.16238877755511022,
        "contact_angle": 28.867334669338675,
        "fiber_rotation": 10.460921843687375
    },
    "mechanical_parameters": {
        "interface_friction": 0.0,
        "tI": 1,
        "tII,tIII": 1.3,
        "GI": 0.01,
        "GII,GIII": 0.15,
        "blade_friction": 0.6
    }
}
