{
    "geometrical_parameters": {
        "fiber_diameter": 0.021,
        "blade_distance": 0.042,
        "elliptical_fiber_ratio": 1.0,
        "ratio_droplet_embedded_length": 1.36,
        "droplet_diameter": 0.162,
        "contact_angle": 25.7,
        "fiber_rotation": 0
    },
    "mechanical_parameters": {
        "interface_friction": 0.7063545150501672,
        "GI": 0.024177257525083616,
        "GII,GIII": 0.29515050167224083,
        "tI=tII=tIII": 0.7759197324414716,
        "blade_friction": 0.7090301003344482
    }
}
