{
    "geometrical_parameters": {
        "fiber_diameter": 0.013757515030060119,
        "elliptical_fiber_ratio": 1.0,
        "blade_distance": 0.1871743486973948,
        "ratio_droplet_embedded_length": 1.36,
        "droplet_diameter": 0.12424248496993989,
        "contact_angle": 25.7,
        "fiber_rotation": 0
    },
    "mechanical_parameters": {
        "interface_friction": 0.0,
        "GI": 0.0015,
        "GII,GIII": 0.48723446893787575,
        "blade_friction": 0.0,
        "tI=tII=tIII": 0.6472945891783567
    }
}
