{
    "geometrical_parameters": {
        "fiber_diameter": 0.028799599198396794,
        "blade_distance": 0.5779559118236473,
        "elliptical_fiber_ratio": 1.6943887775551103,
        "ratio_droplet_embedded_length": 1.2593987975951904,
        "droplet_diameter": 0.10828056112224449,
        "contact_angle": 21.626052104208416,
        "fiber_rotation": 17.13426853707415
    },
    "mechanical_parameters": {
        "interface_friction": 0.0,
        "tI": 1,
        "tII,tIII": 1.3,
        "GI": 0.015,
        "GII,GIII": 0.1,
        "blade_friction": 0.6
    }
}
