{
    "geometrical_parameters": {
        "fiber_diameter": 0.017004008016032066,
        "blade_distance": 0.10897795591182366,
        "elliptical_fiber_ratio": 1.405811623246493,
        "ratio_droplet_embedded_length": 1.3722645290581161,
        "droplet_diameter": 0.2224488977955912,
        "contact_angle": 29.15270541082164,
        "fiber_rotation": 5.410821643286573
    },
    "mechanical_parameters": {
        "interface_friction": 0.0,
        "tI": 1,
        "tII,tIII": 1.3,
        "GI": 0.01,
        "GII,GIII": 0.15,
        "blade_friction": 0.6
    }
}
