{
    "geometrical_parameters": {
        "fiber_diameter": 0.0164314381270903,
        "blade_distance": 0.13846153846153847,
        "elliptical_fiber_ratio": 1.105351170568562,
        "ratio_droplet_embedded_length": 1.1610702341137122,
        "droplet_diameter": 0.2320969899665552,
        "contact_angle": 15.08829431438127,
        "fiber_rotation": 15.351170568561873
    },
    "mechanical_parameters": {
        "interface_friction": 0.0,
        "tI": 1,
        "tII,tIII": 1.3,
        "GI": 0.01,
        "GII,GIII": 0.15,
        "blade_friction": 0.8
    }
}
