{
    "geometrical_parameters": {
        "fiber_diameter": 0.015347826086956522,
        "blade_distance": 0.2672240802675585,
        "elliptical_fiber_ratio": 1.2709030100334449,
        "ratio_droplet_embedded_length": 1.3237458193979932,
        "droplet_diameter": 0.18559197324414717,
        "contact_angle": 21.815384615384616,
        "fiber_rotation": 75.85284280936456
    },
    "mechanical_parameters": {
        "interface_friction": 0.0,
        "GI": 0.0015,
        "GII,GIII": 0.3,
        "tI=tII=tIII": 1.3,
        "blade_friction": 0.6
    }
}
