{
    "geometrical_parameters": {
        "fiber_diameter": 0.021440881763527056,
        "blade_distance": 0.10288701994057026,
        "elliptical_fiber_ratio": 1.0841683366733468,
        "ratio_droplet_embedded_length": 1.16,
        "droplet_diameter": 0.17645691382765533,
        "contact_angle": 17.309819639278555,
        "fiber_rotation": 10.64128256513026
    },
    "mechanical_parameters": {
        "interface_friction": 0.2885771543086172,
        "GI": 0.004372745490981964,
        "GII,GIII": 0.7281963927855711,
        "tI=tII=tIII": 1.537074148296593,
        "blade_friction": 0.7791583166332666
    }
}
