{
    "geometrical_parameters": {
        "fiber_diameter": 0.029000000000000005,
        "blade_distance_ratio_to_fiber_diameter": 3.75,
        "elliptical_fiber_ratio": 2.6767676767676765,
        "ratio_droplet_embedded_length": 1.1858585858585857,
        "droplet_diameter": 0.16345454545454546,
        "contact_angle": 20.97171717171717,
        "fiber_rotation": 36.36363636363637
    },
    "mechanical_parameters": {
        "interface_friction": 0.0,
        "GI": 0.015,
        "GII,GIII": 0.3,
        "tI=tII=tIII": 1.3,
        "blade_friction": 0.6
    }
}
