{
    "geometrical_parameters": {
        "fiber_diameter": 0.029124248496993993,
        "blade_distance": 0.17855711422845694,
        "elliptical_fiber_ratio": 1.937875751503006,
        "ratio_droplet_embedded_length": 1.3164729458917834,
        "droplet_diameter": 0.16644689378757516,
        "contact_angle": 29.545090180360717,
        "fiber_rotation": 67.45490981963927
    },
    "mechanical_parameters": {
        "interface_friction": 0.0,
        "tI": 1,
        "tII,tIII": 1.3,
        "GI": 0.01,
        "GII,GIII": 0.15,
        "blade_friction": 0.6
    }
}
