{
    "geometrical_parameters": {
        "fiber_diameter": 0.022752508361204016,
        "blade_distance": 0.1802675585284281,
        "elliptical_fiber_ratio": 1.948160535117057,
        "ratio_droplet_embedded_length": 1.36,
        "droplet_diameter": 0.162,
        "contact_angle": 25.7,
        "fiber_rotation": 0
    },
    "mechanical_parameters": {
        "interface_friction": 0.0,
        "GI": 0.0015,
        "GII,GIII": 0.4934448160535117,
        "blade_friction": 0.0,
        "tI=tII=tIII": 1.6137123745819397
    }
}
