{
    "geometrical_parameters": {
        "fiber_diameter": 0.025877755511022046,
        "elliptical_fiber_ratio": 1.0,
        "blade_distance": 0.5839679358717434,
        "ratio_droplet_embedded_length": 1.36,
        "droplet_diameter": 0.11477354709418838,
        "contact_angle": 25.7,
        "fiber_rotation": 0
    },
    "mechanical_parameters": {
        "interface_friction": 0.0,
        "GI": 0.0015,
        "GII,GIII": 0.2947695390781563,
        "blade_friction": 0.0,
        "tI=tII=tIII": 1.0440881763527052
    }
}
