{
    "geometrical_parameters": {
        "fiber_diameter": 0.013903010033444815,
        "blade_distance": 0.16321070234113716,
        "elliptical_fiber_ratio": 2.003344481605351,
        "ratio_droplet_embedded_length": 1.4468227424749163,
        "droplet_diameter": 0.21945484949832778,
        "contact_angle": 30.685618729096987,
        "fiber_rotation": 61.10367892976589
    },
    "mechanical_parameters": {
        "interface_friction": 0.0,
        "GI": 0.0015,
        "GII,GIII": 0.3,
        "tI=tII=tIII": 1.3,
        "blade_friction": 0.6
    }
}
