{
    "geometrical_parameters": {
        "fiber_diameter": 0.013662207357859531,
        "elliptical_fiber_ratio": 1.0,
        "blade_distance": 0.3642140468227425,
        "ratio_droplet_embedded_length": 1.36,
        "droplet_diameter": 0.12283277591973245,
        "contact_angle": 25.7,
        "fiber_rotation": 0
    },
    "mechanical_parameters": {
        "interface_friction": 0.0,
        "GI": 0.0015,
        "GII,GIII": 0.46558528428093643,
        "blade_friction": 0.0,
        "tI=tII=tIII": 1.051839464882943
    }
}
