{
    "geometrical_parameters": {
        "fiber_diameter": 0.016636363636363637,
        "blade_distance": 0.053673034901420856,
        "elliptical_fiber_ratio": 2.4343434343434343,
        "ratio_droplet_embedded_length": 1.4412121212121212,
        "droplet_diameter": 0.13345454545454546,
        "contact_angle": 18.454545454545453,
        "fiber_rotation": 80.0
    },
    "mechanical_parameters": {
        "interface_friction": 0.0,
        "GI": 0.015,
        "GII,GIII": 0.3,
        "tI=tII=tIII": 1.3,
        "blade_friction": 0.6
    }
}
