{
    "geometrical_parameters": {
        "fiber_diameter": 0.016246492985971944,
        "elliptical_fiber_ratio": 1.0,
        "blade_distance": 0.3054108216432866,
        "ratio_droplet_embedded_length": 1.36,
        "droplet_diameter": 0.11531462925851704,
        "contact_angle": 25.7,
        "fiber_rotation": 0
    },
    "mechanical_parameters": {
        "interface_friction": 0.0,
        "GI": 0.0015,
        "GII,GIII": 0.3252104208416834,
        "blade_friction": 0.0,
        "tI=tII=tIII": 1.3867735470941884
    }
}
