{
    "geometrical_parameters": {
        "fiber_diameter": 0.019181818181818182,
        "blade_distance": 0.061015323015758106,
        "elliptical_fiber_ratio": 2.6969696969696972,
        "ratio_droplet_embedded_length": 1.1696969696969697,
        "droplet_diameter": 0.113,
        "contact_angle": 22.589898989898987,
        "fiber_rotation": 58.18181818181819
    },
    "mechanical_parameters": {
        "interface_friction": 0.0,
        "GI": 0.0015,
        "GII,GIII": 0.3,
        "tI=tII=tIII": 1.3,
        "blade_friction": 0.6
    }
}
