{
    "geometrical_parameters": {
        "fiber_diameter": 0.021,
        "blade_distance": 0.15,
        "elliptical_fiber_ratio": 1.0,
        "ratio_droplet_embedded_length": 1.36,
        "droplet_diameter": 0.162,
        "contact_angle": 25.7,
        "fiber_rotation": 0
    },
    "mechanical_parameters": {
        "interface_friction": 0.20066889632107024,
        "tI": 0.37625418060200666,
        "tII,tIII": 1.2725752508361206,
        "GI": 0.0970200668896321,
        "GII,GIII": 0.17224080267558528,
        "blade_friction": 0.5698996655518395
    }
}
