{
    "geometrical_parameters": {
        "fiber_diameter": 0.014264214046822743,
        "elliptical_fiber_ratio": 1.0,
        "blade_distance": 0.13010033444816055,
        "ratio_droplet_embedded_length": 1.36,
        "droplet_diameter": 0.11199665551839466,
        "contact_angle": 25.7,
        "fiber_rotation": 0
    },
    "mechanical_parameters": {
        "interface_friction": 0.0,
        "GI": 0.0015,
        "GII,GIII": 0.3017056856187291,
        "blade_friction": 0.0,
        "tI=tII=tIII": 1.9698996655518395
    }
}
