{
    "geometrical_parameters": {
        "fiber_diameter": 0.021,
        "blade_distance": 0.15,
        "elliptical_fiber_ratio": 1.0,
        "ratio_droplet_embedded_length": 1.36,
        "droplet_diameter": 0.162,
        "contact_angle": 25.7,
        "fiber_rotation": 0
    },
    "mechanical_parameters": {
        "interface_friction": 0.717056856187291,
        "tI": 0.8117056856187291,
        "tII,tIII": 1.7441471571906355,
        "GI": 0.07980267558528428,
        "GII,GIII": 0.19846153846153847,
        "blade_friction": 0.2622073578595318
    }
}
