{
    "geometrical_parameters": {
        "fiber_diameter": 0.021,
        "blade_distance": 0.042,
        "elliptical_fiber_ratio": 1.0,
        "ratio_droplet_embedded_length": 1.36,
        "droplet_diameter": 0.162,
        "contact_angle": 25.7,
        "fiber_rotation": 0
    },
    "mechanical_parameters": {
        "interface_friction": 0.5779264214046823,
        "GI": 0.03146153846153846,
        "GII,GIII": 0.25909698996655517,
        "tI=tII=tIII": 0.580267558528428,
        "blade_friction": 0.757190635451505
    }
}
