{
    "geometrical_parameters": {
        "fiber_diameter": 0.016612040133779264,
        "blade_distance": 0.1568561872909699,
        "elliptical_fiber_ratio": 2.264214046822743,
        "ratio_droplet_embedded_length": 1.36,
        "droplet_diameter": 0.162,
        "contact_angle": 25.7,
        "fiber_rotation": 0
    },
    "mechanical_parameters": {
        "interface_friction": 0.0,
        "GI": 0.0015,
        "GII,GIII": 0.36889632107023407,
        "blade_friction": 0.0,
        "tI=tII=tIII": 1.1421404682274248
    }
}
