{
    "geometrical_parameters": {
        "fiber_diameter": 0.024903807615230464,
        "elliptical_fiber_ratio": 1.0,
        "blade_distance": 0.4677354709418837,
        "ratio_droplet_embedded_length": 1.36,
        "droplet_diameter": 0.2262364729458918,
        "contact_angle": 25.7,
        "fiber_rotation": 0
    },
    "mechanical_parameters": {
        "interface_friction": 0.0,
        "GI": 0.0015,
        "GII,GIII": 0.19657314629258518,
        "blade_friction": 0.0,
        "tI=tII=tIII": 0.6112224448897795
    }
}
