{
    "geometrical_parameters": {
        "fiber_diameter": 0.03015719063545151,
        "blade_distance": 0.3832775919732442,
        "elliptical_fiber_ratio": 1.1806020066889633,
        "ratio_droplet_embedded_length": 1.4404013377926421,
        "droplet_diameter": 0.1715953177257525,
        "contact_angle": 21.041471571906353,
        "fiber_rotation": 16.254180602006688
    },
    "mechanical_parameters": {
        "interface_friction": 0.0,
        "GI": 0.0015,
        "GII,GIII": 0.3,
        "tI=tII=tIII": 1.3,
        "blade_friction": 0.6
    }
}
