{
    "geometrical_parameters": {
        "fiber_diameter": 0.021,
        "blade_distance": 0.15,
        "elliptical_fiber_ratio": 1.0,
        "ratio_droplet_embedded_length": 1.36,
        "droplet_diameter": 0.162,
        "contact_angle": 25.7,
        "fiber_rotation": 0
    },
    "mechanical_parameters": {
        "interface_friction": 0.12040133779264213,
        "tI": 0.8819397993311038,
        "tII,tIII": 0.745819397993311,
        "GI": 0.02450836120401338,
        "GII,GIII": 0.3279264214046823,
        "blade_friction": 0.016053511705685617
    }
}
