{
    "geometrical_parameters": {
        "fiber_diameter": 0.021693386773547096,
        "blade_distance": 0.2683366733466934,
        "elliptical_fiber_ratio": 1.3517034068136273,
        "ratio_droplet_embedded_length": 1.2786372745490981,
        "droplet_diameter": 0.1818677354709419,
        "contact_angle": 31.150300601202403,
        "fiber_rotation": 26.33266533066132
    },
    "mechanical_parameters": {
        "interface_friction": 0.0,
        "tI": 1,
        "tII,tIII": 1.3,
        "GI": 0.015,
        "GII,GIII": 0.1,
        "blade_friction": 0.6
    }
}
