{
    "geometrical_parameters": {
        "fiber_diameter": 0.021,
        "blade_distance": 0.15,
        "elliptical_fiber_ratio": 1.0,
        "ratio_droplet_embedded_length": 1.36,
        "droplet_diameter": 0.162,
        "contact_angle": 25.7,
        "fiber_rotation": 0
    },
    "mechanical_parameters": {
        "interface_friction": 0.38528428093645484,
        "tI": 0.9896321070234113,
        "tII,tIII": 1.2775919732441472,
        "GI": 0.08874247491638797,
        "GII,GIII": 0.386923076923077,
        "blade_friction": 0.591304347826087
    }
}
