{
    "geometrical_parameters": {
        "fiber_diameter": 0.029916387959866217,
        "blade_distance": 0.5230769230769231,
        "elliptical_fiber_ratio": 2.334448160535117,
        "ratio_droplet_embedded_length": 1.36,
        "droplet_diameter": 0.162,
        "contact_angle": 25.7,
        "fiber_rotation": 0
    },
    "mechanical_parameters": {
        "interface_friction": 0.0,
        "GI": 0.0015,
        "GII,GIII": 0.1525752508361204,
        "blade_friction": 0.0,
        "tI=tII=tIII": 1.899665551839465
    }
}
