{
    "geometrical_parameters": {
        "fiber_diameter": 0.024257525083612043,
        "blade_distance": 0.5347826086956522,
        "elliptical_fiber_ratio": 2.0886287625418056,
        "ratio_droplet_embedded_length": 1.4222073578595318,
        "droplet_diameter": 0.2199063545150502,
        "contact_angle": 23.482274247491638,
        "fiber_rotation": 47.85953177257525
    },
    "mechanical_parameters": {
        "interface_friction": 0.0,
        "tI": 1,
        "tII,tIII": 1.3,
        "GI": 0.01,
        "GII,GIII": 0.15,
        "blade_friction": 0.8
    }
}
