{
    "geometrical_parameters": {
        "fiber_diameter": 0.021,
        "blade_distance": 0.15,
        "elliptical_fiber_ratio": 1.0,
        "ratio_droplet_embedded_length": 1.36,
        "droplet_diameter": 0.162,
        "contact_angle": 25.7,
        "fiber_rotation": 0
    },
    "mechanical_parameters": {
        "interface_friction": 0.13913043478260873,
        "GI": 0.039408026755852844,
        "GII,GIII": 0.48688963210702346,
        "tI=tII=tIII": 1.3929765886287626,
        "blade_friction": 0.4254180602006689
    }
}
