{
    "geometrical_parameters": {
        "fiber_diameter": 0.016454545454545454,
        "blade_distance": 0.3727272727272728,
        "elliptical_fiber_ratio": 2.1969696969696972,
        "ratio_droplet_embedded_length": 1.3313131313131312,
        "droplet_diameter": 0.14981818181818182,
        "contact_angle": 19.353535353535353,
        "fiber_rotation": 15.454545454545453
    },
    "mechanical_parameters": {
        "interface_friction": 0.0,
        "GI": 0.0015,
        "GII,GIII": 0.15,
        "tI=tII=tIII": 1.3,
        "blade_friction": 0.6
    }
}
