{
    "geometrical_parameters": {
        "fiber_diameter": 0.02817056856187291,
        "blade_distance": 0.38093645484949834,
        "elliptical_fiber_ratio": 1.7123745819397993,
        "ratio_droplet_embedded_length": 1.36,
        "droplet_diameter": 0.162,
        "contact_angle": 25.7,
        "fiber_rotation": 45
    },
    "mechanical_parameters": {
        "interface_friction": 0.0,
        "GI": 0.0015,
        "GII,GIII": 0.2935117056856187,
        "blade_friction": 0.0,
        "tI=tII=tIII": 0.6655518394648829
    }
}
