{
    "geometrical_parameters": {
        "fiber_diameter": 0.01972727272727273,
        "blade_distance": 0.08094745461101471,
        "elliptical_fiber_ratio": 3.0,
        "ratio_droplet_embedded_length": 1.48,
        "droplet_diameter": 0.10072727272727273,
        "contact_angle": 17.915151515151514,
        "fiber_rotation": 59.09090909090909
    },
    "mechanical_parameters": {
        "interface_friction": 0.0,
        "GI": 0.015,
        "GII,GIII": 0.3,
        "tI=tII=tIII": 1.3,
        "blade_friction": 0.6
    }
}
