{
    "geometrical_parameters": {
        "fiber_diameter": 0.019020066889632106,
        "blade_distance": 0.11839464882943145,
        "elliptical_fiber_ratio": 1.3963210702341136,
        "ratio_droplet_embedded_length": 1.4446822742474916,
        "droplet_diameter": 0.11967224080267559,
        "contact_angle": 23.54180602006689,
        "fiber_rotation": 1.5050167224080266
    },
    "mechanical_parameters": {
        "interface_friction": 0.0,
        "GI": 0.0015,
        "GII,GIII": 0.3,
        "tI=tII=tIII": 1.3,
        "blade_friction": 0.6
    }
}
