{
    "geometrical_parameters": {
        "fiber_diameter": 0.018915831663326655,
        "blade_distance": 0.30088176352705415,
        "elliptical_fiber_ratio": 1.5080160320641283,
        "ratio_droplet_embedded_length": 1.329939879759519,
        "droplet_diameter": 0.1875490981963928,
        "contact_angle": 25.228857715430863,
        "fiber_rotation": 76.11222444889779
    },
    "mechanical_parameters": {
        "interface_friction": 0.0,
        "tI": 1,
        "tII,tIII": 1.3,
        "GI": 0.01,
        "GII,GIII": 0.15,
        "blade_friction": 0.6
    }
}
