{
    "geometrical_parameters": {
        "fiber_diameter": 0.021,
        "blade_distance": 0.15,
        "elliptical_fiber_ratio": 1.0,
        "ratio_droplet_embedded_length": 1.36,
        "droplet_diameter": 0.162,
        "contact_angle": 25.7,
        "fiber_rotation": 0
    },
    "mechanical_parameters": {
        "interface_friction": 0.1230769230769231,
        "GI": 0.022521739130434783,
        "GII,GIII": 0.14274247491638795,
        "tI=tII=tIII": 1.463210702341137,
        "blade_friction": 0.5538461538461539
    }
}
