{
    "geometrical_parameters": {
        "fiber_diameter": 0.017400801603206412,
        "elliptical_fiber_ratio": 1.0,
        "blade_distance": 0.3705410821643287,
        "ratio_droplet_embedded_length": 1.36,
        "droplet_diameter": 0.1856553106212425,
        "contact_angle": 25.7,
        "fiber_rotation": 0
    },
    "mechanical_parameters": {
        "interface_friction": 0.0,
        "GI": 0.0015,
        "GII,GIII": 0.1641683366733467,
        "blade_friction": 0.0,
        "tI=tII=tIII": 1.933867735470942
    }
}
