{
    "geometrical_parameters": {
        "fiber_diameter": 0.014444816053511705,
        "blade_distance": 0.23545150501672238,
        "elliptical_fiber_ratio": 1.3662207357859533,
        "ratio_droplet_embedded_length": 1.36,
        "droplet_diameter": 0.162,
        "contact_angle": 25.7,
        "fiber_rotation": 45
    },
    "mechanical_parameters": {
        "interface_friction": 0.0,
        "GI": 0.0015,
        "GII,GIII": 0.411505016722408,
        "blade_friction": 0.0,
        "tI=tII=tIII": 1.1371237458193981
    }
}
