{
    "geometrical_parameters": {
        "fiber_diameter": 0.025841683366733467,
        "blade_distance": 0.5789579158316633,
        "elliptical_fiber_ratio": 1.748496993987976,
        "ratio_droplet_embedded_length": 1.465250501002004,
        "droplet_diameter": 0.11423246492985972,
        "contact_angle": 25.79959919839679,
        "fiber_rotation": 40.40080160320641
    },
    "mechanical_parameters": {
        "interface_friction": 0.0,
        "tI": 1,
        "tII,tIII": 1.3,
        "GI": 0.015,
        "GII,GIII": 0.1,
        "blade_friction": 0.6
    }
}
