{
    "geometrical_parameters": {
        "fiber_diameter": 0.017797595190380763,
        "blade_distance": 0.227935871743487,
        "elliptical_fiber_ratio": 1.0811623246492985,
        "ratio_droplet_embedded_length": 1.3094188376753506,
        "droplet_diameter": 0.22001402805611225,
        "contact_angle": 31.4,
        "fiber_rotation": 64.92985971943888
    },
    "mechanical_parameters": {
        "interface_friction": 0.0,
        "tI": 1,
        "tII,tIII": 1.3,
        "GI": 0.01,
        "GII,GIII": 0.15,
        "blade_friction": 0.6
    }
}
