{
    "geometrical_parameters": {
        "fiber_diameter": 0.024454545454545455,
        "blade_distance": 0.10505050505050506,
        "elliptical_fiber_ratio": 1.2424242424242424,
        "ratio_droplet_embedded_length": 1.4218181818181819,
        "droplet_diameter": 0.1839090909090909,
        "contact_angle": 23.848484848484844,
        "fiber_rotation": 14.545454545454547
    },
    "mechanical_parameters": {
        "interface_friction": 0.0,
        "tI": 1.3,
        "tII,tIII": 1.3,
        "GI": 0.3,
        "GII,GIII": 0.3,
        "blade_friction": 0.6
    }
}
