{
    "geometrical_parameters": {
        "fiber_diameter": 0.014636363636363637,
        "blade_distance": 0.3474747474747475,
        "elliptical_fiber_ratio": 2.393939393939394,
        "ratio_droplet_embedded_length": 1.1761616161616162,
        "droplet_diameter": 0.113,
        "contact_angle": 22.41010101010101,
        "fiber_rotation": 47.27272727272728
    },
    "mechanical_parameters": {
        "interface_friction": 0.0,
        "GI": 0.3,
        "GII,GIII": 0.3,
        "tI=tII=tIII": 1.3,
        "blade_friction": 0.6
    }
}
