{
    "geometrical_parameters": {
        "fiber_diameter": 0.0188436873747495,
        "blade_distance": 0.21222444889779563,
        "elliptical_fiber_ratio": 1.0571142284569137,
        "ratio_droplet_embedded_length": 1.2767134268537073,
        "droplet_diameter": 0.10422244488977957,
        "contact_angle": 30.50821643286573,
        "fiber_rotation": 58.97795591182365
    },
    "mechanical_parameters": {
        "interface_friction": 0.0,
        "tI": 1,
        "tII,tIII": 1.3,
        "GI": 0.01,
        "GII,GIII": 0.15,
        "blade_friction": 0.6
    }
}
