{
    "geometrical_parameters": {
        "fiber_diameter": 0.013421404682274247,
        "blade_distance": 0.10234113712374583,
        "elliptical_fiber_ratio": 1.6622073578595318,
        "ratio_droplet_embedded_length": 1.3590635451505015,
        "droplet_diameter": 0.11606020066889633,
        "contact_angle": 22.946488294314378,
        "fiber_rotation": 58.09364548494983
    },
    "mechanical_parameters": {
        "interface_friction": 0.0,
        "GI": 0.0015,
        "GII,GIII": 0.3,
        "tI=tII=tIII": 1.3,
        "blade_friction": 0.6
    }
}
