{
    "geometrical_parameters": {
        "fiber_diameter": 0.016462925851703405,
        "blade_distance": 0.3356713426853708,
        "elliptical_fiber_ratio": 2.079158316633267,
        "ratio_droplet_embedded_length": 1.3927855711422845,
        "droplet_diameter": 0.17618637274549098,
        "contact_angle": 22.3751503006012,
        "fiber_rotation": 15.511022044088175
    },
    "mechanical_parameters": {
        "interface_friction": 0.0,
        "tI": 1,
        "tII,tIII": 1.3,
        "GI": 0.01,
        "GII,GIII": 0.15,
        "blade_friction": 0.6
    }
}
