{
    "geometrical_parameters": {
        "fiber_diameter": 0.021,
        "blade_distance": 0.15,
        "elliptical_fiber_ratio": 1.0,
        "ratio_droplet_embedded_length": 1.36,
        "droplet_diameter": 0.162,
        "contact_angle": 25.7,
        "fiber_rotation": 0
    },
    "mechanical_parameters": {
        "interface_friction": 0.7759197324414716,
        "GI": 0.047354515050167224,
        "GII,GIII": 0.46886287625418055,
        "tI=tII=tIII": 1.9548494983277591,
        "blade_friction": 0.7839464882943145
    }
}
