{
    "geometrical_parameters": {
        "fiber_diameter": 0.022451505016722408,
        "blade_distance": 0.7672240802675586,
        "elliptical_fiber_ratio": 2.3846153846153846,
        "ratio_droplet_embedded_length": 1.4746488294314382,
        "droplet_diameter": 0.19326755852842809,
        "contact_angle": 18.779264214046822,
        "fiber_rotation": 33.41137123745819
    },
    "mechanical_parameters": {
        "interface_friction": 0.0,
        "GI": 0.0015,
        "GII,GIII": 0.3,
        "tI=tII=tIII": 1.3,
        "blade_friction": 0.6
    }
}
