{
    "geometrical_parameters": {
        "fiber_diameter": 0.019745490981963928,
        "elliptical_fiber_ratio": 1.0,
        "blade_distance": 0.2633266533066132,
        "ratio_droplet_embedded_length": 1.36,
        "droplet_diameter": 0.15373146292585171,
        "contact_angle": 25.7,
        "fiber_rotation": 0
    },
    "mechanical_parameters": {
        "interface_friction": 0.0,
        "GI": 0.0015,
        "GII,GIII": 0.15434869739478957,
        "blade_friction": 0.0,
        "tI=tII=tIII": 1.191382765531062
    }
}
