{
    "geometrical_parameters": {
        "fiber_diameter": 0.021,
        "blade_distance": 0.042,
        "elliptical_fiber_ratio": 1.0,
        "ratio_droplet_embedded_length": 1.36,
        "droplet_diameter": 0.162,
        "contact_angle": 25.7,
        "fiber_rotation": 0
    },
    "mechanical_parameters": {
        "interface_friction": 0.6046822742474918,
        "GI": 0.0672207357859532,
        "GII,GIII": 0.2902341137123746,
        "tI=tII=tIII": 1.9247491638795986,
        "blade_friction": 0.6367892976588629
    }
}
