{
    "geometrical_parameters": {
        "fiber_diameter": 0.02576254180602007,
        "blade_distance": 0.3826086956521739,
        "elliptical_fiber_ratio": 1.9180602006688963,
        "ratio_droplet_embedded_length": 1.4040133779264214,
        "droplet_diameter": 0.14495652173913043,
        "contact_angle": 14.850167224080266,
        "fiber_rotation": 8.127090301003346
    },
    "mechanical_parameters": {
        "interface_friction": 0.0,
        "GI": 0.0015,
        "GII,GIII": 0.3,
        "tI=tII=tIII": 1.3,
        "blade_friction": 0.6
    }
}
