{
    "geometrical_parameters": {
        "fiber_diameter": 0.01914046822742475,
        "blade_distance": 0.5832775919732441,
        "elliptical_fiber_ratio": 1.145484949832776,
        "ratio_droplet_embedded_length": 1.36,
        "droplet_diameter": 0.162,
        "contact_angle": 25.7,
        "fiber_rotation": 0
    },
    "mechanical_parameters": {
        "interface_friction": 0.0,
        "GI": 0.0015,
        "GII,GIII": 0.15421404682274248,
        "blade_friction": 0.0,
        "tI=tII=tIII": 1.7642140468227427
    }
}
