{
    "geometrical_parameters": {
        "fiber_diameter": 0.026725752508361206,
        "blade_distance": 0.2688963210702341,
        "elliptical_fiber_ratio": 2.439799331103679,
        "ratio_droplet_embedded_length": 1.36,
        "droplet_diameter": 0.162,
        "contact_angle": 25.7,
        "fiber_rotation": 45
    },
    "mechanical_parameters": {
        "interface_friction": 0.0,
        "GI": 0.0015,
        "GII,GIII": 0.20501672240802676,
        "blade_friction": 0.0,
        "tI=tII=tIII": 0.9063545150501671
    }
}
