{
    "geometrical_parameters": {
        "fiber_diameter": 0.014565217391304347,
        "blade_distance": 0.35919732441471575,
        "elliptical_fiber_ratio": 1.2809364548494984,
        "ratio_droplet_embedded_length": 1.36,
        "droplet_diameter": 0.162,
        "contact_angle": 25.7,
        "fiber_rotation": 0
    },
    "mechanical_parameters": {
        "interface_friction": 0.0,
        "GI": 0.0015,
        "GII,GIII": 0.32301003344481605,
        "blade_friction": 0.0,
        "tI=tII=tIII": 1.5886287625418059
    }
}
