{
    "geometrical_parameters": {
        "fiber_diameter": 0.01522742474916388,
        "blade_distance": 0.23344481605351172,
        "elliptical_fiber_ratio": 2.7324414715719065,
        "ratio_droplet_embedded_length": 1.2969899665551838,
        "droplet_diameter": 0.11154515050167224,
        "contact_angle": 20.32709030100334,
        "fiber_rotation": 80.06688963210703
    },
    "mechanical_parameters": {
        "interface_friction": 0.0,
        "GI": 0.0015,
        "GII,GIII": 0.3,
        "tI=tII=tIII": 1.3,
        "blade_friction": 0.6
    }
}
