{
    "geometrical_parameters": {
        "fiber_diameter": 0.025040133779264215,
        "blade_distance": 0.5548494983277592,
        "elliptical_fiber_ratio": 2.3896321070234112,
        "ratio_droplet_embedded_length": 1.36,
        "droplet_diameter": 0.162,
        "contact_angle": 25.7,
        "fiber_rotation": 45
    },
    "mechanical_parameters": {
        "interface_friction": 0.0,
        "GI": 0.0015,
        "GII,GIII": 0.31317725752508363,
        "blade_friction": 0.0,
        "tI=tII=tIII": 1.8846153846153846
    }
}
