{
    "geometrical_parameters": {
        "fiber_diameter": 0.013541806020066889,
        "blade_distance": 0.5046822742474917,
        "elliptical_fiber_ratio": 1.988294314381271,
        "ratio_droplet_embedded_length": 1.368695652173913,
        "droplet_diameter": 0.1476655518394649,
        "contact_angle": 30.03076923076923,
        "fiber_rotation": 51.77257525083612
    },
    "mechanical_parameters": {
        "interface_friction": 0.0,
        "GI": 0.0015,
        "GII,GIII": 0.3,
        "tI=tII=tIII": 1.3,
        "blade_friction": 0.6
    }
}
