{
    "geometrical_parameters": {
        "fiber_diameter": 0.02485953177257525,
        "blade_distance": 0.3859531772575251,
        "elliptical_fiber_ratio": 1.2207357859531773,
        "ratio_droplet_embedded_length": 1.36,
        "droplet_diameter": 0.162,
        "contact_angle": 25.7,
        "fiber_rotation": 0
    },
    "mechanical_parameters": {
        "interface_friction": 0.0,
        "GI": 0.0015,
        "GII,GIII": 0.40658862876254187,
        "blade_friction": 0.0,
        "tI=tII=tIII": 0.5953177257525084
    }
}
