{
    "geometrical_parameters": {
        "fiber_diameter": 0.026058116232464932,
        "elliptical_fiber_ratio": 1.0,
        "blade_distance": 0.1991983967935872,
        "ratio_droplet_embedded_length": 1.36,
        "droplet_diameter": 0.1234308617234469,
        "contact_angle": 25.7,
        "fiber_rotation": 0
    },
    "mechanical_parameters": {
        "interface_friction": 0.0,
        "GI": 0.0015,
        "GII,GIII": 0.15238476953907815,
        "blade_friction": 0.0,
        "tI=tII=tIII": 0.6022044088176353
    }
}
