{
    "geometrical_parameters": {
        "fiber_diameter": 0.02372727272727273,
        "blade_distance": 0.043553192297831535,
        "elliptical_fiber_ratio": 1.3838383838383839,
        "ratio_droplet_embedded_length": 1.3216161616161615,
        "droplet_diameter": 0.15527272727272728,
        "contact_angle": 22.05050505050505,
        "fiber_rotation": 11.81818181818182
    },
    "mechanical_parameters": {
        "interface_friction": 0.0,
        "GI": 0.015,
        "GII,GIII": 0.3,
        "tI=tII=tIII": 1.3,
        "blade_friction": 0.6
    }
}
