{
    "geometrical_parameters": {
        "fiber_diameter": 0.01914046822742475,
        "blade_distance": 0.7157190635451506,
        "elliptical_fiber_ratio": 1.1070234113712374,
        "ratio_droplet_embedded_length": 1.4767892976588628,
        "droplet_diameter": 0.16301672240802675,
        "contact_angle": 17.17190635451505,
        "fiber_rotation": 40.63545150501671
    },
    "mechanical_parameters": {
        "interface_friction": 0.0,
        "GI": 0.0015,
        "GII,GIII": 0.3,
        "tI=tII=tIII": 1.3,
        "blade_friction": 0.6
    }
}
