{
    "geometrical_parameters": {
        "fiber_diameter": 0.017755852842809363,
        "blade_distance": 0.48628762541806025,
        "elliptical_fiber_ratio": 1.1304347826086956,
        "ratio_droplet_embedded_length": 1.36,
        "droplet_diameter": 0.162,
        "contact_angle": 25.7,
        "fiber_rotation": 45
    },
    "mechanical_parameters": {
        "interface_friction": 0.0,
        "GI": 0.0015,
        "GII,GIII": 0.1968227424749164,
        "blade_friction": 0.0,
        "tI=tII=tIII": 0.8862876254180603
    }
}
