{
    "geometrical_parameters": {
        "fiber_diameter": 0.02431772575250836,
        "blade_distance": 0.4595317725752508,
        "elliptical_fiber_ratio": 2.419732441471572,
        "ratio_droplet_embedded_length": 1.36,
        "droplet_diameter": 0.162,
        "contact_angle": 25.7,
        "fiber_rotation": 0
    },
    "mechanical_parameters": {
        "interface_friction": 0.0,
        "GI": 0.0015,
        "GII,GIII": 0.21157190635451506,
        "blade_friction": 0.0,
        "tI=tII=tIII": 0.6806020066889632
    }
}
