{
    "geometrical_parameters": {
        "fiber_diameter": 0.015,
        "blade_distance": 0.08562427028069994,
        "elliptical_fiber_ratio": 1.9494949494949494,
        "ratio_droplet_embedded_length": 1.353939393939394,
        "droplet_diameter": 0.233,
        "contact_angle": 29.24242424242424,
        "fiber_rotation": 75.45454545454545
    },
    "mechanical_parameters": {
        "interface_friction": 0.0,
        "GI": 0.015,
        "GII,GIII": 0.3,
        "tI=tII=tIII": 1.3,
        "blade_friction": 0.6
    }
}
