{
    "geometrical_parameters": {
        "fiber_diameter": 0.021,
        "blade_distance": 0.15,
        "elliptical_fiber_ratio": 1.0,
        "ratio_droplet_embedded_length": 1.36,
        "droplet_diameter": 0.162,
        "contact_angle": 25.7,
        "fiber_rotation": 0
    },
    "mechanical_parameters": {
        "interface_friction": 0.631438127090301,
        "GI": 0.05761872909698997,
        "GII,GIII": 0.44100334448160533,
        "tI=tII=tIII": 1.648829431438127,
        "blade_friction": 0.5377926421404683
    }
}
