{
    "geometrical_parameters": {
        "fiber_diameter": 0.028907815631262525,
        "blade_distance": 0.12356713426853708,
        "elliptical_fiber_ratio": 1.6462925851703407,
        "ratio_droplet_embedded_length": 1.2138677354709417,
        "droplet_diameter": 0.19350100200400802,
        "contact_angle": 25.692585170340678,
        "fiber_rotation": 34.62925851703407
    },
    "mechanical_parameters": {
        "interface_friction": 0.0,
        "tI": 1,
        "tII,tIII": 1.3,
        "GI": 0.01,
        "GII,GIII": 0.15,
        "blade_friction": 0.6
    }
}
