{
    "geometrical_parameters": {
        "fiber_diameter": 0.017996655518394647,
        "blade_distance": 0.46789297658862883,
        "elliptical_fiber_ratio": 1.6872909698996654,
        "ratio_droplet_embedded_length": 1.36,
        "droplet_diameter": 0.162,
        "contact_angle": 25.7,
        "fiber_rotation": 0
    },
    "mechanical_parameters": {
        "interface_friction": 0.0,
        "GI": 0.0015,
        "GII,GIII": 0.3344816053511706,
        "blade_friction": 0.0,
        "tI=tII=tIII": 0.7759197324414716
    }
}
