{
    "geometrical_parameters": {
        "fiber_diameter": 0.014264214046822743,
        "blade_distance": 0.3959866220735786,
        "elliptical_fiber_ratio": 1.3762541806020065,
        "ratio_droplet_embedded_length": 1.1781939799331103,
        "droplet_diameter": 0.14811705685618728,
        "contact_angle": 31.04280936454849,
        "fiber_rotation": 56.58862876254181
    },
    "mechanical_parameters": {
        "interface_friction": 0.0,
        "GI": 0.0015,
        "GII,GIII": 0.3,
        "tI=tII=tIII": 1.3,
        "blade_friction": 0.6
    }
}
