{
    "geometrical_parameters": {
        "fiber_diameter": 0.023424849699398797,
        "blade_distance": 0.29751503006012026,
        "elliptical_fiber_ratio": 1.003006012024048,
        "ratio_droplet_embedded_length": 1.1766733466933867,
        "droplet_diameter": 0.19728857715430864,
        "contact_angle": 25.72825651302605,
        "fiber_rotation": 78.81763527054107
    },
    "mechanical_parameters": {
        "interface_friction": 0.0,
        "tI": 1,
        "tII,tIII": 1.3,
        "GI": 0.01,
        "GII,GIII": 0.15,
        "blade_friction": 0.6
    }
}
