{
    "geometrical_parameters": {
        "fiber_diameter": 0.02371571906354515,
        "blade_distance": 0.5548494983277592,
        "elliptical_fiber_ratio": 1.6070234113712374,
        "ratio_droplet_embedded_length": 1.36,
        "droplet_diameter": 0.162,
        "contact_angle": 25.7,
        "fiber_rotation": 0
    },
    "mechanical_parameters": {
        "interface_friction": 0.0,
        "GI": 0.0015,
        "GII,GIII": 0.4606688963210703,
        "blade_friction": 0.0,
        "tI=tII=tIII": 1.0167224080267558
    }
}
