{
    "geometrical_parameters": {
        "fiber_diameter": 0.021,
        "blade_distance": 0.042,
        "elliptical_fiber_ratio": 1.0,
        "ratio_droplet_embedded_length": 1.36,
        "droplet_diameter": 0.162,
        "contact_angle": 25.7,
        "fiber_rotation": 0
    },
    "mechanical_parameters": {
        "interface_friction": 0.7973244147157191,
        "GI": 0.034772575250836116,
        "GII,GIII": 0.29842809364548495,
        "tI=tII=tIII": 1.7692307692307694,
        "blade_friction": 0.5270903010033445
    }
}
