{
    "geometrical_parameters": {
        "fiber_diameter": 0.02729145728643216,
        "blade_distance": 0.36884422110552767,
        "elliptical_fiber_ratio": 1.8944723618090453,
        "ratio_droplet_embedded_length": 1.4719597989949749,
        "droplet_diameter": 0.18483417085427137,
        "contact_angle": 15.299497487437186,
        "fiber_rotation": 53.36683417085427
    },
    "mechanical_parameters": {
        "interface_friction": 0.0,
        "GI": 0.0015,
        "GII,GIII": 0.3,
        "tI=tII=tIII": 1.3,
        "blade_friction": 0.6
    }
}
