{
    "geometrical_parameters": {
        "fiber_diameter": 0.030314629258517037,
        "elliptical_fiber_ratio": 1.0,
        "blade_distance": 0.18216432865731463,
        "ratio_droplet_embedded_length": 1.36,
        "droplet_diameter": 0.16725851703406813,
        "contact_angle": 25.7,
        "fiber_rotation": 0
    },
    "mechanical_parameters": {
        "interface_friction": 0.0,
        "GI": 0.0015,
        "GII,GIII": 0.10132264529058116,
        "blade_friction": 0.0,
        "tI=tII=tIII": 0.6292585170340681
    }
}
