{
    "geometrical_parameters": {
        "fiber_diameter": 0.021,
        "blade_distance": 0.15,
        "elliptical_fiber_ratio": 1.0,
        "ratio_droplet_embedded_length": 1.36,
        "droplet_diameter": 0.162,
        "contact_angle": 25.7,
        "fiber_rotation": 0
    },
    "mechanical_parameters": {
        "interface_friction": 0.6876254180602006,
        "tI": 1.228428093645485,
        "tII,tIII": 1.9949832775919734,
        "GI": 0.09238461538461538,
        "GII,GIII": 0.2017391304347826,
        "blade_friction": 0.7411371237458194
    }
}
