{
    "geometrical_parameters": {
        "fiber_diameter": 0.021,
        "blade_distance": 0.042,
        "elliptical_fiber_ratio": 1.0,
        "ratio_droplet_embedded_length": 1.36,
        "droplet_diameter": 0.162,
        "contact_angle": 25.7,
        "fiber_rotation": 0
    },
    "mechanical_parameters": {
        "interface_friction": 0.42006688963210703,
        "GI": 0.045036789297658864,
        "GII,GIII": 0.36397993311036797,
        "tI=tII=tIII": 1.011705685618729,
        "blade_friction": 0.42006688963210703
    }
}
