{
    "geometrical_parameters": {
        "fiber_diameter": 0.019561872909698998,
        "blade_distance": 0.2153846153846154,
        "elliptical_fiber_ratio": 2.2441471571906355,
        "ratio_droplet_embedded_length": 1.408294314381271,
        "droplet_diameter": 0.12418729096989967,
        "contact_angle": 26.756521739130434,
        "fiber_rotation": 23.779264214046822
    },
    "mechanical_parameters": {
        "interface_friction": 0.0,
        "GI": 0.0015,
        "GII,GIII": 0.3,
        "tI=tII=tIII": 1.3,
        "blade_friction": 0.6
    }
}
