{
    "geometrical_parameters": {
        "fiber_diameter": 0.021,
        "blade_distance": 0.15,
        "elliptical_fiber_ratio": 1.0,
        "ratio_droplet_embedded_length": 1.36,
        "droplet_diameter": 0.162,
        "contact_angle": 25.7,
        "fiber_rotation": 0
    },
    "mechanical_parameters": {
        "interface_friction": 0.7143812709030101,
        "tI": 0.4090301003344482,
        "tII,tIII": 1.3578595317725752,
        "GI": 0.011595317725752511,
        "GII,GIII": 0.23943143812709025,
        "blade_friction": 0.548494983277592
    }
}
