{
    "geometrical_parameters": {
        "fiber_diameter": 0.023535117056856188,
        "elliptical_fiber_ratio": 1.0,
        "blade_distance": 0.3625418060200669,
        "ratio_droplet_embedded_length": 1.36,
        "droplet_diameter": 0.17114381270903012,
        "contact_angle": 25.7,
        "fiber_rotation": 0
    },
    "mechanical_parameters": {
        "interface_friction": 0.0,
        "GI": 0.0015,
        "GII,GIII": 0.4295317725752509,
        "blade_friction": 0.0,
        "tI=tII=tIII": 1.0167224080267558
    }
}
