{
    "geometrical_parameters": {
        "fiber_diameter": 0.019529058116232467,
        "blade_distance": 0.43066132264529056,
        "elliptical_fiber_ratio": 1.9468937875751504,
        "ratio_droplet_embedded_length": 1.2036072144288577,
        "droplet_diameter": 0.1412865731462926,
        "contact_angle": 18.308617234468937,
        "fiber_rotation": 46.35270541082164
    },
    "mechanical_parameters": {
        "interface_friction": 0.0,
        "tI": 1,
        "tII,tIII": 1.3,
        "GI": 0.015,
        "GII,GIII": 0.1,
        "blade_friction": 0.6
    }
}
