{
    "geometrical_parameters": {
        "fiber_diameter": 0.021,
        "blade_distance": 0.15,
        "elliptical_fiber_ratio": 1.0,
        "ratio_droplet_embedded_length": 1.36,
        "droplet_diameter": 0.162,
        "contact_angle": 25.7,
        "fiber_rotation": 0
    },
    "mechanical_parameters": {
        "interface_friction": 0.16053511705685622,
        "tI": 0.24983277591973246,
        "tII,tIII": 1.9247491638795986,
        "GI": 0.08476923076923078,
        "GII,GIII": 0.121438127090301,
        "blade_friction": 0.717056856187291
    }
}
