{
    "geometrical_parameters": {
        "fiber_diameter": 0.019682274247491638,
        "elliptical_fiber_ratio": 1.0,
        "blade_distance": 0.3157190635451505,
        "ratio_droplet_embedded_length": 1.36,
        "droplet_diameter": 0.15082608695652172,
        "contact_angle": 25.7,
        "fiber_rotation": 0
    },
    "mechanical_parameters": {
        "interface_friction": 0.0,
        "GI": 0.0015,
        "GII,GIII": 0.1279933110367893,
        "blade_friction": 0.0,
        "tI=tII=tIII": 1.6839464882943145
    }
}
