{
    "geometrical_parameters": {
        "fiber_diameter": 0.030939799331103683,
        "blade_distance": 0.257190635451505,
        "elliptical_fiber_ratio": 2.4698996655518393,
        "ratio_droplet_embedded_length": 1.1792642140468226,
        "droplet_diameter": 0.18062541806020066,
        "contact_angle": 22.52976588628762,
        "fiber_rotation": 53.27759197324416
    },
    "mechanical_parameters": {
        "interface_friction": 0.0,
        "tI": 1,
        "tII,tIII": 1.3,
        "GI": 0.01,
        "GII,GIII": 0.15,
        "blade_friction": 0.8
    }
}
