{
    "geometrical_parameters": {
        "fiber_diameter": 0.029557114228456915,
        "elliptical_fiber_ratio": 1.0,
        "blade_distance": 0.1661322645290581,
        "ratio_droplet_embedded_length": 1.36,
        "droplet_diameter": 0.14940280561122246,
        "contact_angle": 25.7,
        "fiber_rotation": 0
    },
    "mechanical_parameters": {
        "interface_friction": 0.0,
        "GI": 0.0015,
        "GII,GIII": 0.35565130260521044,
        "blade_friction": 0.0,
        "tI=tII=tIII": 1.8947895791583167
    }
}
