{
    "geometrical_parameters": {
        "fiber_diameter": 0.01474581939799331,
        "blade_distance": 0.2705685618729097,
        "elliptical_fiber_ratio": 2.3846153846153846,
        "ratio_droplet_embedded_length": 1.4018729096989966,
        "droplet_diameter": 0.21132775919732444,
        "contact_angle": 14.135785953177257,
        "fiber_rotation": 76.15384615384616
    },
    "mechanical_parameters": {
        "interface_friction": 0.0,
        "GI": 0.0015,
        "GII,GIII": 0.3,
        "tI=tII=tIII": 1.3,
        "blade_friction": 0.6
    }
}
