{
    "geometrical_parameters": {
        "fiber_diameter": 0.021,
        "blade_distance": 0.15,
        "elliptical_fiber_ratio": 1.0,
        "ratio_droplet_embedded_length": 1.36,
        "droplet_diameter": 0.162,
        "contact_angle": 25.7,
        "fiber_rotation": 0
    },
    "mechanical_parameters": {
        "interface_friction": 0.2809364548494983,
        "GI": 0.046692307692307686,
        "GII,GIII": 0.44919732441471566,
        "tI=tII=tIII": 1.4531772575250836,
        "blade_friction": 0.3050167224080268
    }
}
