{
    "geometrical_parameters": {
        "fiber_diameter": 0.0163186372745491,
        "elliptical_fiber_ratio": 1.0,
        "blade_distance": 0.5909819639278557,
        "ratio_droplet_embedded_length": 1.36,
        "droplet_diameter": 0.22082565130260523,
        "contact_angle": 25.7,
        "fiber_rotation": 0
    },
    "mechanical_parameters": {
        "interface_friction": 0.0,
        "GI": 0.0015,
        "GII,GIII": 0.17595190380761525,
        "blade_friction": 0.0,
        "tI=tII=tIII": 1.1973947895791583
    }
}
