{
    "geometrical_parameters": {
        "fiber_diameter": 0.013060200668896321,
        "blade_distance": 0.2802675585284281,
        "elliptical_fiber_ratio": 3.0,
        "ratio_droplet_embedded_length": 1.20066889632107,
        "droplet_diameter": 0.10793311036789298,
        "contact_angle": 27.530434782608694,
        "fiber_rotation": 33.11036789297659
    },
    "mechanical_parameters": {
        "interface_friction": 0.0,
        "GI": 0.0015,
        "GII,GIII": 0.3,
        "tI=tII=tIII": 1.3,
        "blade_friction": 0.6
    }
}
