{
    "geometrical_parameters": {
        "fiber_diameter": 0.013721442885771543,
        "blade_distance": 0.5511422845691384,
        "elliptical_fiber_ratio": 1.9799599198396793,
        "ratio_droplet_embedded_length": 1.3350701402805611,
        "droplet_diameter": 0.11856112224448898,
        "contact_angle": 30.72224448897795,
        "fiber_rotation": 46.893787575150306
    },
    "mechanical_parameters": {
        "interface_friction": 0.0,
        "tI": 1,
        "tII,tIII": 1.3,
        "GI": 0.01,
        "GII,GIII": 0.15,
        "blade_friction": 0.6
    }
}
