{
    "geometrical_parameters": {
        "fiber_diameter": 0.025363636363636366,
        "blade_distance_ratio_to_fiber_diameter": 1.4393939393939394,
        "elliptical_fiber_ratio": 2.0303030303030303,
        "ratio_droplet_embedded_length": 1.4541414141414142,
        "droplet_diameter": 0.10890909090909091,
        "contact_angle": 15.937373737373736,
        "fiber_rotation": 27.272727272727273
    },
    "mechanical_parameters": {
        "interface_friction": 0.0,
        "GI": 0.015,
        "GII,GIII": 0.3,
        "tI=tII=tIII": 1.3,
        "blade_friction": 0.6
    }
}
