{
    "geometrical_parameters": {
        "fiber_diameter": 0.019181818181818182,
        "blade_distance": 0.05999144485665032,
        "elliptical_fiber_ratio": 1.606060606060606,
        "ratio_droplet_embedded_length": 1.1858585858585857,
        "droplet_diameter": 0.14981818181818182,
        "contact_angle": 25.107070707070704,
        "fiber_rotation": 16.363636363636363
    },
    "mechanical_parameters": {
        "interface_friction": 0.0,
        "GI": 0.015,
        "GII,GIII": 0.3,
        "tI=tII=tIII": 1.3,
        "blade_friction": 0.6
    }
}
