{
    "geometrical_parameters": {
        "fiber_diameter": 0.024090909090909093,
        "blade_distance_ratio_to_fiber_diameter": 1.7803030303030303,
        "elliptical_fiber_ratio": 1.787878787878788,
        "ratio_droplet_embedded_length": 1.3183838383838382,
        "droplet_diameter": 0.14436363636363636,
        "contact_angle": 18.274747474747475,
        "fiber_rotation": 88.18181818181817
    },
    "mechanical_parameters": {
        "interface_friction": 0.0,
        "GI": 0.015,
        "GII,GIII": 0.3,
        "tI=tII=tIII": 1.3,
        "blade_friction": 0.6
    }
}
