{
    "geometrical_parameters": {
        "fiber_diameter": 0.027545454545454547,
        "blade_distance": 0.1659202143734963,
        "elliptical_fiber_ratio": 1.9696969696969697,
        "ratio_droplet_embedded_length": 1.2731313131313131,
        "droplet_diameter": 0.2234545454545455,
        "contact_angle": 17.375757575757575,
        "fiber_rotation": 1.8181818181818181
    },
    "mechanical_parameters": {
        "interface_friction": 0.0,
        "GI": 0.015,
        "GII,GIII": 0.3,
        "tI=tII=tIII": 1.3,
        "blade_friction": 0.6
    }
}
