{
    "geometrical_parameters": {
        "fiber_diameter": 0.017334448160535115,
        "blade_distance": 0.43444816053511703,
        "elliptical_fiber_ratio": 1.2909698996655519,
        "ratio_droplet_embedded_length": 1.36,
        "droplet_diameter": 0.162,
        "contact_angle": 25.7,
        "fiber_rotation": 45
    },
    "mechanical_parameters": {
        "interface_friction": 0.0,
        "GI": 0.0015,
        "GII,GIII": 0.44919732441471566,
        "blade_friction": 0.0,
        "tI=tII=tIII": 1.4331103678929766
    }
}
