{
    "geometrical_parameters": {
        "fiber_diameter": 0.014454545454545454,
        "blade_distance_ratio_to_fiber_diameter": 3.1818181818181817,
        "elliptical_fiber_ratio": 2.3939393939393936,
        "ratio_droplet_embedded_length": 1.1923232323232322,
        "droplet_diameter": 0.1743636363636364,
        "contact_angle": 29.42222222222222,
        "fiber_rotation": 90.0
    },
    "mechanical_parameters": {
        "interface_friction": 0.0,
        "GI": 0.015,
        "GII,GIII": 0.3,
        "tI=tII=tIII": 1.3,
        "blade_friction": 0.6
    }
}
