{
    "geometrical_parameters": {
        "fiber_diameter": 0.017727272727272727,
        "blade_distance": 0.20606060606060606,
        "elliptical_fiber_ratio": 1.1666666666666667,
        "ratio_droplet_embedded_length": 1.4315151515151514,
        "droplet_diameter": 0.1893636363636364,
        "contact_angle": 27.983838383838382,
        "fiber_rotation": 33.63636363636363
    },
    "mechanical_parameters": {
        "interface_friction": 0.0,
        "GI": 0.0015,
        "GII,GIII": 0.3,
        "tI=tII=tIII": 1.25,
        "blade_friction": 0.6
    }
}
