{
    "geometrical_parameters": {
        "fiber_diameter": 0.022451505016722408,
        "blade_distance": 0.40100334448160535,
        "elliptical_fiber_ratio": 2.294314381270903,
        "ratio_droplet_embedded_length": 1.380468227424749,
        "droplet_diameter": 0.20771571906354516,
        "contact_angle": 22.35117056856187,
        "fiber_rotation": 61.70568561872909
    },
    "mechanical_parameters": {
        "interface_friction": 0.0,
        "tI": 1,
        "tII,tIII": 1.3,
        "GI": 0.01,
        "GII,GIII": 0.15,
        "blade_friction": 0.8
    }
}
