{
    "geometrical_parameters": {
        "fiber_diameter": 0.024362725450901804,
        "blade_distance": 0.5338677354709419,
        "elliptical_fiber_ratio": 1.7124248496993988,
        "ratio_droplet_embedded_length": 1.4755110220440881,
        "droplet_diameter": 0.13154709418837676,
        "contact_angle": 20.87695390781563,
        "fiber_rotation": 12.084168336673347
    },
    "mechanical_parameters": {
        "interface_friction": 0.0,
        "tI": 1,
        "tII,tIII": 1.3,
        "GI": 0.015,
        "GII,GIII": 0.1,
        "blade_friction": 0.6
    }
}
