{
    "geometrical_parameters": {
        "fiber_diameter": 0.021,
        "blade_distance": 0.042,
        "elliptical_fiber_ratio": 1.0,
        "ratio_droplet_embedded_length": 1.36,
        "droplet_diameter": 0.162,
        "contact_angle": 25.7,
        "fiber_rotation": 0
    },
    "mechanical_parameters": {
        "interface_friction": 0.6474916387959867,
        "GI": 0.036096989966555186,
        "GII,GIII": 0.3148160535117057,
        "tI=tII=tIII": 0.6906354515050167,
        "blade_friction": 0.6020066889632107
    }
}
