{
    "geometrical_parameters": {
        "fiber_diameter": 0.029434782608695656,
        "blade_distance": 0.3006688963210702,
        "elliptical_fiber_ratio": 1.8979933110367893,
        "ratio_droplet_embedded_length": 1.3044816053511705,
        "droplet_diameter": 0.18649498327759198,
        "contact_angle": 19.553177257525082,
        "fiber_rotation": 15.351170568561873
    },
    "mechanical_parameters": {
        "interface_friction": 0.0,
        "GI": 0.0015,
        "GII,GIII": 0.3,
        "tI=tII=tIII": 1.3,
        "blade_friction": 0.6
    }
}
