{
    "geometrical_parameters": {
        "fiber_diameter": 0.021,
        "blade_distance": 0.042,
        "elliptical_fiber_ratio": 1.0,
        "ratio_droplet_embedded_length": 1.36,
        "droplet_diameter": 0.162,
        "contact_angle": 25.7,
        "fiber_rotation": 0
    },
    "mechanical_parameters": {
        "interface_friction": 0.050836120401337795,
        "GI": 0.019541806020066894,
        "GII,GIII": 0.44919732441471566,
        "tI=tII=tIII": 1.5033444816053512,
        "blade_friction": 0.17391304347826086
    }
}
