{
    "geometrical_parameters": {
        "fiber_diameter": 0.03045819397993311,
        "elliptical_fiber_ratio": 1.0,
        "blade_distance": 0.3826086956521739,
        "ratio_droplet_embedded_length": 1.36,
        "droplet_diameter": 0.13592642140468228,
        "contact_angle": 25.7,
        "fiber_rotation": 0
    },
    "mechanical_parameters": {
        "interface_friction": 0.0,
        "GI": 0.0015,
        "GII,GIII": 0.4311705685618729,
        "blade_friction": 0.0,
        "tI=tII=tIII": 0.6404682274247492
    }
}
