{
    "geometrical_parameters": {
        "fiber_diameter": 0.02148829431438127,
        "blade_distance": 0.10501672240802676,
        "elliptical_fiber_ratio": 2.1237458193979935,
        "ratio_droplet_embedded_length": 1.36,
        "droplet_diameter": 0.162,
        "contact_angle": 25.7,
        "fiber_rotation": 0
    },
    "mechanical_parameters": {
        "interface_friction": 0.0,
        "GI": 0.0015,
        "GII,GIII": 0.11160535117056855,
        "blade_friction": 0.0,
        "tI=tII=tIII": 0.7859531772575251
    }
}
