{
    "geometrical_parameters": {
        "fiber_diameter": 0.019441471571906354,
        "blade_distance": 0.19197324414715722,
        "elliptical_fiber_ratio": 1.4264214046822743,
        "ratio_droplet_embedded_length": 1.36,
        "droplet_diameter": 0.162,
        "contact_angle": 25.7,
        "fiber_rotation": 0
    },
    "mechanical_parameters": {
        "interface_friction": 0.0,
        "GI": 0.0015,
        "GII,GIII": 0.34267558528428094,
        "blade_friction": 0.0,
        "tI=tII=tIII": 0.765886287625418
    }
}
