{
    "geometrical_parameters": {
        "fiber_diameter": 0.024919732441471575,
        "blade_distance": 0.18361204013377927,
        "elliptical_fiber_ratio": 1.491638795986622,
        "ratio_droplet_embedded_length": 1.1621404682274246,
        "droplet_diameter": 0.20274916387959868,
        "contact_angle": 16.39799331103679,
        "fiber_rotation": 3.612040133779264
    },
    "mechanical_parameters": {
        "interface_friction": 0.0,
        "tI": 1,
        "tII,tIII": 1.3,
        "GI": 0.01,
        "GII,GIII": 0.15,
        "blade_friction": 0.8
    }
}
