{
    "geometrical_parameters": {
        "fiber_diameter": 0.030422845691382767,
        "blade_distance": 0.056334894375762695,
        "elliptical_fiber_ratio": 1.7935871743486973,
        "ratio_droplet_embedded_length": 1.2651703406813626,
        "droplet_diameter": 0.11260921843687376,
        "contact_angle": 16.41803607214429,
        "fiber_rotation": 46.71342685370742
    },
    "mechanical_parameters": {
        "interface_friction": 0.01282565130260521,
        "GI": 0.012507014028056113,
        "GII,GIII": 0.09729458917835669,
        "tI=tII=tIII": 1.0561122244488979,
        "blade_friction": 0.46492985971943884
    }
}
