{
    "geometrical_parameters": {
        "fiber_diameter": 0.015046822742474916,
        "blade_distance": 0.14013377926421405,
        "elliptical_fiber_ratio": 1.8327759197324416,
        "ratio_droplet_embedded_length": 1.459665551839465,
        "droplet_diameter": 0.20636120401337793,
        "contact_angle": 14.016722408026755,
        "fiber_rotation": 63.51170568561873
    },
    "mechanical_parameters": {
        "interface_friction": 0.0,
        "tI": 1,
        "tII,tIII": 1.3,
        "GI": 0.01,
        "GII,GIII": 0.15,
        "blade_friction": 0.8
    }
}
