{
    "geometrical_parameters": {
        "fiber_diameter": 0.0275685618729097,
        "blade_distance": 0.3374581939799331,
        "elliptical_fiber_ratio": 1.6822742474916388,
        "ratio_droplet_embedded_length": 1.420066889632107,
        "droplet_diameter": 0.2153913043478261,
        "contact_angle": 15.02876254180602,
        "fiber_rotation": 37.92642140468227
    },
    "mechanical_parameters": {
        "interface_friction": 0.0,
        "tI": 1,
        "tII,tIII": 1.3,
        "GI": 0.01,
        "GII,GIII": 0.15,
        "blade_friction": 0.8
    }
}
