{
    "geometrical_parameters": {
        "fiber_diameter": 0.021,
        "blade_distance": 0.15,
        "elliptical_fiber_ratio": 1.0,
        "ratio_droplet_embedded_length": 1.36,
        "droplet_diameter": 0.162,
        "contact_angle": 25.7,
        "fiber_rotation": 0
    },
    "mechanical_parameters": {
        "interface_friction": 0.40668896321070236,
        "GI": 0.07649163879598662,
        "GII,GIII": 0.46886287625418055,
        "tI=tII=tIII": 1.342809364548495,
        "blade_friction": 0.22207357859531773
    }
}
