{
    "geometrical_parameters": {
        "fiber_diameter": 0.022632107023411372,
        "blade_distance": 0.5882943143812709,
        "elliptical_fiber_ratio": 2.224080267558528,
        "ratio_droplet_embedded_length": 1.36,
        "droplet_diameter": 0.162,
        "contact_angle": 25.7,
        "fiber_rotation": 45
    },
    "mechanical_parameters": {
        "interface_friction": 0.0,
        "GI": 0.0015,
        "GII,GIII": 0.016555183946488295,
        "blade_friction": 0.0,
        "tI=tII=tIII": 0.9565217391304347
    }
}
