{
    "geometrical_parameters": {
        "fiber_diameter": 0.02479559118236473,
        "elliptical_fiber_ratio": 1.0,
        "blade_distance": 0.5178356713426854,
        "ratio_droplet_embedded_length": 1.36,
        "droplet_diameter": 0.10016432865731463,
        "contact_angle": 25.7,
        "fiber_rotation": 0
    },
    "mechanical_parameters": {
        "interface_friction": 0.0,
        "GI": 0.0015,
        "GII,GIII": 0.05615230460921843,
        "blade_friction": 0.0,
        "tI=tII=tIII": 0.9448897795591182
    }
}
