{
    "geometrical_parameters": {
        "fiber_diameter": 0.021,
        "blade_distance": 0.042,
        "elliptical_fiber_ratio": 1.0,
        "ratio_droplet_embedded_length": 1.36,
        "droplet_diameter": 0.162,
        "contact_angle": 25.7,
        "fiber_rotation": 0
    },
    "mechanical_parameters": {
        "interface_friction": 0.17391304347826086,
        "GI": 0.059274247491638794,
        "GII,GIII": 0.17879598662207358,
        "tI=tII=tIII": 1.3979933110367893,
        "blade_friction": 0.251505016722408
    }
}
