{
    "geometrical_parameters": {
        "fiber_diameter": 0.021,
        "blade_distance": 0.15,
        "elliptical_fiber_ratio": 1.0,
        "ratio_droplet_embedded_length": 1.36,
        "droplet_diameter": 0.162,
        "contact_angle": 25.7,
        "fiber_rotation": 0
    },
    "mechanical_parameters": {
        "interface_friction": 0.13913043478260873,
        "tI": 0.21705685618729098,
        "tII,tIII": 1.2876254180602005,
        "GI": 0.037752508361204015,
        "GII,GIII": 0.26729096989966555,
        "blade_friction": 0.29966555183946486
    }
}
