{
    "geometrical_parameters": {
        "fiber_diameter": 0.021,
        "blade_distance": 0.042,
        "elliptical_fiber_ratio": 1.0,
        "ratio_droplet_embedded_length": 1.36,
        "droplet_diameter": 0.162,
        "contact_angle": 25.7,
        "fiber_rotation": 0
    },
    "mechanical_parameters": {
        "interface_friction": 0.7625418060200669,
        "GI": 0.02450836120401338,
        "GII,GIII": 0.13618729096989968,
        "tI=tII=tIII": 1.4180602006688963,
        "blade_friction": 0.3879598662207358
    }
}
