{
    "geometrical_parameters": {
        "fiber_diameter": 0.021,
        "blade_distance": 0.042,
        "elliptical_fiber_ratio": 1.0,
        "ratio_droplet_embedded_length": 1.36,
        "droplet_diameter": 0.162,
        "contact_angle": 25.7,
        "fiber_rotation": 0
    },
    "mechanical_parameters": {
        "interface_friction": 0.4521739130434783,
        "GI": 0.06291638795986622,
        "GII,GIII": 0.22795986622073575,
        "tI=tII=tIII": 0.725752508361204,
        "blade_friction": 0.6581939799331105
    }
}
