{
    "geometrical_parameters": {
        "fiber_diameter": 0.029434782608695656,
        "blade_distance": 0.5431438127090301,
        "elliptical_fiber_ratio": 1.511705685618729,
        "ratio_droplet_embedded_length": 1.36,
        "droplet_diameter": 0.162,
        "contact_angle": 25.7,
        "fiber_rotation": 45
    },
    "mechanical_parameters": {
        "interface_friction": 0.0,
        "GI": 0.0015,
        "GII,GIII": 0.27384615384615385,
        "blade_friction": 0.0,
        "tI=tII=tIII": 0.5852842809364548
    }
}
