{
    "geometrical_parameters": {
        "fiber_diameter": 0.01693186372745491,
        "blade_distance": 0.380561122244489,
        "elliptical_fiber_ratio": 2.0160320641282565,
        "ratio_droplet_embedded_length": 1.4460120240480963,
        "droplet_diameter": 0.10178757515030061,
        "contact_angle": 17.45250501002004,
        "fiber_rotation": 12.625250501002002
    },
    "mechanical_parameters": {
        "interface_friction": 0.0,
        "tI": 1,
        "tII,tIII": 1.3,
        "GI": 0.015,
        "GII,GIII": 0.1,
        "blade_friction": 0.6
    }
}
