{
    "geometrical_parameters": {
        "fiber_diameter": 0.013727272727272727,
        "blade_distance_ratio_to_fiber_diameter": 1.4772727272727273,
        "elliptical_fiber_ratio": 1.8484848484848486,
        "ratio_droplet_embedded_length": 1.450909090909091,
        "droplet_diameter": 0.15663636363636363,
        "contact_angle": 30.680808080808077,
        "fiber_rotation": 68.18181818181819
    },
    "mechanical_parameters": {
        "interface_friction": 0.0,
        "GI": 0.015,
        "GII,GIII": 0.3,
        "tI=tII=tIII": 1.3,
        "blade_friction": 0.6
    }
}
