{
    "geometrical_parameters": {
        "fiber_diameter": 0.023181818181818182,
        "blade_distance": 0.10846475629608604,
        "elliptical_fiber_ratio": 1.8282828282828283,
        "ratio_droplet_embedded_length": 1.202020202020202,
        "droplet_diameter": 0.12663636363636363,
        "contact_angle": 24.387878787878783,
        "fiber_rotation": 22.727272727272727
    },
    "mechanical_parameters": {
        "interface_friction": 0.0,
        "GI": 0.015,
        "GII,GIII": 0.3,
        "tI=tII=tIII": 1.3,
        "blade_friction": 0.6
    }
}
