{
    "geometrical_parameters": {
        "fiber_diameter": 0.02534113712374582,
        "blade_distance": 0.11505016722408028,
        "elliptical_fiber_ratio": 1.6270903010033444,
        "ratio_droplet_embedded_length": 1.20066889632107,
        "droplet_diameter": 0.14360200668896322,
        "contact_angle": 18.18394648829431,
        "fiber_rotation": 76.45484949832776
    },
    "mechanical_parameters": {
        "interface_friction": 0.0,
        "GI": 0.0015,
        "GII,GIII": 0.3,
        "tI=tII=tIII": 1.3,
        "blade_friction": 0.6
    }
}
