{
    "geometrical_parameters": {
        "fiber_diameter": 0.03045819397993311,
        "blade_distance": 0.3224080267558528,
        "elliptical_fiber_ratio": 1.0100334448160535,
        "ratio_droplet_embedded_length": 1.4553846153846153,
        "droplet_diameter": 0.1255418060200669,
        "contact_angle": 29.614046822742473,
        "fiber_rotation": 39.13043478260869
    },
    "mechanical_parameters": {
        "interface_friction": 0.0,
        "GI": 0.0015,
        "GII,GIII": 0.3,
        "tI=tII=tIII": 1.3,
        "blade_friction": 0.6
    }
}
