{
    "geometrical_parameters": {
        "fiber_diameter": 0.01474581939799331,
        "blade_distance": 0.3725752508361204,
        "elliptical_fiber_ratio": 1.531772575250836,
        "ratio_droplet_embedded_length": 1.36,
        "droplet_diameter": 0.162,
        "contact_angle": 25.7,
        "fiber_rotation": 0
    },
    "mechanical_parameters": {
        "interface_friction": 0.0,
        "GI": 0.0015,
        "GII,GIII": 0.11816053511705685,
        "blade_friction": 0.0,
        "tI=tII=tIII": 1.1471571906354514
    }
}
