{
    "geometrical_parameters": {
        "fiber_diameter": 0.023414715719063544,
        "elliptical_fiber_ratio": 1.0,
        "blade_distance": 0.15016722408026756,
        "ratio_droplet_embedded_length": 1.36,
        "droplet_diameter": 0.120123745819398,
        "contact_angle": 25.7,
        "fiber_rotation": 0
    },
    "mechanical_parameters": {
        "interface_friction": 0.0,
        "GI": 0.0015,
        "GII,GIII": 0.39511705685618725,
        "blade_friction": 0.0,
        "tI=tII=tIII": 1.5986622073578596
    }
}
