{
    "geometrical_parameters": {
        "fiber_diameter": 0.021,
        "blade_distance": 0.042,
        "elliptical_fiber_ratio": 1.0,
        "ratio_droplet_embedded_length": 1.36,
        "droplet_diameter": 0.162,
        "contact_angle": 25.7,
        "fiber_rotation": 0
    },
    "mechanical_parameters": {
        "interface_friction": 0.17926421404682275,
        "GI": 0.07020066889632107,
        "GII,GIII": 0.432809364548495,
        "tI=tII=tIII": 0.5852842809364548,
        "blade_friction": 0.7545150501672242
    }
}
