{
    "geometrical_parameters": {
        "fiber_diameter": 0.017274247491638795,
        "blade_distance": 0.4996655518394649,
        "elliptical_fiber_ratio": 1.617056856187291,
        "ratio_droplet_embedded_length": 1.4585953177257525,
        "droplet_diameter": 0.10206354515050167,
        "contact_angle": 25.446822742474914,
        "fiber_rotation": 37.324414715719065
    },
    "mechanical_parameters": {
        "interface_friction": 0.0,
        "GI": 0.0015,
        "GII,GIII": 0.3,
        "tI=tII=tIII": 1.3,
        "blade_friction": 0.6
    }
}
