{
    "geometrical_parameters": {
        "fiber_diameter": 0.021,
        "blade_distance": 0.042,
        "elliptical_fiber_ratio": 1.0,
        "ratio_droplet_embedded_length": 1.36,
        "droplet_diameter": 0.162,
        "contact_angle": 25.7,
        "fiber_rotation": 0
    },
    "mechanical_parameters": {
        "interface_friction": 0.2702341137123746,
        "GI": 0.027157190635451505,
        "GII,GIII": 0.34267558528428094,
        "tI=tII=tIII": 1.7441471571906355,
        "blade_friction": 0.4521739130434783
    }
}
