{
    "geometrical_parameters": {
        "fiber_diameter": 0.02768896321070234,
        "blade_distance": 0.45284280936454846,
        "elliptical_fiber_ratio": 2.454849498327759,
        "ratio_droplet_embedded_length": 1.36,
        "droplet_diameter": 0.162,
        "contact_angle": 25.7,
        "fiber_rotation": 45
    },
    "mechanical_parameters": {
        "interface_friction": 0.0,
        "GI": 0.0015,
        "GII,GIII": 0.40658862876254187,
        "blade_friction": 0.0,
        "tI=tII=tIII": 1.42809364548495
    }
}
