{
    "geometrical_parameters": {
        "fiber_diameter": 0.029727272727272727,
        "blade_distance": 0.08044703547717423,
        "elliptical_fiber_ratio": 1.3636363636363638,
        "ratio_droplet_embedded_length": 1.4024242424242424,
        "droplet_diameter": 0.15527272727272728,
        "contact_angle": 20.07272727272727,
        "fiber_rotation": 60.909090909090914
    },
    "mechanical_parameters": {
        "interface_friction": 0.0,
        "GI": 0.0015,
        "GII,GIII": 0.3,
        "tI=tII=tIII": 1.3,
        "blade_friction": 0.6
    }
}
