{
    "geometrical_parameters": {
        "fiber_diameter": 0.022872909698996656,
        "blade_distance": 0.2521739130434783,
        "elliptical_fiber_ratio": 2.9130434782608696,
        "ratio_droplet_embedded_length": 1.3793979933110367,
        "droplet_diameter": 0.2045551839464883,
        "contact_angle": 22.41070234113712,
        "fiber_rotation": 18.96321070234114
    },
    "mechanical_parameters": {
        "interface_friction": 0.0,
        "GI": 0.0015,
        "GII,GIII": 0.3,
        "tI=tII=tIII": 1.3,
        "blade_friction": 0.6
    }
}
