{
    "geometrical_parameters": {
        "fiber_diameter": 0.020585284280936453,
        "blade_distance": 0.41270903010033444,
        "elliptical_fiber_ratio": 1.0301003344481605,
        "ratio_droplet_embedded_length": 1.36,
        "droplet_diameter": 0.162,
        "contact_angle": 25.7,
        "fiber_rotation": 0
    },
    "mechanical_parameters": {
        "interface_friction": 0.0,
        "GI": 0.0015,
        "GII,GIII": 0.2656521739130435,
        "blade_friction": 0.0,
        "tI=tII=tIII": 1.5836120401337792
    }
}
