{
    "geometrical_parameters": {
        "fiber_diameter": 0.017436873747494988,
        "elliptical_fiber_ratio": 1.0,
        "blade_distance": 0.23026052104208417,
        "ratio_droplet_embedded_length": 1.36,
        "droplet_diameter": 0.1667174348697395,
        "contact_angle": 25.7,
        "fiber_rotation": 0
    },
    "mechanical_parameters": {
        "interface_friction": 0.0,
        "GI": 0.0015,
        "GII,GIII": 0.21817635270541083,
        "blade_friction": 0.0,
        "tI=tII=tIII": 0.6923847695390781
    }
}
