{
    "geometrical_parameters": {
        "fiber_diameter": 0.03063927855711423,
        "blade_distance": 0.31442885771543083,
        "elliptical_fiber_ratio": 1.8296593186372747,
        "ratio_droplet_embedded_length": 1.4562725450901803,
        "droplet_diameter": 0.18511422845691383,
        "contact_angle": 14.028056112224448,
        "fiber_rotation": 18.396793587174347
    },
    "mechanical_parameters": {
        "interface_friction": 0.0,
        "tI": 1,
        "tII,tIII": 1.3,
        "GI": 0.015,
        "GII,GIII": 0.1,
        "blade_friction": 0.6
    }
}
