{
    "geometrical_parameters": {
        "fiber_diameter": 0.013901803607214429,
        "blade_distance": 0.3816833667334669,
        "elliptical_fiber_ratio": 1.159318637274549,
        "ratio_droplet_embedded_length": 1.1991182364729458,
        "droplet_diameter": 0.12099599198396793,
        "contact_angle": 25.371543086172345,
        "fiber_rotation": 31.38276553106212
    },
    "mechanical_parameters": {
        "interface_friction": 0.0,
        "tI": 1,
        "tII,tIII": 1.3,
        "GI": 0.01,
        "GII,GIII": 0.15,
        "blade_friction": 0.6
    }
}
