{
    "geometrical_parameters": {
        "fiber_diameter": 0.021548494983277593,
        "blade_distance": 0.4896321070234114,
        "elliptical_fiber_ratio": 2.188963210702341,
        "ratio_droplet_embedded_length": 1.1953177257525083,
        "droplet_diameter": 0.19733110367892978,
        "contact_angle": 24.4943143812709,
        "fiber_rotation": 65.31772575250837
    },
    "mechanical_parameters": {
        "interface_friction": 0.0,
        "tI": 1,
        "tII,tIII": 1.3,
        "GI": 0.01,
        "GII,GIII": 0.15,
        "blade_friction": 0.8
    }
}
