{
    "geometrical_parameters": {
        "fiber_diameter": 0.021,
        "blade_distance": 0.15,
        "elliptical_fiber_ratio": 1.0,
        "ratio_droplet_embedded_length": 1.36,
        "droplet_diameter": 0.162,
        "contact_angle": 25.7,
        "fiber_rotation": 0
    },
    "mechanical_parameters": {
        "interface_friction": 0.6127090301003346,
        "tI": 0.28260869565217395,
        "tII,tIII": 1.117056856187291,
        "GI": 0.040070234113712376,
        "GII,GIII": 0.31317725752508363,
        "blade_friction": 0.251505016722408
    }
}
