{
    "geometrical_parameters": {
        "fiber_diameter": 0.01859866220735786,
        "elliptical_fiber_ratio": 1.0,
        "blade_distance": 0.42107023411371236,
        "ratio_droplet_embedded_length": 1.36,
        "droplet_diameter": 0.12779933110367894,
        "contact_angle": 25.7,
        "fiber_rotation": 0
    },
    "mechanical_parameters": {
        "interface_friction": 0.0,
        "GI": 0.0015,
        "GII,GIII": 0.06735785953177256,
        "blade_friction": 0.0,
        "tI=tII=tIII": 0.8963210702341137
    }
}
