{
    "geometrical_parameters": {
        "fiber_diameter": 0.021849498327759197,
        "blade_distance": 0.28561872909698993,
        "elliptical_fiber_ratio": 1.3561872909698995,
        "ratio_droplet_embedded_length": 1.36,
        "droplet_diameter": 0.162,
        "contact_angle": 25.7,
        "fiber_rotation": 0
    },
    "mechanical_parameters": {
        "interface_friction": 0.0,
        "GI": 0.0015,
        "GII,GIII": 0.3279264214046823,
        "blade_friction": 0.0,
        "tI=tII=tIII": 1.834448160535117
    }
}
