{
    "geometrical_parameters": {
        "fiber_diameter": 0.016010033444816052,
        "blade_distance": 0.45618729096989974,
        "elliptical_fiber_ratio": 1.591973244147157,
        "ratio_droplet_embedded_length": 1.36,
        "droplet_diameter": 0.162,
        "contact_angle": 25.7,
        "fiber_rotation": 45
    },
    "mechanical_parameters": {
        "interface_friction": 0.0,
        "GI": 0.0015,
        "GII,GIII": 0.20337792642140468,
        "blade_friction": 0.0,
        "tI=tII=tIII": 1.5936454849498327
    }
}
