{
    "geometrical_parameters": {
        "fiber_diameter": 0.028078156312625252,
        "elliptical_fiber_ratio": 1.0,
        "blade_distance": 0.41262525050100196,
        "ratio_droplet_embedded_length": 1.36,
        "droplet_diameter": 0.12207815631262525,
        "contact_angle": 25.7,
        "fiber_rotation": 0
    },
    "mechanical_parameters": {
        "interface_friction": 0.0,
        "GI": 0.0015,
        "GII,GIII": 0.4018036072144289,
        "blade_friction": 0.0,
        "tI=tII=tIII": 0.5390781563126252
    }
}
