{
    "geometrical_parameters": {
        "fiber_diameter": 0.017292585170340682,
        "elliptical_fiber_ratio": 1.0,
        "blade_distance": 0.5218436873747495,
        "ratio_droplet_embedded_length": 1.36,
        "droplet_diameter": 0.17266933867735473,
        "contact_angle": 25.7,
        "fiber_rotation": 0
    },
    "mechanical_parameters": {
        "interface_friction": 0.0,
        "GI": 0.0015,
        "GII,GIII": 0.1720240480961924,
        "blade_friction": 0.0,
        "tI=tII=tIII": 1.3326653306613228
    }
}
