{
    "geometrical_parameters": {
        "fiber_diameter": 0.015,
        "blade_distance": 0.48383838383838385,
        "elliptical_fiber_ratio": 1.8787878787878787,
        "ratio_droplet_embedded_length": 1.202020202020202,
        "droplet_diameter": 0.1811818181818182,
        "contact_angle": 29.78181818181818,
        "fiber_rotation": 59.09090909090909
    },
    "mechanical_parameters": {
        "interface_friction": 0.0,
        "tI": 0.5,
        "tII,tIII": 1.3,
        "GI": 0.05,
        "GII,GIII": 0.1,
        "blade_friction": 0.6
    }
}
