{
    "geometrical_parameters": {
        "fiber_diameter": 0.02431772575250836,
        "blade_distance": 0.37759197324414717,
        "elliptical_fiber_ratio": 2.0735785953177257,
        "ratio_droplet_embedded_length": 1.2210033444816053,
        "droplet_diameter": 0.13412040133779266,
        "contact_angle": 30.149832775919734,
        "fiber_rotation": 27.391304347826082
    },
    "mechanical_parameters": {
        "interface_friction": 0.0,
        "GI": 0.0015,
        "GII,GIII": 0.3,
        "tI=tII=tIII": 1.3,
        "blade_friction": 0.6
    }
}
