{
    "geometrical_parameters": {
        "fiber_diameter": 0.02702675585284281,
        "elliptical_fiber_ratio": 1.0,
        "blade_distance": 0.5531772575250836,
        "ratio_droplet_embedded_length": 1.36,
        "droplet_diameter": 0.16211371237458194,
        "contact_angle": 25.7,
        "fiber_rotation": 0
    },
    "mechanical_parameters": {
        "interface_friction": 0.0,
        "GI": 0.0015,
        "GII,GIII": 0.3148160535117057,
        "blade_friction": 0.0,
        "tI=tII=tIII": 1.7842809364548495
    }
}
