{
    "geometrical_parameters": {
        "fiber_diameter": 0.03027759197324415,
        "blade_distance": 0.15852842809364548,
        "elliptical_fiber_ratio": 2.279264214046823,
        "ratio_droplet_embedded_length": 1.4189966555183946,
        "droplet_diameter": 0.1490200668896321,
        "contact_angle": 18.243478260869562,
        "fiber_rotation": 61.70568561872909
    },
    "mechanical_parameters": {
        "interface_friction": 0.0,
        "GI": 0.0015,
        "GII,GIII": 0.3,
        "tI=tII=tIII": 1.3,
        "blade_friction": 0.6
    }
}
