{
    "geometrical_parameters": {
        "fiber_diameter": 0.027000000000000003,
        "blade_distance": 0.12020202020202021,
        "elliptical_fiber_ratio": 2.090909090909091,
        "ratio_droplet_embedded_length": 1.412121212121212,
        "droplet_diameter": 0.13754545454545455,
        "contact_angle": 14.139393939393939,
        "fiber_rotation": 85.45454545454545
    },
    "mechanical_parameters": {
        "interface_friction": 0.0,
        "tI": 0.2,
        "tII,tIII": 1.3,
        "GI": 1,
        "GII,GIII": 0.15,
        "blade_friction": 0.6
    }
}
