{
    "geometrical_parameters": {
        "fiber_diameter": 0.02790909090909091,
        "blade_distance": 0.07756559060569729,
        "elliptical_fiber_ratio": 1.7070707070707072,
        "ratio_droplet_embedded_length": 1.1664646464646464,
        "droplet_diameter": 0.11572727272727273,
        "contact_angle": 16.656565656565654,
        "fiber_rotation": 23.63636363636364
    },
    "mechanical_parameters": {
        "interface_friction": 0.0,
        "GI": 0.015,
        "GII,GIII": 0.3,
        "tI=tII=tIII": 1.3,
        "blade_friction": 0.6
    }
}
