{
    "geometrical_parameters": {
        "fiber_diameter": 0.030567134268537077,
        "blade_distance": 0.5839679358717434,
        "elliptical_fiber_ratio": 2.4579158316633265,
        "ratio_droplet_embedded_length": 1.2876152304609219,
        "droplet_diameter": 0.14994388777555112,
        "contact_angle": 14.670140280561121,
        "fiber_rotation": 34.448897795591186
    },
    "mechanical_parameters": {
        "interface_friction": 0.0,
        "tI": 1,
        "tII,tIII": 1.3,
        "GI": 0.015,
        "GII,GIII": 0.1,
        "blade_friction": 0.6
    }
}
