{
    "geometrical_parameters": {
        "fiber_diameter": 0.021981963927855713,
        "blade_distance": 0.23130260521042087,
        "elliptical_fiber_ratio": 1.060120240480962,
        "ratio_droplet_embedded_length": 1.1914228456913827,
        "droplet_diameter": 0.1420981963927856,
        "contact_angle": 22.26813627254509,
        "fiber_rotation": 88.7374749498998
    },
    "mechanical_parameters": {
        "interface_friction": 0.0,
        "tI": 1,
        "tII,tIII": 1.3,
        "GI": 0.01,
        "GII,GIII": 0.15,
        "blade_friction": 0.6
    }
}
