{
    "geometrical_parameters": {
        "fiber_diameter": 0.020647294589178355,
        "blade_distance": 0.46921843687374754,
        "elliptical_fiber_ratio": 1.9979959919839678,
        "ratio_droplet_embedded_length": 1.4049699398797595,
        "droplet_diameter": 0.16184769539078156,
        "contact_angle": 30.401202404809617,
        "fiber_rotation": 67.81563126252506
    },
    "mechanical_parameters": {
        "interface_friction": 0.0,
        "tI": 1,
        "tII,tIII": 1.3,
        "GI": 0.01,
        "GII,GIII": 0.15,
        "blade_friction": 0.6
    }
}
