{
    "geometrical_parameters": {
        "fiber_diameter": 0.02266733466933868,
        "elliptical_fiber_ratio": 1.0,
        "blade_distance": 0.25330661322645287,
        "ratio_droplet_embedded_length": 1.36,
        "droplet_diameter": 0.16590581162324652,
        "contact_angle": 25.7,
        "fiber_rotation": 0
    },
    "mechanical_parameters": {
        "interface_friction": 0.0,
        "GI": 0.0015,
        "GII,GIII": 0.3360120240480962,
        "blade_friction": 0.0,
        "tI=tII=tIII": 0.6713426853707415
    }
}
