{
    "geometrical_parameters": {
        "fiber_diameter": 0.0141438127090301,
        "blade_distance": 0.5849498327759197,
        "elliptical_fiber_ratio": 1.160535117056856,
        "ratio_droplet_embedded_length": 1.2969899665551838,
        "droplet_diameter": 0.132314381270903,
        "contact_angle": 18.54113712374582,
        "fiber_rotation": 34.91638795986621
    },
    "mechanical_parameters": {
        "interface_friction": 0.0,
        "tI": 1,
        "tII,tIII": 1.3,
        "GI": 0.01,
        "GII,GIII": 0.15,
        "blade_friction": 0.8
    }
}
