{
    "geometrical_parameters": {
        "fiber_diameter": 0.018959866220735786,
        "blade_distance": 0.40267558528428093,
        "elliptical_fiber_ratio": 1.2909698996655519,
        "ratio_droplet_embedded_length": 1.36,
        "droplet_diameter": 0.162,
        "contact_angle": 25.7,
        "fiber_rotation": 45
    },
    "mechanical_parameters": {
        "interface_friction": 0.0,
        "GI": 0.0015,
        "GII,GIII": 0.31809364548494984,
        "blade_friction": 0.0,
        "tI=tII=tIII": 0.5702341137123745
    }
}
