{
    "geometrical_parameters": {
        "fiber_diameter": 0.029665330661322646,
        "blade_distance": 0.19519038076152306,
        "elliptical_fiber_ratio": 1.2464929859719438,
        "ratio_droplet_embedded_length": 1.190140280561122,
        "droplet_diameter": 0.18267935871743488,
        "contact_angle": 24.515430861723445,
        "fiber_rotation": 51.22244488977956
    },
    "mechanical_parameters": {
        "interface_friction": 0.0,
        "tI": 1,
        "tII,tIII": 1.3,
        "GI": 0.015,
        "GII,GIII": 0.1,
        "blade_friction": 0.6
    }
}
