{
    "geometrical_parameters": {
        "fiber_diameter": 0.014454545454545454,
        "blade_distance": 0.11420105144742557,
        "elliptical_fiber_ratio": 1.2424242424242424,
        "ratio_droplet_embedded_length": 1.4476767676767677,
        "droplet_diameter": 0.17981818181818182,
        "contact_angle": 23.12929292929293,
        "fiber_rotation": 53.63636363636363
    },
    "mechanical_parameters": {
        "interface_friction": 0.0,
        "GI": 0.015,
        "GII,GIII": 0.3,
        "tI=tII=tIII": 1.3,
        "blade_friction": 0.6
    }
}
