{
    "geometrical_parameters": {
        "fiber_diameter": 0.029909090909090913,
        "blade_distance_ratio_to_fiber_diameter": 3.6742424242424243,
        "elliptical_fiber_ratio": 2.9595959595959593,
        "ratio_droplet_embedded_length": 1.2925252525252524,
        "droplet_diameter": 0.13072727272727272,
        "contact_angle": 14.678787878787878,
        "fiber_rotation": 66.36363636363637
    },
    "mechanical_parameters": {
        "interface_friction": 0.0,
        "GI": 0.015,
        "GII,GIII": 0.3,
        "tI=tII=tIII": 1.3,
        "blade_friction": 0.6
    }
}
