{
    "geometrical_parameters": {
        "fiber_diameter": 0.027508361204013378,
        "blade_distance": 0.29230769230769227,
        "elliptical_fiber_ratio": 2.4648829431438126,
        "ratio_droplet_embedded_length": 1.36,
        "droplet_diameter": 0.162,
        "contact_angle": 25.7,
        "fiber_rotation": 0
    },
    "mechanical_parameters": {
        "interface_friction": 0.0,
        "GI": 0.0015,
        "GII,GIII": 0.19026755852842808,
        "blade_friction": 0.0,
        "tI=tII=tIII": 1.5033444816053512
    }
}
