{
    "geometrical_parameters": {
        "fiber_diameter": 0.0213687374749499,
        "blade_distance": 0.5208416833667334,
        "elliptical_fiber_ratio": 1.7334669338677355,
        "ratio_droplet_embedded_length": 1.3382765531062124,
        "droplet_diameter": 0.15183767535070142,
        "contact_angle": 29.259719438877752,
        "fiber_rotation": 7.575150300601202
    },
    "mechanical_parameters": {
        "interface_friction": 0.0,
        "tI": 1,
        "tII,tIII": 1.3,
        "GI": 0.015,
        "GII,GIII": 0.1,
        "blade_friction": 0.6
    }
}
