{
    "geometrical_parameters": {
        "fiber_diameter": 0.015648829431438128,
        "blade_distance": 0.7321070234113713,
        "elliptical_fiber_ratio": 1.608695652173913,
        "ratio_droplet_embedded_length": 1.3697658862876254,
        "droplet_diameter": 0.16662876254180603,
        "contact_angle": 19.434113712374582,
        "fiber_rotation": 49.96655518394649
    },
    "mechanical_parameters": {
        "interface_friction": 0.0,
        "GI": 0.0015,
        "GII,GIII": 0.3,
        "tI=tII=tIII": 1.3,
        "blade_friction": 0.6
    }
}
