{
    "geometrical_parameters": {
        "fiber_diameter": 0.014406813627254508,
        "blade_distance": 0.508817635270541,
        "elliptical_fiber_ratio": 1.6042084168336674,
        "ratio_droplet_embedded_length": 1.4081763527054107,
        "droplet_diameter": 0.14290981963927857,
        "contact_angle": 22.624849699398794,
        "fiber_rotation": 10.100200400801603
    },
    "mechanical_parameters": {
        "interface_friction": 0.0,
        "tI": 1,
        "tII,tIII": 1.3,
        "GI": 0.015,
        "GII,GIII": 0.1,
        "blade_friction": 0.6
    }
}
