{
    "geometrical_parameters": {
        "fiber_diameter": 0.019181818181818182,
        "blade_distance": 0.4686868686868687,
        "elliptical_fiber_ratio": 2.378787878787879,
        "ratio_droplet_embedded_length": 1.4250505050505051,
        "droplet_diameter": 0.15663636363636363,
        "contact_angle": 23.66868686868687,
        "fiber_rotation": 39.09090909090909
    },
    "mechanical_parameters": {
        "interface_friction": 0.0,
        "tI": 0.5,
        "tII,tIII": 1.3,
        "GI": 0.005,
        "GII,GIII": 0.3,
        "blade_friction": 0.6
    }
}
