{
    "geometrical_parameters": {
        "fiber_diameter": 0.024498327759197323,
        "blade_distance": 0.4695652173913043,
        "elliptical_fiber_ratio": 1.205685618729097,
        "ratio_droplet_embedded_length": 1.36,
        "droplet_diameter": 0.162,
        "contact_angle": 25.7,
        "fiber_rotation": 45
    },
    "mechanical_parameters": {
        "interface_friction": 0.0,
        "GI": 0.0015,
        "GII,GIII": 0.029665551839464885,
        "blade_friction": 0.0,
        "tI=tII=tIII": 1.3528428093645486
    }
}
