{
    "geometrical_parameters": {
        "fiber_diameter": 0.025160535117056855,
        "blade_distance": 0.30401337792642136,
        "elliptical_fiber_ratio": 1.9682274247491638,
        "ratio_droplet_embedded_length": 1.36,
        "droplet_diameter": 0.162,
        "contact_angle": 25.7,
        "fiber_rotation": 45
    },
    "mechanical_parameters": {
        "interface_friction": 0.0,
        "GI": 0.0015,
        "GII,GIII": 0.21321070234113712,
        "blade_friction": 0.0,
        "tI=tII=tIII": 1.1973244147157192
    }
}
