{
    "geometrical_parameters": {
        "fiber_diameter": 0.023545454545454546,
        "blade_distance": 0.10606313155662402,
        "elliptical_fiber_ratio": 1.2828282828282829,
        "ratio_droplet_embedded_length": 1.298989898989899,
        "droplet_diameter": 0.15663636363636363,
        "contact_angle": 17.735353535353536,
        "fiber_rotation": 0.9090909090909092
    },
    "mechanical_parameters": {
        "interface_friction": 0.0,
        "GI": 0.0015,
        "GII,GIII": 0.3,
        "tI=tII=tIII": 1.3,
        "blade_friction": 0.6
    }
}
