{
    "geometrical_parameters": {
        "fiber_diameter": 0.02714028056112225,
        "elliptical_fiber_ratio": 1.0,
        "blade_distance": 0.29539078156312626,
        "ratio_droplet_embedded_length": 1.36,
        "droplet_diameter": 0.16888176352705414,
        "contact_angle": 25.7,
        "fiber_rotation": 0
    },
    "mechanical_parameters": {
        "interface_friction": 0.0,
        "GI": 0.0015,
        "GII,GIII": 0.3477955911823647,
        "blade_friction": 0.0,
        "tI=tII=tIII": 1.2274549098196392
    }
}
