{
    "geometrical_parameters": {
        "fiber_diameter": 0.024377926421404683,
        "blade_distance": 0.3959866220735786,
        "elliptical_fiber_ratio": 1.471571906354515,
        "ratio_droplet_embedded_length": 1.36,
        "droplet_diameter": 0.162,
        "contact_angle": 25.7,
        "fiber_rotation": 0
    },
    "mechanical_parameters": {
        "interface_friction": 0.0,
        "GI": 0.0015,
        "GII,GIII": 0.22468227424749165,
        "blade_friction": 0.0,
        "tI=tII=tIII": 0.5150501672240803
    }
}
