{
    "geometrical_parameters": {
        "fiber_diameter": 0.0264247491638796,
        "blade_distance": 0.2705685618729097,
        "elliptical_fiber_ratio": 1.120401337792642,
        "ratio_droplet_embedded_length": 1.360133779264214,
        "droplet_diameter": 0.18378595317725754,
        "contact_angle": 25.030100334448157,
        "fiber_rotation": 10.535117056856187
    },
    "mechanical_parameters": {
        "interface_friction": 0.0,
        "tI": 1,
        "tII,tIII": 1.3,
        "GI": 0.01,
        "GII,GIII": 0.15,
        "blade_friction": 0.8
    }
}
