{
    "geometrical_parameters": {
        "fiber_diameter": 0.026238476953907817,
        "elliptical_fiber_ratio": 1.0,
        "blade_distance": 0.5619238476953908,
        "ratio_droplet_embedded_length": 1.36,
        "droplet_diameter": 0.15400200400801603,
        "contact_angle": 25.7,
        "fiber_rotation": 0
    },
    "mechanical_parameters": {
        "interface_friction": 0.0,
        "GI": 0.0015,
        "GII,GIII": 0.11016032064128255,
        "blade_friction": 0.0,
        "tI=tII=tIII": 1.5581162324649298
    }
}
