{
    "geometrical_parameters": {
        "fiber_diameter": 0.021,
        "blade_distance": 0.15,
        "elliptical_fiber_ratio": 1.0,
        "ratio_droplet_embedded_length": 1.36,
        "droplet_diameter": 0.162,
        "contact_angle": 25.7,
        "fiber_rotation": 0
    },
    "mechanical_parameters": {
        "interface_friction": 0.7036789297658863,
        "GI": 0.05430769230769232,
        "GII,GIII": 0.321371237458194,
        "tI=tII=tIII": 1.6187290969899668,
        "blade_friction": 0.4173913043478261
    }
}
