{
    "geometrical_parameters": {
        "fiber_diameter": 0.030062124248496996,
        "blade_distance": 0.12610781756428002,
        "elliptical_fiber_ratio": 2.4589178356713424,
        "ratio_droplet_embedded_length": 1.4274148296593185,
        "droplet_diameter": 0.15887174348697397,
        "contact_angle": 29.04569138276553,
        "fiber_rotation": 31.92384769539078
    },
    "mechanical_parameters": {
        "interface_friction": 0.24529058116232466,
        "GI": 0.023815631262525054,
        "GII,GIII": 0.6885170340681364,
        "tI=tII=tIII": 0.5060120240480962,
        "blade_friction": 0.15551102204408818
    }
}
