{
    "geometrical_parameters": {
        "fiber_diameter": 0.02522073578595318,
        "blade_distance": 0.2036789297658863,
        "elliptical_fiber_ratio": 2.0785953177257523,
        "ratio_droplet_embedded_length": 1.4350501672240803,
        "droplet_diameter": 0.20636120401337793,
        "contact_angle": 17.2314381270903,
        "fiber_rotation": 24.38127090301003
    },
    "mechanical_parameters": {
        "interface_friction": 0.0,
        "GI": 0.0015,
        "GII,GIII": 0.3,
        "tI=tII=tIII": 1.3,
        "blade_friction": 0.6
    }
}
