{
    "geometrical_parameters": {
        "fiber_diameter": 0.021,
        "blade_distance": 0.15,
        "elliptical_fiber_ratio": 1.0,
        "ratio_droplet_embedded_length": 1.36,
        "droplet_diameter": 0.162,
        "contact_angle": 25.7,
        "fiber_rotation": 0
    },
    "mechanical_parameters": {
        "interface_friction": 0.5698996655518395,
        "GI": 0.0602675585284281,
        "GII,GIII": 0.2312374581939799,
        "tI=tII=tIII": 0.9264214046822743,
        "blade_friction": 0.7812709030100334
    }
}
