{
    "geometrical_parameters": {
        "fiber_diameter": 0.021,
        "blade_distance": 0.15,
        "elliptical_fiber_ratio": 1.0,
        "ratio_droplet_embedded_length": 1.36,
        "droplet_diameter": 0.162,
        "contact_angle": 25.7,
        "fiber_rotation": 0
    },
    "mechanical_parameters": {
        "interface_friction": 0.7652173913043478,
        "tI": 0.9849498327759195,
        "tII,tIII": 0.9314381270903009,
        "GI": 0.07847826086956523,
        "GII,GIII": 0.455752508361204,
        "blade_friction": 0.48428093645484954
    }
}
