{
    "geometrical_parameters": {
        "fiber_diameter": 0.023208416833667336,
        "blade_distance": 0.44268537074148295,
        "elliptical_fiber_ratio": 2.0220440881763526,
        "ratio_droplet_embedded_length": 1.226693386773547,
        "droplet_diameter": 0.2167675350701403,
        "contact_angle": 25.12184368737475,
        "fiber_rotation": 49.05811623246493
    },
    "mechanical_parameters": {
        "interface_friction": 0.0,
        "tI": 1,
        "tII,tIII": 1.3,
        "GI": 0.015,
        "GII,GIII": 0.1,
        "blade_friction": 0.6
    }
}
