{
    "geometrical_parameters": {
        "fiber_diameter": 0.024454545454545455,
        "blade_distance": 0.11322032540078289,
        "elliptical_fiber_ratio": 2.595959595959596,
        "ratio_droplet_embedded_length": 1.4315151515151514,
        "droplet_diameter": 0.16072727272727272,
        "contact_angle": 17.016161616161614,
        "fiber_rotation": 14.545454545454547
    },
    "mechanical_parameters": {
        "interface_friction": 0.0,
        "GI": 0.015,
        "GII,GIII": 0.3,
        "tI=tII=tIII": 1.3,
        "blade_friction": 0.6
    }
}
