{
    "geometrical_parameters": {
        "fiber_diameter": 0.030636363636363642,
        "blade_distance": 0.3878787878787878,
        "elliptical_fiber_ratio": 1.9696969696969697,
        "ratio_droplet_embedded_length": 1.2569696969696968,
        "droplet_diameter": 0.10890909090909091,
        "contact_angle": 30.86060606060606,
        "fiber_rotation": 20.90909090909091
    },
    "mechanical_parameters": {
        "interface_friction": 0.0,
        "tI": 0.2,
        "tII,tIII": 1.3,
        "GI": 0.1,
        "GII,GIII": 0.15,
        "blade_friction": 0.6
    }
}
