{
    "geometrical_parameters": {
        "fiber_diameter": 0.021,
        "blade_distance": 0.042,
        "elliptical_fiber_ratio": 1.0,
        "ratio_droplet_embedded_length": 1.36,
        "droplet_diameter": 0.162,
        "contact_angle": 25.7,
        "fiber_rotation": 0
    },
    "mechanical_parameters": {
        "interface_friction": 0.24882943143812708,
        "GI": 0.01225752508361204,
        "GII,GIII": 0.3607023411371238,
        "tI=tII=tIII": 0.7357859531772575,
        "blade_friction": 0.7892976588628763
    }
}
