{
    "geometrical_parameters": {
        "fiber_diameter": 0.021,
        "blade_distance": 0.15,
        "elliptical_fiber_ratio": 1.0,
        "ratio_droplet_embedded_length": 1.36,
        "droplet_diameter": 0.162,
        "contact_angle": 25.7,
        "fiber_rotation": 0
    },
    "mechanical_parameters": {
        "interface_friction": 0.09632107023411372,
        "GI": 0.09735117056856189,
        "GII,GIII": 0.23615384615384613,
        "tI=tII=tIII": 0.971571906354515,
        "blade_friction": 0.2755852842809364
    }
}
