{
    "geometrical_parameters": {
        "fiber_diameter": 0.02685170340681363,
        "blade_distance": 0.24629258517034067,
        "elliptical_fiber_ratio": 1.8777555110220439,
        "ratio_droplet_embedded_length": 1.3158316633266534,
        "droplet_diameter": 0.13614629258517036,
        "contact_angle": 18.023246492985972,
        "fiber_rotation": 62.58517034068136
    },
    "mechanical_parameters": {
        "interface_friction": 0.0,
        "tI": 1,
        "tII,tIII": 1.3,
        "GI": 0.015,
        "GII,GIII": 0.1,
        "blade_friction": 0.6
    }
}
