{
    "geometrical_parameters": {
        "fiber_diameter": 0.01745484949832776,
        "blade_distance": 0.5120401337792643,
        "elliptical_fiber_ratio": 2.277591973244147,
        "ratio_droplet_embedded_length": 1.3708361204013377,
        "droplet_diameter": 0.22803344481605353,
        "contact_angle": 30.62608695652174,
        "fiber_rotation": 31.00334448160535
    },
    "mechanical_parameters": {
        "interface_friction": 0.0,
        "GI": 0.0015,
        "GII,GIII": 0.3,
        "tI=tII=tIII": 1.3,
        "blade_friction": 0.6
    }
}
