{
    "geometrical_parameters": {
        "fiber_diameter": 0.023294314381270904,
        "blade_distance": 0.17859531772575252,
        "elliptical_fiber_ratio": 2.279264214046823,
        "ratio_droplet_embedded_length": 1.4468227424749163,
        "droplet_diameter": 0.19055852842809368,
        "contact_angle": 28.78060200668896,
        "fiber_rotation": 75.85284280936456
    },
    "mechanical_parameters": {
        "interface_friction": 0.0,
        "tI": 1,
        "tII,tIII": 1.3,
        "GI": 0.01,
        "GII,GIII": 0.15,
        "blade_friction": 0.8
    }
}
