{
    "geometrical_parameters": {
        "fiber_diameter": 0.01751505016722408,
        "blade_distance": 0.5464882943143813,
        "elliptical_fiber_ratio": 2.219063545150502,
        "ratio_droplet_embedded_length": 1.36,
        "droplet_diameter": 0.162,
        "contact_angle": 25.7,
        "fiber_rotation": 45
    },
    "mechanical_parameters": {
        "interface_friction": 0.0,
        "GI": 0.0015,
        "GII,GIII": 0.2902341137123746,
        "blade_friction": 0.0,
        "tI=tII=tIII": 0.5150501672240803
    }
}
