{
    "geometrical_parameters": {
        "fiber_diameter": 0.021,
        "blade_distance": 0.042,
        "elliptical_fiber_ratio": 1.0,
        "ratio_droplet_embedded_length": 1.36,
        "droplet_diameter": 0.162,
        "contact_angle": 25.7,
        "fiber_rotation": 0
    },
    "mechanical_parameters": {
        "interface_friction": 0.22626262626262625,
        "GI": 0.036000000000000004,
        "GII,GIII": 0.6599999999999999,
        "tI=tII=tIII": 0.5303030303030303,
        "blade_friction": 0.39595959595959596
    }
}
