{
    "geometrical_parameters": {
        "fiber_diameter": 0.021,
        "blade_distance": 0.15,
        "elliptical_fiber_ratio": 1.0,
        "ratio_droplet_embedded_length": 1.36,
        "droplet_diameter": 0.162,
        "contact_angle": 25.7,
        "fiber_rotation": 0
    },
    "mechanical_parameters": {
        "interface_friction": 0.39063545150501666,
        "GI": 0.007290969899665552,
        "GII,GIII": 0.4573913043478261,
        "tI=tII=tIII": 1.307692307692308,
        "blade_friction": 0.09632107023411372
    }
}
