{
    "geometrical_parameters": {
        "fiber_diameter": 0.022752508361204016,
        "blade_distance": 0.4260869565217391,
        "elliptical_fiber_ratio": 1.2006688963210703,
        "ratio_droplet_embedded_length": 1.3494314381270902,
        "droplet_diameter": 0.22803344481605353,
        "contact_angle": 24.077591973244147,
        "fiber_rotation": 3.0100334448160533
    },
    "mechanical_parameters": {
        "interface_friction": 0.0,
        "tI": 1,
        "tII,tIII": 1.3,
        "GI": 0.01,
        "GII,GIII": 0.15,
        "blade_friction": 0.8
    }
}
