{
    "geometrical_parameters": {
        "fiber_diameter": 0.028953177257525088,
        "blade_distance": 0.44280936454849495,
        "elliptical_fiber_ratio": 2.264214046822743,
        "ratio_droplet_embedded_length": 1.185685618729097,
        "droplet_diameter": 0.09980602006688964,
        "contact_angle": 29.197324414715716,
        "fiber_rotation": 53.57859531772576
    },
    "mechanical_parameters": {
        "interface_friction": 0.0,
        "GI": 0.0015,
        "GII,GIII": 0.3,
        "tI=tII=tIII": 1.3,
        "blade_friction": 0.6
    }
}
