{
    "geometrical_parameters": {
        "fiber_diameter": 0.024254509018036073,
        "blade_distance": 0.3464929859719439,
        "elliptical_fiber_ratio": 2.475951903807615,
        "ratio_droplet_embedded_length": 1.2824849699398797,
        "droplet_diameter": 0.22217835671342687,
        "contact_angle": 29.438076152304607,
        "fiber_rotation": 25.070140280561127
    },
    "mechanical_parameters": {
        "interface_friction": 0.0,
        "tI": 1,
        "tII,tIII": 1.3,
        "GI": 0.015,
        "GII,GIII": 0.1,
        "blade_friction": 0.6
    }
}
