{
    "geometrical_parameters": {
        "fiber_diameter": 0.021,
        "blade_distance": 0.15,
        "elliptical_fiber_ratio": 1.0,
        "ratio_droplet_embedded_length": 1.36,
        "droplet_diameter": 0.162,
        "contact_angle": 25.7,
        "fiber_rotation": 0
    },
    "mechanical_parameters": {
        "interface_friction": 0.26755852842809363,
        "GI": 0.005635451505016723,
        "GII,GIII": 0.3508695652173913,
        "tI=tII=tIII": 1.608695652173913,
        "blade_friction": 0.634113712374582
    }
}
