{
    "geometrical_parameters": {
        "fiber_diameter": 0.02685170340681363,
        "elliptical_fiber_ratio": 1.0,
        "blade_distance": 0.4276553106212425,
        "ratio_droplet_embedded_length": 1.36,
        "droplet_diameter": 0.1602244488977956,
        "contact_angle": 25.7,
        "fiber_rotation": 0
    },
    "mechanical_parameters": {
        "interface_friction": 0.0,
        "GI": 0.0015,
        "GII,GIII": 0.03651302605210421,
        "blade_friction": 0.0,
        "tI=tII=tIII": 1.06813627254509
    }
}
