{
    "geometrical_parameters": {
        "fiber_diameter": 0.021,
        "blade_distance": 0.15,
        "elliptical_fiber_ratio": 1.0,
        "ratio_droplet_embedded_length": 1.36,
        "droplet_diameter": 0.162,
        "contact_angle": 25.7,
        "fiber_rotation": 0
    },
    "mechanical_parameters": {
        "interface_friction": 0.36387959866220737,
        "tI": 1.2237458193979933,
        "tII,tIII": 1.5635451505016722,
        "GI": 0.01225752508361204,
        "GII,GIII": 0.14274247491638795,
        "blade_friction": 0.49765886287625416
    }
}
