{
    "geometrical_parameters": {
        "fiber_diameter": 0.016130434782608696,
        "blade_distance": 0.14180602006688964,
        "elliptical_fiber_ratio": 1.7876254180602005,
        "ratio_droplet_embedded_length": 1.2787959866220735,
        "droplet_diameter": 0.16888628762541807,
        "contact_angle": 20.26755852842809,
        "fiber_rotation": 66.52173913043478
    },
    "mechanical_parameters": {
        "interface_friction": 0.0,
        "tI": 1,
        "tII,tIII": 1.3,
        "GI": 0.01,
        "GII,GIII": 0.15,
        "blade_friction": 0.8
    }
}
