{
    "geometrical_parameters": {
        "fiber_diameter": 0.021,
        "blade_distance": 0.15,
        "elliptical_fiber_ratio": 1.0,
        "ratio_droplet_embedded_length": 1.36,
        "droplet_diameter": 0.162,
        "contact_angle": 25.7,
        "fiber_rotation": 0
    },
    "mechanical_parameters": {
        "interface_friction": 0.7224080267558529,
        "tI": 0.7555183946488293,
        "tII,tIII": 1.874581939799331,
        "GI": 0.024839464882943148,
        "GII,GIII": 0.13618729096989968,
        "blade_friction": 0.19264214046822745
    }
}
