{
    "geometrical_parameters": {
        "fiber_diameter": 0.013452261306532662,
        "blade_distance": 0.5407035175879398,
        "elliptical_fiber_ratio": 2.35678391959799,
        "ratio_droplet_embedded_length": 1.414070351758794,
        "droplet_diameter": 0.12988442211055276,
        "contact_angle": 19.324623115577886,
        "fiber_rotation": 79.59798994974875
    },
    "mechanical_parameters": {
        "interface_friction": 0.0,
        "GI": 0.0015,
        "GII,GIII": 0.3,
        "tI=tII=tIII": 1.3,
        "blade_friction": 0.6
    }
}
