{
    "geometrical_parameters": {
        "fiber_diameter": 0.019020066889632106,
        "blade_distance": 0.7578595317725753,
        "elliptical_fiber_ratio": 1.294314381270903,
        "ratio_droplet_embedded_length": 1.41685618729097,
        "droplet_diameter": 0.17475585284280937,
        "contact_angle": 13.719063545150501,
        "fiber_rotation": 69.23076923076923
    },
    "mechanical_parameters": {
        "interface_friction": 0.0,
        "GI": 0.0015,
        "GII,GIII": 0.3,
        "tI=tII=tIII": 1.3,
        "blade_friction": 0.6
    }
}
