{
    "geometrical_parameters": {
        "fiber_diameter": 0.017581162324649298,
        "blade_distance": 0.1482565130260521,
        "elliptical_fiber_ratio": 2.466933867735471,
        "ratio_droplet_embedded_length": 1.364569138276553,
        "droplet_diameter": 0.1840320641282565,
        "contact_angle": 19.057715430861723,
        "fiber_rotation": 20.741482965931862
    },
    "mechanical_parameters": {
        "interface_friction": 0.0,
        "tI": 1,
        "tII,tIII": 1.3,
        "GI": 0.01,
        "GII,GIII": 0.15,
        "blade_friction": 0.6
    }
}
