{
    "geometrical_parameters": {
        "fiber_diameter": 0.015200400801603207,
        "blade_distance": 0.31843687374749496,
        "elliptical_fiber_ratio": 2.3947895791583167,
        "ratio_droplet_embedded_length": 1.1850100200400802,
        "droplet_diameter": 0.17564529058116235,
        "contact_angle": 20.37755511022044,
        "fiber_rotation": 13.527054108216433
    },
    "mechanical_parameters": {
        "interface_friction": 0.0,
        "tI": 1,
        "tII,tIII": 1.3,
        "GI": 0.015,
        "GII,GIII": 0.1,
        "blade_friction": 0.6
    }
}
