{
    "geometrical_parameters": {
        "fiber_diameter": 0.021,
        "blade_distance": 0.15,
        "elliptical_fiber_ratio": 1.0,
        "ratio_droplet_embedded_length": 1.36,
        "droplet_diameter": 0.162,
        "contact_angle": 25.7,
        "fiber_rotation": 0
    },
    "mechanical_parameters": {
        "interface_friction": 0.3959866220735786,
        "GI": 0.04867892976588629,
        "GII,GIII": 0.31973244147157187,
        "tI=tII=tIII": 1.9498327759197325,
        "blade_friction": 0.465551839464883
    }
}
