{
    "geometrical_parameters": {
        "fiber_diameter": 0.015056112224448897,
        "blade_distance": 0.414629258517034,
        "elliptical_fiber_ratio": 1.9168336673346693,
        "ratio_droplet_embedded_length": 1.418436873747495,
        "droplet_diameter": 0.18809018036072145,
        "contact_angle": 22.589178356713425,
        "fiber_rotation": 27.955911823647295
    },
    "mechanical_parameters": {
        "interface_friction": 0.0,
        "tI": 1,
        "tII,tIII": 1.3,
        "GI": 0.015,
        "GII,GIII": 0.1,
        "blade_friction": 0.6
    }
}
