{
    "geometrical_parameters": {
        "fiber_diameter": 0.028583166332665333,
        "blade_distance": 0.29238476953907816,
        "elliptical_fiber_ratio": 1.5110220440881763,
        "ratio_droplet_embedded_length": 1.3459719438877755,
        "droplet_diameter": 0.19566533066132263,
        "contact_angle": 17.52384769539078,
        "fiber_rotation": 75.21042084168337
    },
    "mechanical_parameters": {
        "interface_friction": 0.0,
        "tI": 1,
        "tII,tIII": 1.3,
        "GI": 0.015,
        "GII,GIII": 0.1,
        "blade_friction": 0.6
    }
}
