{
    "geometrical_parameters": {
        "fiber_diameter": 0.029845691382765535,
        "elliptical_fiber_ratio": 1.0,
        "blade_distance": 0.46673346693386775,
        "ratio_droplet_embedded_length": 1.36,
        "droplet_diameter": 0.21622645290581163,
        "contact_angle": 25.7,
        "fiber_rotation": 0
    },
    "mechanical_parameters": {
        "interface_friction": 0.0,
        "GI": 0.0015,
        "GII,GIII": 0.47937875751503006,
        "blade_friction": 0.0,
        "tI=tII=tIII": 1.6332665330661322
    }
}
