{
    "geometrical_parameters": {
        "fiber_diameter": 0.018899665551839466,
        "blade_distance": 0.32575250836120395,
        "elliptical_fiber_ratio": 1.3010033444816054,
        "ratio_droplet_embedded_length": 1.36,
        "droplet_diameter": 0.162,
        "contact_angle": 25.7,
        "fiber_rotation": 45
    },
    "mechanical_parameters": {
        "interface_friction": 0.0,
        "GI": 0.0015,
        "GII,GIII": 0.14274247491638795,
        "blade_friction": 0.0,
        "tI=tII=tIII": 1.9096989966555185
    }
}
