{
    "geometrical_parameters": {
        "fiber_diameter": 0.013421404682274247,
        "blade_distance": 0.25050167224080266,
        "elliptical_fiber_ratio": 1.5066889632107023,
        "ratio_droplet_embedded_length": 1.36,
        "droplet_diameter": 0.162,
        "contact_angle": 25.7,
        "fiber_rotation": 0
    },
    "mechanical_parameters": {
        "interface_friction": 0.0,
        "GI": 0.0015,
        "GII,GIII": 0.04933110367892977,
        "blade_friction": 0.0,
        "tI=tII=tIII": 1.81438127090301
    }
}
