{
    "geometrical_parameters": {
        "fiber_diameter": 0.021,
        "blade_distance": 0.15,
        "elliptical_fiber_ratio": 1.0,
        "ratio_droplet_embedded_length": 1.36,
        "droplet_diameter": 0.162,
        "contact_angle": 25.7,
        "fiber_rotation": 0
    },
    "mechanical_parameters": {
        "interface_friction": 0.22207357859531773,
        "tI": 0.9381270903010033,
        "tII,tIII": 1.8795986622073577,
        "GI": 0.01490635451505017,
        "GII,GIII": 0.19354515050167223,
        "blade_friction": 0.5003344481605352
    }
}
