{
    "geometrical_parameters": {
        "fiber_diameter": 0.029989979959919838,
        "elliptical_fiber_ratio": 1.0,
        "blade_distance": 0.13507014028056114,
        "ratio_droplet_embedded_length": 1.36,
        "droplet_diameter": 0.13452304609218438,
        "contact_angle": 25.7,
        "fiber_rotation": 0
    },
    "mechanical_parameters": {
        "interface_friction": 0.0,
        "GI": 0.0015,
        "GII,GIII": 0.43519038076152305,
        "blade_friction": 0.0,
        "tI=tII=tIII": 0.5781563126252505
    }
}
