{
    "geometrical_parameters": {
        "fiber_diameter": 0.02681563126252505,
        "blade_distance": 0.5881763527054108,
        "elliptical_fiber_ratio": 1.1142284569138277,
        "ratio_droplet_embedded_length": 1.2382364729458917,
        "droplet_diameter": 0.11558517034068137,
        "contact_angle": 25.62124248496994,
        "fiber_rotation": 84.04809619238478
    },
    "mechanical_parameters": {
        "interface_friction": 0.0,
        "tI": 1,
        "tII,tIII": 1.3,
        "GI": 0.01,
        "GII,GIII": 0.15,
        "blade_friction": 0.6
    }
}
