{
    "geometrical_parameters": {
        "fiber_diameter": 0.021,
        "blade_distance": 0.042,
        "elliptical_fiber_ratio": 1.0,
        "ratio_droplet_embedded_length": 1.36,
        "droplet_diameter": 0.162,
        "contact_angle": 25.7,
        "fiber_rotation": 0
    },
    "mechanical_parameters": {
        "interface_friction": 0.7678929765886289,
        "GI": 0.04867892976588629,
        "GII,GIII": 0.37217391304347824,
        "tI=tII=tIII": 1.1020066889632107,
        "blade_friction": 0.18461538461538463
    }
}
