{
    "geometrical_parameters": {
        "fiber_diameter": 0.014083612040133779,
        "blade_distance": 0.3973244147157191,
        "elliptical_fiber_ratio": 1.9096989966555182,
        "ratio_droplet_embedded_length": 1.228494983277592,
        "droplet_diameter": 0.1815284280936455,
        "contact_angle": 19.731772575250837,
        "fiber_rotation": 53.57859531772576
    },
    "mechanical_parameters": {
        "interface_friction": 0.0,
        "GI": 0.0015,
        "GII,GIII": 0.3,
        "tI=tII=tIII": 1.3,
        "blade_friction": 0.6
    }
}
