{
    "geometrical_parameters": {
        "fiber_diameter": 0.017,
        "blade_distance": 0.10875882159927974,
        "elliptical_fiber_ratio": 1.9494949494949494,
        "ratio_droplet_embedded_length": 1.412121212121212,
        "droplet_diameter": 0.15936363636363637,
        "contact_angle": 17.915151515151514,
        "fiber_rotation": 73.63636363636363
    },
    "mechanical_parameters": {
        "interface_friction": 0.0,
        "GI": 0.0015,
        "GII,GIII": 0.3,
        "tI=tII=tIII": 1.3,
        "blade_friction": 0.6
    }
}
