{
    "geometrical_parameters": {
        "fiber_diameter": 0.02473913043478261,
        "elliptical_fiber_ratio": 1.0,
        "blade_distance": 0.3658862876254181,
        "ratio_droplet_embedded_length": 1.36,
        "droplet_diameter": 0.10612709030100335,
        "contact_angle": 25.7,
        "fiber_rotation": 0
    },
    "mechanical_parameters": {
        "interface_friction": 0.0,
        "GI": 0.0015,
        "GII,GIII": 0.3836454849498328,
        "blade_friction": 0.0,
        "tI=tII=tIII": 0.6705685618729097
    }
}
