{
    "geometrical_parameters": {
        "fiber_diameter": 0.02771743486973948,
        "blade_distance": 0.23026052104208417,
        "elliptical_fiber_ratio": 1.471943887775551,
        "ratio_droplet_embedded_length": 1.202324649298597,
        "droplet_diameter": 0.12559519038076153,
        "contact_angle": 18.593987975951904,
        "fiber_rotation": 74.12825651302605
    },
    "mechanical_parameters": {
        "interface_friction": 0.0,
        "tI": 1,
        "tII,tIII": 1.3,
        "GI": 0.015,
        "GII,GIII": 0.1,
        "blade_friction": 0.6
    }
}
