{
    "geometrical_parameters": {
        "fiber_diameter": 0.013421404682274247,
        "blade_distance": 0.21872909698996656,
        "elliptical_fiber_ratio": 1.8127090301003346,
        "ratio_droplet_embedded_length": 1.2274247491638794,
        "droplet_diameter": 0.120123745819398,
        "contact_angle": 24.4943143812709,
        "fiber_rotation": 33.41137123745819
    },
    "mechanical_parameters": {
        "interface_friction": 0.0,
        "GI": 0.0015,
        "GII,GIII": 0.3,
        "tI=tII=tIII": 1.3,
        "blade_friction": 0.6
    }
}
