{
    "geometrical_parameters": {
        "fiber_diameter": 0.024919732441471575,
        "elliptical_fiber_ratio": 1.0,
        "blade_distance": 0.12675585284280938,
        "ratio_droplet_embedded_length": 1.36,
        "droplet_diameter": 0.12102675585284281,
        "contact_angle": 25.7,
        "fiber_rotation": 0
    },
    "mechanical_parameters": {
        "interface_friction": 0.0,
        "GI": 0.0015,
        "GII,GIII": 0.10668896321070234,
        "blade_friction": 0.0,
        "tI=tII=tIII": 0.8712374581939799
    }
}
