{
    "geometrical_parameters": {
        "fiber_diameter": 0.015885771543086173,
        "blade_distance": 0.507815631262525,
        "elliptical_fiber_ratio": 1.5531062124248498,
        "ratio_droplet_embedded_length": 1.3626452905811623,
        "droplet_diameter": 0.21568537074148297,
        "contact_angle": 22.054108216432866,
        "fiber_rotation": 20.921843687374754
    },
    "mechanical_parameters": {
        "interface_friction": 0.0,
        "tI": 1,
        "tII,tIII": 1.3,
        "GI": 0.015,
        "GII,GIII": 0.1,
        "blade_friction": 0.6
    }
}
