{
    "geometrical_parameters": {
        "fiber_diameter": 0.025160535117056855,
        "blade_distance": 0.5665551839464883,
        "elliptical_fiber_ratio": 1.3311036789297659,
        "ratio_droplet_embedded_length": 1.3109030100334447,
        "droplet_diameter": 0.14360200668896322,
        "contact_angle": 28.244816053511705,
        "fiber_rotation": 21.672240802675585
    },
    "mechanical_parameters": {
        "interface_friction": 0.0,
        "tI": 1,
        "tII,tIII": 1.3,
        "GI": 0.01,
        "GII,GIII": 0.15,
        "blade_friction": 0.8
    }
}
