{
    "geometrical_parameters": {
        "fiber_diameter": 0.018122244488977955,
        "elliptical_fiber_ratio": 1.0,
        "blade_distance": 0.3935871743486974,
        "ratio_droplet_embedded_length": 1.36,
        "droplet_diameter": 0.12316032064128257,
        "contact_angle": 25.7,
        "fiber_rotation": 0
    },
    "mechanical_parameters": {
        "interface_friction": 0.0,
        "GI": 0.0015,
        "GII,GIII": 0.16515030060120242,
        "blade_friction": 0.0,
        "tI=tII=tIII": 1.440881763527054
    }
}
