{
    "geometrical_parameters": {
        "fiber_diameter": 0.021,
        "blade_distance": 0.15,
        "elliptical_fiber_ratio": 1.0,
        "ratio_droplet_embedded_length": 1.36,
        "droplet_diameter": 0.162,
        "contact_angle": 25.7,
        "fiber_rotation": 0
    },
    "mechanical_parameters": {
        "interface_friction": 0.671571906354515,
        "tI": 0.8257525083612041,
        "tII,tIII": 0.5351170568561873,
        "GI": 0.02119732441471572,
        "GII,GIII": 0.013277591973244147,
        "blade_friction": 0.5244147157190636
    }
}
