{
    "geometrical_parameters": {
        "fiber_diameter": 0.026364548494983278,
        "elliptical_fiber_ratio": 1.0,
        "blade_distance": 0.12173913043478261,
        "ratio_droplet_embedded_length": 1.36,
        "droplet_diameter": 0.1585016722408027,
        "contact_angle": 25.7,
        "fiber_rotation": 0
    },
    "mechanical_parameters": {
        "interface_friction": 0.0,
        "GI": 0.0015,
        "GII,GIII": 0.36725752508361204,
        "blade_friction": 0.0,
        "tI=tII=tIII": 1.1270903010033444
    }
}
