{
    "geometrical_parameters": {
        "fiber_diameter": 0.021,
        "blade_distance": 0.15,
        "elliptical_fiber_ratio": 1.0,
        "ratio_droplet_embedded_length": 1.36,
        "droplet_diameter": 0.162,
        "contact_angle": 25.7,
        "fiber_rotation": 0
    },
    "mechanical_parameters": {
        "interface_friction": 0.7732441471571907,
        "tI": 0.9943143812709029,
        "tII,tIII": 1.2224080267558528,
        "GI": 0.07251839464882943,
        "GII,GIII": 0.17879598662207358,
        "blade_friction": 0.634113712374582
    }
}
