{
    "geometrical_parameters": {
        "fiber_diameter": 0.029795986622073577,
        "elliptical_fiber_ratio": 1.0,
        "blade_distance": 0.28227424749163876,
        "ratio_droplet_embedded_length": 1.36,
        "droplet_diameter": 0.15714715719063546,
        "contact_angle": 25.7,
        "fiber_rotation": 0
    },
    "mechanical_parameters": {
        "interface_friction": 0.0,
        "GI": 0.0015,
        "GII,GIII": 0.15585284280936454,
        "blade_friction": 0.0,
        "tI=tII=tIII": 0.5050167224080268
    }
}
