{
    "geometrical_parameters": {
        "fiber_diameter": 0.028286432160804023,
        "blade_distance": 0.5376884422110553,
        "elliptical_fiber_ratio": 1.120603015075377,
        "ratio_droplet_embedded_length": 1.351356783919598,
        "droplet_diameter": 0.11699497487437187,
        "contact_angle": 26.48040201005025,
        "fiber_rotation": 40.25125628140703
    },
    "mechanical_parameters": {
        "interface_friction": 0.0,
        "GI": 0.0015,
        "GII,GIII": 0.3,
        "tI=tII=tIII": 1.3,
        "blade_friction": 0.6
    }
}
