{
    "geometrical_parameters": {
        "fiber_diameter": 0.019923076923076922,
        "blade_distance": 0.5063545150501673,
        "elliptical_fiber_ratio": 2.138795986622074,
        "ratio_droplet_embedded_length": 1.4125752508361205,
        "droplet_diameter": 0.1255418060200669,
        "contact_angle": 23.006020066889633,
        "fiber_rotation": 46.65551839464884
    },
    "mechanical_parameters": {
        "interface_friction": 0.0,
        "tI": 1,
        "tII,tIII": 1.3,
        "GI": 0.01,
        "GII,GIII": 0.15,
        "blade_friction": 0.8
    }
}
