{
    "geometrical_parameters": {
        "fiber_diameter": 0.01926086956521739,
        "blade_distance": 0.26053511705685617,
        "elliptical_fiber_ratio": 1.591973244147157,
        "ratio_droplet_embedded_length": 1.3665551839464882,
        "droplet_diameter": 0.16346822742474917,
        "contact_angle": 19.791304347826085,
        "fiber_rotation": 33.11036789297659
    },
    "mechanical_parameters": {
        "interface_friction": 0.0,
        "GI": 0.0015,
        "GII,GIII": 0.3,
        "tI=tII=tIII": 1.3,
        "blade_friction": 0.6
    }
}
