{
    "geometrical_parameters": {
        "fiber_diameter": 0.018418060200668895,
        "elliptical_fiber_ratio": 1.0,
        "blade_distance": 0.21705685618729098,
        "ratio_droplet_embedded_length": 1.36,
        "droplet_diameter": 0.11064214046822743,
        "contact_angle": 25.7,
        "fiber_rotation": 0
    },
    "mechanical_parameters": {
        "interface_friction": 0.0,
        "GI": 0.0015,
        "GII,GIII": 0.2214046822742475,
        "blade_friction": 0.0,
        "tI=tII=tIII": 0.8812709030100334
    }
}
