{
    "geometrical_parameters": {
        "fiber_diameter": 0.015769230769230768,
        "blade_distance": 0.3006688963210702,
        "elliptical_fiber_ratio": 2.349498327759197,
        "ratio_droplet_embedded_length": 1.36,
        "droplet_diameter": 0.162,
        "contact_angle": 25.7,
        "fiber_rotation": 45
    },
    "mechanical_parameters": {
        "interface_friction": 0.0,
        "GI": 0.0015,
        "GII,GIII": 0.46886287625418055,
        "blade_friction": 0.0,
        "tI=tII=tIII": 1.0217391304347825
    }
}
