{
    "geometrical_parameters": {
        "fiber_diameter": 0.014447236180904523,
        "blade_distance": 0.7065326633165829,
        "elliptical_fiber_ratio": 2.1859296482412063,
        "ratio_droplet_embedded_length": 1.3143718592964824,
        "droplet_diameter": 0.11903015075376885,
        "contact_angle": 23.88643216080402,
        "fiber_rotation": 54.2713567839196
    },
    "mechanical_parameters": {
        "interface_friction": 0.0,
        "GI": 0.0015,
        "GII,GIII": 0.3,
        "tI=tII=tIII": 1.3,
        "blade_friction": 0.6
    }
}
