{
    "geometrical_parameters": {
        "fiber_diameter": 0.01631103678929766,
        "blade_distance": 0.2036789297658863,
        "elliptical_fiber_ratio": 2.419732441471572,
        "ratio_droplet_embedded_length": 1.36,
        "droplet_diameter": 0.162,
        "contact_angle": 25.7,
        "fiber_rotation": 45
    },
    "mechanical_parameters": {
        "interface_friction": 0.0,
        "GI": 0.0015,
        "GII,GIII": 0.10177257525083612,
        "blade_friction": 0.0,
        "tI=tII=tIII": 1.2173913043478262
    }
}
