{
    "geometrical_parameters": {
        "fiber_diameter": 0.02757314629258517,
        "elliptical_fiber_ratio": 1.0,
        "blade_distance": 0.32545090180360725,
        "ratio_droplet_embedded_length": 1.36,
        "droplet_diameter": 0.10043486973947896,
        "contact_angle": 25.7,
        "fiber_rotation": 0
    },
    "mechanical_parameters": {
        "interface_friction": 0.0,
        "GI": 0.0015,
        "GII,GIII": 0.34975951903807617,
        "blade_friction": 0.0,
        "tI=tII=tIII": 0.749498997995992
    }
}
