{
    "geometrical_parameters": {
        "fiber_diameter": 0.026527054108216434,
        "blade_distance": 0.5309418837675351,
        "elliptical_fiber_ratio": 2.2384769539078153,
        "ratio_droplet_embedded_length": 1.4351102204408817,
        "droplet_diameter": 0.1402044088176353,
        "contact_angle": 14.206412825651302,
        "fiber_rotation": 1.623246492985972
    },
    "mechanical_parameters": {
        "interface_friction": 0.0,
        "tI": 1,
        "tII,tIII": 1.3,
        "GI": 0.01,
        "GII,GIII": 0.15,
        "blade_friction": 0.6
    }
}
