{
    "geometrical_parameters": {
        "fiber_diameter": 0.014803607214428856,
        "blade_distance": 0.14609218436873747,
        "elliptical_fiber_ratio": 2.091182364729459,
        "ratio_droplet_embedded_length": 1.391503006012024,
        "droplet_diameter": 0.16807014028056114,
        "contact_angle": 16.988777555110218,
        "fiber_rotation": 29.579158316633265
    },
    "mechanical_parameters": {
        "interface_friction": 0.0,
        "tI": 1,
        "tII,tIII": 1.3,
        "GI": 0.015,
        "GII,GIII": 0.1,
        "blade_friction": 0.6
    }
}
