{
    "geometrical_parameters": {
        "fiber_diameter": 0.01390909090909091,
        "blade_distance": 0.030258673153850318,
        "elliptical_fiber_ratio": 2.858585858585859,
        "ratio_droplet_embedded_length": 1.202020202020202,
        "droplet_diameter": 0.19890909090909092,
        "contact_angle": 27.084848484848482,
        "fiber_rotation": 79.0909090909091
    },
    "mechanical_parameters": {
        "interface_friction": 0.0,
        "GI": 0.015,
        "GII,GIII": 0.3,
        "tI=tII=tIII": 1.3,
        "blade_friction": 0.6
    }
}
