{
    "geometrical_parameters": {
        "fiber_diameter": 0.01926086956521739,
        "blade_distance": 0.47792642140468233,
        "elliptical_fiber_ratio": 1.3812709030100334,
        "ratio_droplet_embedded_length": 1.389030100334448,
        "droplet_diameter": 0.1594046822742475,
        "contact_angle": 20.08896321070234,
        "fiber_rotation": 77.05685618729098
    },
    "mechanical_parameters": {
        "interface_friction": 0.0,
        "tI": 1,
        "tII,tIII": 1.3,
        "GI": 0.01,
        "GII,GIII": 0.15,
        "blade_friction": 0.8
    }
}
