{
    "geometrical_parameters": {
        "fiber_diameter": 0.01853846153846154,
        "blade_distance": 0.5197324414715719,
        "elliptical_fiber_ratio": 1.165551839464883,
        "ratio_droplet_embedded_length": 1.377257525083612,
        "droplet_diameter": 0.15218060200668898,
        "contact_angle": 17.94581939799331,
        "fiber_rotation": 0.0
    },
    "mechanical_parameters": {
        "interface_friction": 0.0,
        "GI": 0.0015,
        "GII,GIII": 0.3,
        "tI=tII=tIII": 1.3,
        "blade_friction": 0.6
    }
}
