{
    "geometrical_parameters": {
        "fiber_diameter": 0.021,
        "blade_distance": 0.042,
        "elliptical_fiber_ratio": 1.0,
        "ratio_droplet_embedded_length": 1.36,
        "droplet_diameter": 0.162,
        "contact_angle": 25.7,
        "fiber_rotation": 0
    },
    "mechanical_parameters": {
        "interface_friction": 0.44414715719063547,
        "GI": 0.03278595317725753,
        "GII,GIII": 0.27220735785953176,
        "tI=tII=tIII": 0.6555183946488294,
        "blade_friction": 0.013377926421404682
    }
}
