{
    "geometrical_parameters": {
        "fiber_diameter": 0.014875751503006011,
        "elliptical_fiber_ratio": 1.0,
        "blade_distance": 0.5208416833667334,
        "ratio_droplet_embedded_length": 1.36,
        "droplet_diameter": 0.19999398797595191,
        "contact_angle": 25.7,
        "fiber_rotation": 0
    },
    "mechanical_parameters": {
        "interface_friction": 0.0,
        "GI": 0.0015,
        "GII,GIII": 0.3183366733466934,
        "blade_friction": 0.0,
        "tI=tII=tIII": 0.7344689378757515
    }
}
