{
    "geometrical_parameters": {
        "fiber_diameter": 0.025589178356713427,
        "blade_distance": 0.5649298597194389,
        "elliptical_fiber_ratio": 2.349699398797595,
        "ratio_droplet_embedded_length": 1.2664529058116232,
        "droplet_diameter": 0.14832064128256514,
        "contact_angle": 29.901803607214426,
        "fiber_rotation": 16.773547094188377
    },
    "mechanical_parameters": {
        "interface_friction": 0.0,
        "tI": 1,
        "tII,tIII": 1.3,
        "GI": 0.015,
        "GII,GIII": 0.1,
        "blade_friction": 0.6
    }
}
