{
    "geometrical_parameters": {
        "fiber_diameter": 0.021187290969899665,
        "blade_distance": 0.42441471571906353,
        "elliptical_fiber_ratio": 1.0050167224080269,
        "ratio_droplet_embedded_length": 1.36,
        "droplet_diameter": 0.162,
        "contact_angle": 25.7,
        "fiber_rotation": 45
    },
    "mechanical_parameters": {
        "interface_friction": 0.0,
        "GI": 0.0015,
        "GII,GIII": 0.24270903010033443,
        "blade_friction": 0.0,
        "tI=tII=tIII": 1.5334448160535117
    }
}
