{
    "geometrical_parameters": {
        "fiber_diameter": 0.0175752508361204,
        "blade_distance": 0.36086956521739133,
        "elliptical_fiber_ratio": 2.2391304347826084,
        "ratio_droplet_embedded_length": 1.36,
        "droplet_diameter": 0.162,
        "contact_angle": 25.7,
        "fiber_rotation": 45
    },
    "mechanical_parameters": {
        "interface_friction": 0.0,
        "GI": 0.0015,
        "GII,GIII": 0.47541806020066885,
        "blade_friction": 0.0,
        "tI=tII=tIII": 0.7207357859531772
    }
}
