{
    "geometrical_parameters": {
        "fiber_diameter": 0.0210066889632107,
        "elliptical_fiber_ratio": 1.0,
        "blade_distance": 0.1451505016722408,
        "ratio_droplet_embedded_length": 1.36,
        "droplet_diameter": 0.12147826086956522,
        "contact_angle": 25.7,
        "fiber_rotation": 0
    },
    "mechanical_parameters": {
        "interface_friction": 0.0,
        "GI": 0.0015,
        "GII,GIII": 0.4278929765886288,
        "blade_friction": 0.0,
        "tI=tII=tIII": 1.7090301003344481
    }
}
