{
    "geometrical_parameters": {
        "fiber_diameter": 0.021,
        "blade_distance": 0.042,
        "elliptical_fiber_ratio": 1.0,
        "ratio_droplet_embedded_length": 1.36,
        "droplet_diameter": 0.162,
        "contact_angle": 25.7,
        "fiber_rotation": 0
    },
    "mechanical_parameters": {
        "interface_friction": 0.7652173913043478,
        "GI": 0.08311371237458194,
        "GII,GIII": 0.029665551839464885,
        "tI=tII=tIII": 1.1672240802675584,
        "blade_friction": 0.4602006688963211
    }
}
