{
    "geometrical_parameters": {
        "fiber_diameter": 0.02616633266533066,
        "elliptical_fiber_ratio": 1.0,
        "blade_distance": 0.21022044088176353,
        "ratio_droplet_embedded_length": 1.36,
        "droplet_diameter": 0.16292985971943888,
        "contact_angle": 25.7,
        "fiber_rotation": 0
    },
    "mechanical_parameters": {
        "interface_friction": 0.0,
        "GI": 0.0015,
        "GII,GIII": 0.01687374749498998,
        "blade_friction": 0.0,
        "tI=tII=tIII": 1.723446893787575
    }
}
