{
    "geometrical_parameters": {
        "fiber_diameter": 0.025040133779264215,
        "blade_distance": 0.2137123745819398,
        "elliptical_fiber_ratio": 1.0451505016722409,
        "ratio_droplet_embedded_length": 1.36,
        "droplet_diameter": 0.162,
        "contact_angle": 25.7,
        "fiber_rotation": 0
    },
    "mechanical_parameters": {
        "interface_friction": 0.0,
        "GI": 0.0015,
        "GII,GIII": 0.4229765886287626,
        "blade_friction": 0.0,
        "tI=tII=tIII": 0.9464882943143812
    }
}
