{
    "geometrical_parameters": {
        "fiber_diameter": 0.013602006688963211,
        "blade_distance": 0.10836120401337793,
        "elliptical_fiber_ratio": 1.145484949832776,
        "ratio_droplet_embedded_length": 1.36,
        "droplet_diameter": 0.162,
        "contact_angle": 25.7,
        "fiber_rotation": 45
    },
    "mechanical_parameters": {
        "interface_friction": 0.0,
        "GI": 0.0015,
        "GII,GIII": 0.3115384615384616,
        "blade_friction": 0.0,
        "tI=tII=tIII": 1.4331103678929766
    }
}
