{
    "geometrical_parameters": {
        "fiber_diameter": 0.021,
        "blade_distance": 0.042,
        "elliptical_fiber_ratio": 1.0,
        "ratio_droplet_embedded_length": 1.36,
        "droplet_diameter": 0.162,
        "contact_angle": 25.7,
        "fiber_rotation": 0
    },
    "mechanical_parameters": {
        "interface_friction": 0.13645484949832776,
        "GI": 0.013913043478260872,
        "GII,GIII": 0.26073578595317726,
        "tI=tII=tIII": 1.2324414715719063,
        "blade_friction": 0.12040133779264213
    }
}
