{
    "geometrical_parameters": {
        "fiber_diameter": 0.029953907815631266,
        "blade_distance": 0.3935871743486974,
        "elliptical_fiber_ratio": 1.25250501002004,
        "ratio_droplet_embedded_length": 1.1779559118236471,
        "droplet_diameter": 0.15616633266533067,
        "contact_angle": 29.97314629258517,
        "fiber_rotation": 21.64328657314629
    },
    "mechanical_parameters": {
        "interface_friction": 0.0,
        "tI": 1,
        "tII,tIII": 1.3,
        "GI": 0.015,
        "GII,GIII": 0.1,
        "blade_friction": 0.6
    }
}
