{
    "geometrical_parameters": {
        "fiber_diameter": 0.021,
        "blade_distance": 0.042,
        "elliptical_fiber_ratio": 1.0,
        "ratio_droplet_embedded_length": 1.36,
        "droplet_diameter": 0.162,
        "contact_angle": 25.7,
        "fiber_rotation": 0
    },
    "mechanical_parameters": {
        "interface_friction": 0.11772575250836122,
        "GI": 0.04967224080267559,
        "GII,GIII": 0.4049498327759197,
        "tI=tII=tIII": 1.5133779264214047,
        "blade_friction": 0.44414715719063547
    }
}
