{
    "geometrical_parameters": {
        "fiber_diameter": 0.0287123745819398,
        "blade_distance": 0.32240802675585284,
        "elliptical_fiber_ratio": 2.979933110367893,
        "ratio_droplet_embedded_length": 1.382608695652174,
        "droplet_diameter": 0.12689632107023413,
        "contact_angle": 30.20936454849498,
        "fiber_rotation": 81.27090301003344
    },
    "mechanical_parameters": {
        "interface_friction": 0.0,
        "GI": 0.0015,
        "GII,GIII": 0.3,
        "tI=tII=tIII": 1.3,
        "blade_friction": 0.6
    }
}
