{
    "geometrical_parameters": {
        "fiber_diameter": 0.021,
        "blade_distance": 0.042,
        "elliptical_fiber_ratio": 1.0,
        "ratio_droplet_embedded_length": 1.36,
        "droplet_diameter": 0.162,
        "contact_angle": 25.7,
        "fiber_rotation": 0
    },
    "mechanical_parameters": {
        "interface_friction": 0.40668896321070236,
        "GI": 0.002655518394648829,
        "GII,GIII": 0.43936454849498335,
        "tI=tII=tIII": 0.6505016722408027,
        "blade_friction": 0.09899665551839466
    }
}
