{
    "geometrical_parameters": {
        "fiber_diameter": 0.018357859531772575,
        "elliptical_fiber_ratio": 1.0,
        "blade_distance": 0.277257525083612,
        "ratio_droplet_embedded_length": 1.36,
        "droplet_diameter": 0.16346822742474917,
        "contact_angle": 25.7,
        "fiber_rotation": 0
    },
    "mechanical_parameters": {
        "interface_friction": 0.0,
        "GI": 0.0015,
        "GII,GIII": 0.21976588628762542,
        "blade_friction": 0.0,
        "tI=tII=tIII": 1.1371237458193981
    }
}
