{
    "geometrical_parameters": {
        "fiber_diameter": 0.021,
        "blade_distance": 0.15,
        "elliptical_fiber_ratio": 1.0,
        "ratio_droplet_embedded_length": 1.36,
        "droplet_diameter": 0.162,
        "contact_angle": 25.7,
        "fiber_rotation": 0
    },
    "mechanical_parameters": {
        "interface_friction": 0.2782608695652174,
        "GI": 0.0672207357859532,
        "GII,GIII": 0.16732441471571904,
        "tI=tII=tIII": 1.3478260869565217,
        "blade_friction": 0.09632107023411372
    }
}
