{
    "geometrical_parameters": {
        "fiber_diameter": 0.019381270903010034,
        "blade_distance": 0.3374581939799331,
        "elliptical_fiber_ratio": 1.9331103678929766,
        "ratio_droplet_embedded_length": 1.36,
        "droplet_diameter": 0.162,
        "contact_angle": 25.7,
        "fiber_rotation": 0
    },
    "mechanical_parameters": {
        "interface_friction": 0.0,
        "GI": 0.0015,
        "GII,GIII": 0.3410367892976589,
        "blade_friction": 0.0,
        "tI=tII=tIII": 1.3729096989966556
    }
}
