{
    "geometrical_parameters": {
        "fiber_diameter": 0.021,
        "blade_distance": 0.15,
        "elliptical_fiber_ratio": 1.0,
        "ratio_droplet_embedded_length": 1.36,
        "droplet_diameter": 0.162,
        "contact_angle": 25.7,
        "fiber_rotation": 0
    },
    "mechanical_parameters": {
        "interface_friction": 0.4173913043478261,
        "GI": 0.07218729096989966,
        "GII,GIII": 0.30334448160535116,
        "tI=tII=tIII": 1.648829431438127,
        "blade_friction": 0.6020066889632107
    }
}
