{
    "geometrical_parameters": {
        "fiber_diameter": 0.030036789297658864,
        "blade_distance": 0.34414715719063543,
        "elliptical_fiber_ratio": 2.4147157190635453,
        "ratio_droplet_embedded_length": 1.36,
        "droplet_diameter": 0.162,
        "contact_angle": 25.7,
        "fiber_rotation": 45
    },
    "mechanical_parameters": {
        "interface_friction": 0.0,
        "GI": 0.0015,
        "GII,GIII": 0.37872909698996654,
        "blade_friction": 0.0,
        "tI=tII=tIII": 1.7090301003344481
    }
}
