{
    "geometrical_parameters": {
        "fiber_diameter": 0.02277555110220441,
        "blade_distance": 0.13703406813627256,
        "elliptical_fiber_ratio": 2.265531062124248,
        "ratio_droplet_embedded_length": 1.2837675350701403,
        "droplet_diameter": 0.15237875751503008,
        "contact_angle": 16.168336673346694,
        "fiber_rotation": 13.16633266533066
    },
    "mechanical_parameters": {
        "interface_friction": 0.0,
        "tI": 1,
        "tII,tIII": 1.3,
        "GI": 0.01,
        "GII,GIII": 0.15,
        "blade_friction": 0.6
    }
}
