{
    "geometrical_parameters": {
        "fiber_diameter": 0.02493987975951904,
        "blade_distance": 0.3004008016032064,
        "elliptical_fiber_ratio": 1.9919839679358717,
        "ratio_droplet_embedded_length": 1.2600400801603207,
        "droplet_diameter": 0.12451302605210421,
        "contact_angle": 14.135070140280561,
        "fiber_rotation": 58.61723446893787
    },
    "mechanical_parameters": {
        "interface_friction": 0.0,
        "tI": 1,
        "tII,tIII": 1.3,
        "GI": 0.015,
        "GII,GIII": 0.1,
        "blade_friction": 0.6
    }
}
