{
    "geometrical_parameters": {
        "fiber_diameter": 0.024272727272727272,
        "blade_distance": 0.17099454406339132,
        "elliptical_fiber_ratio": 1.5454545454545454,
        "ratio_droplet_embedded_length": 1.1826262626262625,
        "droplet_diameter": 0.203,
        "contact_angle": 15.038383838383838,
        "fiber_rotation": 76.36363636363636
    },
    "mechanical_parameters": {
        "interface_friction": 0.0,
        "GI": 0.0015,
        "GII,GIII": 0.3,
        "tI=tII=tIII": 1.3,
        "blade_friction": 0.6
    }
}
