{
    "geometrical_parameters": {
        "fiber_diameter": 0.021,
        "blade_distance": 0.15,
        "elliptical_fiber_ratio": 1.0,
        "ratio_droplet_embedded_length": 1.36,
        "droplet_diameter": 0.162,
        "contact_angle": 25.7,
        "fiber_rotation": 0
    },
    "mechanical_parameters": {
        "interface_friction": 0.5163879598662208,
        "tI": 1.0739130434782609,
        "tII,tIII": 0.8561872909698997,
        "GI": 0.062254180602006694,
        "GII,GIII": 0.10832775919732442,
        "blade_friction": 0.09096989966555184
    }
}
