{
    "geometrical_parameters": {
        "fiber_diameter": 0.02497993311036789,
        "blade_distance": 0.42441471571906353,
        "elliptical_fiber_ratio": 1.451505016722408,
        "ratio_droplet_embedded_length": 1.36,
        "droplet_diameter": 0.162,
        "contact_angle": 25.7,
        "fiber_rotation": 0
    },
    "mechanical_parameters": {
        "interface_friction": 0.0,
        "GI": 0.0015,
        "GII,GIII": 0.20665551839464882,
        "blade_friction": 0.0,
        "tI=tII=tIII": 0.8862876254180603
    }
}
