{
    "geometrical_parameters": {
        "fiber_diameter": 0.028290969899665553,
        "blade_distance": 0.3491638795986622,
        "elliptical_fiber_ratio": 1.18561872909699,
        "ratio_droplet_embedded_length": 1.36,
        "droplet_diameter": 0.162,
        "contact_angle": 25.7,
        "fiber_rotation": 45
    },
    "mechanical_parameters": {
        "interface_friction": 0.0,
        "GI": 0.0015,
        "GII,GIII": 0.4442809364548495,
        "blade_friction": 0.0,
        "tI=tII=tIII": 1.3377926421404682
    }
}
