{
    "geometrical_parameters": {
        "fiber_diameter": 0.0241371237458194,
        "blade_distance": 0.22374581939799332,
        "elliptical_fiber_ratio": 1.9581939799331103,
        "ratio_droplet_embedded_length": 1.2242140468227425,
        "droplet_diameter": 0.19417056856187292,
        "contact_angle": 29.37591973244147,
        "fiber_rotation": 60.80267558528428
    },
    "mechanical_parameters": {
        "interface_friction": 0.0,
        "tI": 1,
        "tII,tIII": 1.3,
        "GI": 0.01,
        "GII,GIII": 0.15,
        "blade_friction": 0.8
    }
}
