{
    "geometrical_parameters": {
        "fiber_diameter": 0.014866220735785952,
        "blade_distance": 0.5147157190635452,
        "elliptical_fiber_ratio": 2.168896321070234,
        "ratio_droplet_embedded_length": 1.4564548494983276,
        "droplet_diameter": 0.22893645484949834,
        "contact_angle": 18.600668896321068,
        "fiber_rotation": 45.752508361204015
    },
    "mechanical_parameters": {
        "interface_friction": 0.0,
        "GI": 0.0015,
        "GII,GIII": 0.3,
        "tI=tII=tIII": 1.3,
        "blade_friction": 0.6
    }
}
