{
    "geometrical_parameters": {
        "fiber_diameter": 0.029196392785571144,
        "blade_distance": 0.18529058116232466,
        "elliptical_fiber_ratio": 1.7545090180360723,
        "ratio_droplet_embedded_length": 1.2125851703406814,
        "droplet_diameter": 0.17510420841683366,
        "contact_angle": 30.115831663326652,
        "fiber_rotation": 67.27454909819639
    },
    "mechanical_parameters": {
        "interface_friction": 0.0,
        "tI": 1,
        "tII,tIII": 1.3,
        "GI": 0.01,
        "GII,GIII": 0.15,
        "blade_friction": 0.6
    }
}
