{
    "geometrical_parameters": {
        "fiber_diameter": 0.021729096989966556,
        "blade_distance": 0.3876254180602007,
        "elliptical_fiber_ratio": 1.5267558528428093,
        "ratio_droplet_embedded_length": 1.411505016722408,
        "droplet_diameter": 0.1869464882943144,
        "contact_angle": 26.63745819397993,
        "fiber_rotation": 26.78929765886287
    },
    "mechanical_parameters": {
        "interface_friction": 0.0,
        "tI": 1,
        "tII,tIII": 1.3,
        "GI": 0.01,
        "GII,GIII": 0.15,
        "blade_friction": 0.8
    }
}
