{
    "geometrical_parameters": {
        "fiber_diameter": 0.014818181818181817,
        "blade_distance": 0.17304047084372828,
        "elliptical_fiber_ratio": 1.2626262626262625,
        "ratio_droplet_embedded_length": 1.2149494949494948,
        "droplet_diameter": 0.22209090909090912,
        "contact_angle": 27.983838383838382,
        "fiber_rotation": 31.818181818181817
    },
    "mechanical_parameters": {
        "interface_friction": 0.0,
        "GI": 0.0015,
        "GII,GIII": 0.3,
        "tI=tII=tIII": 1.3,
        "blade_friction": 0.6
    }
}
