{
    "geometrical_parameters": {
        "fiber_diameter": 0.027267558528428094,
        "blade_distance": 0.748494983277592,
        "elliptical_fiber_ratio": 1.193979933110368,
        "ratio_droplet_embedded_length": 1.3751170568561872,
        "droplet_diameter": 0.10567558528428093,
        "contact_angle": 22.589297658862876,
        "fiber_rotation": 77.05685618729098
    },
    "mechanical_parameters": {
        "interface_friction": 0.0,
        "GI": 0.0015,
        "GII,GIII": 0.3,
        "tI=tII=tIII": 1.3,
        "blade_friction": 0.6
    }
}
