{
    "geometrical_parameters": {
        "fiber_diameter": 0.02656312625250501,
        "blade_distance": 0.5028857715430862,
        "elliptical_fiber_ratio": 1.8236472945891784,
        "ratio_droplet_embedded_length": 1.3062124248496993,
        "droplet_diameter": 0.12803006012024049,
        "contact_angle": 24.33707414829659,
        "fiber_rotation": 12.44488977955912
    },
    "mechanical_parameters": {
        "interface_friction": 0.0,
        "tI": 1,
        "tII,tIII": 1.3,
        "GI": 0.01,
        "GII,GIII": 0.15,
        "blade_friction": 0.6
    }
}
