{
    "geometrical_parameters": {
        "fiber_diameter": 0.021,
        "blade_distance": 0.15,
        "elliptical_fiber_ratio": 1.0,
        "ratio_droplet_embedded_length": 1.36,
        "droplet_diameter": 0.162,
        "contact_angle": 25.7,
        "fiber_rotation": 0
    },
    "mechanical_parameters": {
        "interface_friction": 0.5993311036789298,
        "GI": 0.09172240802675585,
        "GII,GIII": 0.15421404682274248,
        "tI=tII=tIII": 1.0367892976588626,
        "blade_friction": 0.19531772575250836
    }
}
