{
    "geometrical_parameters": {
        "fiber_diameter": 0.021,
        "blade_distance": 0.15,
        "elliptical_fiber_ratio": 1.0,
        "ratio_droplet_embedded_length": 1.36,
        "droplet_diameter": 0.162,
        "contact_angle": 25.7,
        "fiber_rotation": 0
    },
    "mechanical_parameters": {
        "interface_friction": 0.12040133779264213,
        "GI": 0.016892976588628764,
        "GII,GIII": 0.026387959866220737,
        "tI=tII=tIII": 1.854515050167224,
        "blade_friction": 0.09364548494983278
    }
}
