{
    "geometrical_parameters": {
        "fiber_diameter": 0.026094188376753508,
        "elliptical_fiber_ratio": 1.0,
        "blade_distance": 0.4266533066132264,
        "ratio_droplet_embedded_length": 1.36,
        "droplet_diameter": 0.22298997995991987,
        "contact_angle": 25.7,
        "fiber_rotation": 0
    },
    "mechanical_parameters": {
        "interface_friction": 0.0,
        "GI": 0.0015,
        "GII,GIII": 0.11703406813627254,
        "blade_friction": 0.0,
        "tI=tII=tIII": 0.5721442885771543
    }
}
