{
    "geometrical_parameters": {
        "fiber_diameter": 0.025160535117056855,
        "blade_distance": 0.3525083612040134,
        "elliptical_fiber_ratio": 1.1354515050167224,
        "ratio_droplet_embedded_length": 1.36,
        "droplet_diameter": 0.162,
        "contact_angle": 25.7,
        "fiber_rotation": 0
    },
    "mechanical_parameters": {
        "interface_friction": 0.0,
        "GI": 0.0015,
        "GII,GIII": 0.09521739130434782,
        "blade_friction": 0.0,
        "tI=tII=tIII": 0.580267558528428
    }
}
