{
    "geometrical_parameters": {
        "fiber_diameter": 0.020163879598662206,
        "blade_distance": 0.6056856187290971,
        "elliptical_fiber_ratio": 1.7290969899665551,
        "ratio_droplet_embedded_length": 1.1846153846153846,
        "droplet_diameter": 0.12373578595317726,
        "contact_angle": 15.08829431438127,
        "fiber_rotation": 38.22742474916388
    },
    "mechanical_parameters": {
        "interface_friction": 0.0,
        "GI": 0.0015,
        "GII,GIII": 0.3,
        "tI=tII=tIII": 1.3,
        "blade_friction": 0.6
    }
}
