{
    "geometrical_parameters": {
        "fiber_diameter": 0.03027272727272727,
        "blade_distance_ratio_to_fiber_diameter": 3.0303030303030303,
        "elliptical_fiber_ratio": 1.98989898989899,
        "ratio_droplet_embedded_length": 1.231111111111111,
        "droplet_diameter": 0.10618181818181818,
        "contact_angle": 29.6020202020202,
        "fiber_rotation": 60.909090909090914
    },
    "mechanical_parameters": {
        "interface_friction": 0.0,
        "GI": 0.015,
        "GII,GIII": 0.3,
        "tI=tII=tIII": 1.3,
        "blade_friction": 0.6
    }
}
