{
    "geometrical_parameters": {
        "fiber_diameter": 0.01609090909090909,
        "blade_distance": 0.09447605001888967,
        "elliptical_fiber_ratio": 1.202020202020202,
        "ratio_droplet_embedded_length": 1.2408080808080808,
        "droplet_diameter": 0.12527272727272729,
        "contact_angle": 17.555555555555554,
        "fiber_rotation": 17.272727272727273
    },
    "mechanical_parameters": {
        "interface_friction": 0.0,
        "GI": 0.015,
        "GII,GIII": 0.3,
        "tI=tII=tIII": 1.3,
        "blade_friction": 0.6
    }
}
