{
    "geometrical_parameters": {
        "fiber_diameter": 0.016612040133779264,
        "blade_distance": 0.10668896321070234,
        "elliptical_fiber_ratio": 2.3193979933110365,
        "ratio_droplet_embedded_length": 1.36,
        "droplet_diameter": 0.162,
        "contact_angle": 25.7,
        "fiber_rotation": 45
    },
    "mechanical_parameters": {
        "interface_friction": 0.0,
        "GI": 0.0015,
        "GII,GIII": 0.03785953177257525,
        "blade_friction": 0.0,
        "tI=tII=tIII": 1.754180602006689
    }
}
