{
    "geometrical_parameters": {
        "fiber_diameter": 0.021260521042084167,
        "blade_distance": 0.15274549098196394,
        "elliptical_fiber_ratio": 2.331663326653307,
        "ratio_droplet_embedded_length": 1.4748697394789578,
        "droplet_diameter": 0.16996392785571143,
        "contact_angle": 14.170741482965932,
        "fiber_rotation": 40.04008016032064
    },
    "mechanical_parameters": {
        "interface_friction": 0.0,
        "tI": 1,
        "tII,tIII": 1.3,
        "GI": 0.01,
        "GII,GIII": 0.15,
        "blade_friction": 0.6
    }
}
