{
    "geometrical_parameters": {
        "fiber_diameter": 0.016792642140468227,
        "blade_distance": 0.29565217391304344,
        "elliptical_fiber_ratio": 1.4414715719063544,
        "ratio_droplet_embedded_length": 1.4404013377926421,
        "droplet_diameter": 0.17746488294314383,
        "contact_angle": 20.08896321070234,
        "fiber_rotation": 62.0066889632107
    },
    "mechanical_parameters": {
        "interface_friction": 0.0,
        "GI": 0.0015,
        "GII,GIII": 0.3,
        "tI=tII=tIII": 1.3,
        "blade_friction": 0.6
    }
}
