{
    "geometrical_parameters": {
        "fiber_diameter": 0.021,
        "blade_distance": 0.15,
        "elliptical_fiber_ratio": 1.0,
        "ratio_droplet_embedded_length": 1.36,
        "droplet_diameter": 0.162,
        "contact_angle": 25.7,
        "fiber_rotation": 0
    },
    "mechanical_parameters": {
        "interface_friction": 0.17123745819397995,
        "tI": 1.3876254180602008,
        "tII,tIII": 0.8210702341137124,
        "GI": 0.09271571906354516,
        "GII,GIII": 0.27384615384615385,
        "blade_friction": 0.7678929765886289
    }
}
