{
    "geometrical_parameters": {
        "fiber_diameter": 0.02702675585284281,
        "blade_distance": 0.19197324414715722,
        "elliptical_fiber_ratio": 2.4498327759197327,
        "ratio_droplet_embedded_length": 1.4660869565217391,
        "droplet_diameter": 0.20004013377926422,
        "contact_angle": 18.362541806020065,
        "fiber_rotation": 55.68561872909699
    },
    "mechanical_parameters": {
        "interface_friction": 0.0,
        "GI": 0.0015,
        "GII,GIII": 0.3,
        "tI=tII=tIII": 1.3,
        "blade_friction": 0.6
    }
}
