{
    "geometrical_parameters": {
        "fiber_diameter": 0.013120401337792641,
        "blade_distance": 0.13678929765886289,
        "elliptical_fiber_ratio": 2.108695652173913,
        "ratio_droplet_embedded_length": 1.2274247491638794,
        "droplet_diameter": 0.2045551839464883,
        "contact_angle": 18.243478260869562,
        "fiber_rotation": 83.6789297658863
    },
    "mechanical_parameters": {
        "interface_friction": 0.0,
        "tI": 1,
        "tII,tIII": 1.3,
        "GI": 0.01,
        "GII,GIII": 0.15,
        "blade_friction": 0.8
    }
}
