{
    "geometrical_parameters": {
        "fiber_diameter": 0.02081818181818182,
        "blade_distance": 0.048285257639905085,
        "elliptical_fiber_ratio": 1.2626262626262625,
        "ratio_droplet_embedded_length": 1.4703030303030302,
        "droplet_diameter": 0.1839090909090909,
        "contact_angle": 29.42222222222222,
        "fiber_rotation": 7.272727272727273
    },
    "mechanical_parameters": {
        "interface_friction": 0.0,
        "GI": 0.015,
        "GII,GIII": 0.3,
        "tI=tII=tIII": 1.3,
        "blade_friction": 0.6
    }
}
