{
    "geometrical_parameters": {
        "fiber_diameter": 0.026484949832775922,
        "blade_distance": 0.23879598662207357,
        "elliptical_fiber_ratio": 1.4264214046822743,
        "ratio_droplet_embedded_length": 1.3023411371237459,
        "droplet_diameter": 0.1372809364548495,
        "contact_angle": 30.745150501672235,
        "fiber_rotation": 40.63545150501671
    },
    "mechanical_parameters": {
        "interface_friction": 0.0,
        "tI": 1,
        "tII,tIII": 1.3,
        "GI": 0.01,
        "GII,GIII": 0.15,
        "blade_friction": 0.8
    }
}
