{
    "geometrical_parameters": {
        "fiber_diameter": 0.020636363636363637,
        "blade_distance": 0.07109244798790829,
        "elliptical_fiber_ratio": 1.9696969696969697,
        "ratio_droplet_embedded_length": 1.4347474747474747,
        "droplet_diameter": 0.1539090909090909,
        "contact_angle": 13.77979797979798,
        "fiber_rotation": 6.363636363636364
    },
    "mechanical_parameters": {
        "interface_friction": 0.0,
        "GI": 0.015,
        "GII,GIII": 0.3,
        "tI=tII=tIII": 1.3,
        "blade_friction": 0.6
    }
}
