{
    "geometrical_parameters": {
        "fiber_diameter": 0.029593186372745495,
        "blade_distance": 0.4647294589178357,
        "elliptical_fiber_ratio": 2.340681362725451,
        "ratio_droplet_embedded_length": 1.2497795591182363,
        "droplet_diameter": 0.12261923847695391,
        "contact_angle": 28.439278557114225,
        "fiber_rotation": 45.99198396793587
    },
    "mechanical_parameters": {
        "interface_friction": 0.0,
        "tI": 1,
        "tII,tIII": 1.3,
        "GI": 0.01,
        "GII,GIII": 0.15,
        "blade_friction": 0.6
    }
}
