{
    "geometrical_parameters": {
        "fiber_diameter": 0.023208416833667336,
        "elliptical_fiber_ratio": 1.0,
        "blade_distance": 0.5539078156312626,
        "ratio_droplet_embedded_length": 1.36,
        "droplet_diameter": 0.19485370741482966,
        "contact_angle": 25.7,
        "fiber_rotation": 0
    },
    "mechanical_parameters": {
        "interface_friction": 0.0,
        "GI": 0.0015,
        "GII,GIII": 0.08855711422845691,
        "blade_friction": 0.0,
        "tI=tII=tIII": 0.9478957915831663
    }
}
