{
    "geometrical_parameters": {
        "fiber_diameter": 0.021,
        "blade_distance": 0.15,
        "elliptical_fiber_ratio": 1.0,
        "ratio_droplet_embedded_length": 1.36,
        "droplet_diameter": 0.162,
        "contact_angle": 25.7,
        "fiber_rotation": 0
    },
    "mechanical_parameters": {
        "interface_friction": 0.5244147157190636,
        "GI": 0.08741806020066889,
        "GII,GIII": 0.2214046822742475,
        "tI=tII=tIII": 1.1020066889632107,
        "blade_friction": 0.2862876254180602
    }
}
