{
    "geometrical_parameters": {
        "fiber_diameter": 0.02762876254180602,
        "blade_distance": 0.16354515050167223,
        "elliptical_fiber_ratio": 1.1705685618729098,
        "ratio_droplet_embedded_length": 1.163210702341137,
        "droplet_diameter": 0.10386956521739131,
        "contact_angle": 24.196655518394646,
        "fiber_rotation": 14.448160535117056
    },
    "mechanical_parameters": {
        "interface_friction": 0.0,
        "tI": 1,
        "tII,tIII": 1.3,
        "GI": 0.01,
        "GII,GIII": 0.15,
        "blade_friction": 0.8
    }
}
