{
    "geometrical_parameters": {
        "fiber_diameter": 0.02209090909090909,
        "blade_distance": 0.14284333992367662,
        "elliptical_fiber_ratio": 2.97979797979798,
        "ratio_droplet_embedded_length": 1.3054545454545454,
        "droplet_diameter": 0.15254545454545454,
        "contact_angle": 19.353535353535353,
        "fiber_rotation": 69.0909090909091
    },
    "mechanical_parameters": {
        "interface_friction": 0.0,
        "GI": 0.015,
        "GII,GIII": 0.3,
        "tI=tII=tIII": 1.3,
        "blade_friction": 0.6
    }
}
