{
    "geometrical_parameters": {
        "fiber_diameter": 0.025480961923847696,
        "elliptical_fiber_ratio": 1.0,
        "blade_distance": 0.3444889779559118,
        "ratio_droplet_embedded_length": 1.36,
        "droplet_diameter": 0.23137675350701403,
        "contact_angle": 25.7,
        "fiber_rotation": 0
    },
    "mechanical_parameters": {
        "interface_friction": 0.0,
        "GI": 0.0015,
        "GII,GIII": 0.4813426853707415,
        "blade_friction": 0.0,
        "tI=tII=tIII": 0.5150300601202404
    }
}
