{
    "geometrical_parameters": {
        "fiber_diameter": 0.022454545454545456,
        "blade_distance": 0.07574689744696597,
        "elliptical_fiber_ratio": 2.3737373737373737,
        "ratio_droplet_embedded_length": 1.3507070707070707,
        "droplet_diameter": 0.16345454545454546,
        "contact_angle": 29.6020202020202,
        "fiber_rotation": 40.0
    },
    "mechanical_parameters": {
        "interface_friction": 0.0,
        "GI": 0.0015,
        "GII,GIII": 0.3,
        "tI=tII=tIII": 1.3,
        "blade_friction": 0.6
    }
}
