{
    "geometrical_parameters": {
        "fiber_diameter": 0.01350501002004008,
        "blade_distance": 0.5639278557114229,
        "elliptical_fiber_ratio": 1.2975951903807617,
        "ratio_droplet_embedded_length": 1.398557114228457,
        "droplet_diameter": 0.14561523046092184,
        "contact_angle": 14.277755511022043,
        "fiber_rotation": 64.749498997996
    },
    "mechanical_parameters": {
        "interface_friction": 0.0,
        "tI": 1,
        "tII,tIII": 1.3,
        "GI": 0.015,
        "GII,GIII": 0.1,
        "blade_friction": 0.6
    }
}
