{
    "geometrical_parameters": {
        "fiber_diameter": 0.016130434782608696,
        "blade_distance": 0.6103678929765887,
        "elliptical_fiber_ratio": 1.3478260869565217,
        "ratio_droplet_embedded_length": 1.2060200668896321,
        "droplet_diameter": 0.13412040133779266,
        "contact_angle": 24.851505016722406,
        "fiber_rotation": 72.54180602006689
    },
    "mechanical_parameters": {
        "interface_friction": 0.0,
        "GI": 0.0015,
        "GII,GIII": 0.3,
        "tI=tII=tIII": 1.3,
        "blade_friction": 0.6
    }
}
