{
    "geometrical_parameters": {
        "fiber_diameter": 0.014625418060200669,
        "blade_distance": 0.2889632107023411,
        "elliptical_fiber_ratio": 2.4749163879598663,
        "ratio_droplet_embedded_length": 1.1642809364548494,
        "droplet_diameter": 0.12238127090301004,
        "contact_angle": 29.49498327759197,
        "fiber_rotation": 87.59197324414717
    },
    "mechanical_parameters": {
        "interface_friction": 0.0,
        "GI": 0.0015,
        "GII,GIII": 0.3,
        "tI=tII=tIII": 1.3,
        "blade_friction": 0.6
    }
}
