{
    "geometrical_parameters": {
        "fiber_diameter": 0.022692307692307692,
        "blade_distance": 0.3341137123745819,
        "elliptical_fiber_ratio": 2.0886287625418056,
        "ratio_droplet_embedded_length": 1.36,
        "droplet_diameter": 0.162,
        "contact_angle": 25.7,
        "fiber_rotation": 45
    },
    "mechanical_parameters": {
        "interface_friction": 0.0,
        "GI": 0.0015,
        "GII,GIII": 0.43936454849498335,
        "blade_friction": 0.0,
        "tI=tII=tIII": 1.1220735785953178
    }
}
