{
    "geometrical_parameters": {
        "fiber_diameter": 0.024678929765886287,
        "blade_distance": 0.3107023411371238,
        "elliptical_fiber_ratio": 1.6020066889632107,
        "ratio_droplet_embedded_length": 1.1739130434782608,
        "droplet_diameter": 0.11244816053511707,
        "contact_angle": 26.161204013377926,
        "fiber_rotation": 80.96989966555184
    },
    "mechanical_parameters": {
        "interface_friction": 0.0,
        "GI": 0.0015,
        "GII,GIII": 0.3,
        "tI=tII=tIII": 1.3,
        "blade_friction": 0.6
    }
}
