{
    "geometrical_parameters": {
        "fiber_diameter": 0.028907815631262525,
        "elliptical_fiber_ratio": 1.0,
        "blade_distance": 0.1811623246492986,
        "ratio_droplet_embedded_length": 1.36,
        "droplet_diameter": 0.1377695390781563,
        "contact_angle": 25.7,
        "fiber_rotation": 0
    },
    "mechanical_parameters": {
        "interface_friction": 0.0,
        "GI": 0.0015,
        "GII,GIII": 0.11114228456913826,
        "blade_friction": 0.0,
        "tI=tII=tIII": 1.8016032064128256
    }
}
