{
    "geometrical_parameters": {
        "fiber_diameter": 0.021,
        "blade_distance": 0.15,
        "elliptical_fiber_ratio": 1.0,
        "ratio_droplet_embedded_length": 1.36,
        "droplet_diameter": 0.162,
        "contact_angle": 25.7,
        "fiber_rotation": 0
    },
    "mechanical_parameters": {
        "interface_friction": 0.3531772575250836,
        "GI": 0.011595317725752511,
        "GII,GIII": 0.10013377926421405,
        "tI=tII=tIII": 0.6605351170568562,
        "blade_friction": 0.13377926421404684
    }
}
