{
    "geometrical_parameters": {
        "fiber_diameter": 0.02359531772575251,
        "blade_distance": 0.24882943143812708,
        "elliptical_fiber_ratio": 1.065217391304348,
        "ratio_droplet_embedded_length": 1.1781939799331103,
        "droplet_diameter": 0.10703010033444817,
        "contact_angle": 24.791973244147155,
        "fiber_rotation": 89.09698996655518
    },
    "mechanical_parameters": {
        "interface_friction": 0.0,
        "tI": 1,
        "tII,tIII": 1.3,
        "GI": 0.01,
        "GII,GIII": 0.15,
        "blade_friction": 0.8
    }
}
