{
    "geometrical_parameters": {
        "fiber_diameter": 0.01653507014028056,
        "blade_distance": 0.6128657314629259,
        "elliptical_fiber_ratio": 2.2715430861723447,
        "ratio_droplet_embedded_length": 1.1978356713426852,
        "droplet_diameter": 0.20215831663326655,
        "contact_angle": 26.7627254509018,
        "fiber_rotation": 50.320641282565134
    },
    "mechanical_parameters": {
        "interface_friction": 0.0,
        "tI": 1,
        "tII,tIII": 1.3,
        "GI": 0.01,
        "GII,GIII": 0.15,
        "blade_friction": 0.6
    }
}
