{
    "geometrical_parameters": {
        "fiber_diameter": 0.016010033444816052,
        "blade_distance": 0.3715719063545151,
        "elliptical_fiber_ratio": 2.966555183946488,
        "ratio_droplet_embedded_length": 1.39438127090301,
        "droplet_diameter": 0.1314113712374582,
        "contact_angle": 29.852173913043472,
        "fiber_rotation": 4.214046822742475
    },
    "mechanical_parameters": {
        "interface_friction": 0.0,
        "GI": 0.0015,
        "GII,GIII": 0.3,
        "tI=tII=tIII": 1.3,
        "blade_friction": 0.6
    }
}
