{
    "geometrical_parameters": {
        "fiber_diameter": 0.020705685618729097,
        "blade_distance": 0.3374581939799331,
        "elliptical_fiber_ratio": 2.4648829431438126,
        "ratio_droplet_embedded_length": 1.36,
        "droplet_diameter": 0.162,
        "contact_angle": 25.7,
        "fiber_rotation": 45
    },
    "mechanical_parameters": {
        "interface_friction": 0.0,
        "GI": 0.0015,
        "GII,GIII": 0.2082943143812709,
        "blade_friction": 0.0,
        "tI=tII=tIII": 1.608695652173913
    }
}
