{
    "geometrical_parameters": {
        "fiber_diameter": 0.021,
        "blade_distance": 0.15,
        "elliptical_fiber_ratio": 1.0,
        "ratio_droplet_embedded_length": 1.36,
        "droplet_diameter": 0.162,
        "contact_angle": 25.7,
        "fiber_rotation": 0
    },
    "mechanical_parameters": {
        "interface_friction": 0.5886287625418061,
        "tI": 0.9709030100334448,
        "tII,tIII": 0.6254180602006689,
        "GI": 0.059274247491638794,
        "GII,GIII": 0.07063545150501672,
        "blade_friction": 0.06956521739130436
    }
}
