{
    "geometrical_parameters": {
        "fiber_diameter": 0.025100334448160535,
        "elliptical_fiber_ratio": 1.0,
        "blade_distance": 0.559866220735786,
        "ratio_droplet_embedded_length": 1.36,
        "droplet_diameter": 0.1770133779264214,
        "contact_angle": 25.7,
        "fiber_rotation": 0
    },
    "mechanical_parameters": {
        "interface_friction": 0.0,
        "GI": 0.0015,
        "GII,GIII": 0.4377257525083612,
        "blade_friction": 0.0,
        "tI=tII=tIII": 1.0618729096989967
    }
}
