{
    "geometrical_parameters": {
        "fiber_diameter": 0.027032064128256515,
        "elliptical_fiber_ratio": 1.0,
        "blade_distance": 0.16312625250501,
        "ratio_droplet_embedded_length": 1.36,
        "droplet_diameter": 0.2243426853707415,
        "contact_angle": 25.7,
        "fiber_rotation": 0
    },
    "mechanical_parameters": {
        "interface_friction": 0.0,
        "GI": 0.0015,
        "GII,GIII": 0.39983967935871745,
        "blade_friction": 0.0,
        "tI=tII=tIII": 0.8877755511022044
    }
}
