{
    "geometrical_parameters": {
        "fiber_diameter": 0.023605210420841682,
        "elliptical_fiber_ratio": 1.0,
        "blade_distance": 0.349498997995992,
        "ratio_droplet_embedded_length": 1.36,
        "droplet_diameter": 0.15778957915831665,
        "contact_angle": 25.7,
        "fiber_rotation": 0
    },
    "mechanical_parameters": {
        "interface_friction": 0.0,
        "GI": 0.0015,
        "GII,GIII": 0.03062124248496994,
        "blade_friction": 0.0,
        "tI=tII=tIII": 1.660320641282565
    }
}
