{
    "geometrical_parameters": {
        "fiber_diameter": 0.025363636363636366,
        "blade_distance": 0.11656922068914764,
        "elliptical_fiber_ratio": 1.1818181818181819,
        "ratio_droplet_embedded_length": 1.244040404040404,
        "droplet_diameter": 0.19345454545454546,
        "contact_angle": 23.488888888888887,
        "fiber_rotation": 9.090909090909092
    },
    "mechanical_parameters": {
        "interface_friction": 0.0,
        "GI": 0.015,
        "GII,GIII": 0.3,
        "tI=tII=tIII": 1.3,
        "blade_friction": 0.6
    }
}
