{
    "geometrical_parameters": {
        "fiber_diameter": 0.015452905811623247,
        "blade_distance": 0.45470941883767535,
        "elliptical_fiber_ratio": 1.06312625250501,
        "ratio_droplet_embedded_length": 1.359438877755511,
        "droplet_diameter": 0.17104609218436875,
        "contact_angle": 16.632064128256513,
        "fiber_rotation": 48.1563126252505
    },
    "mechanical_parameters": {
        "interface_friction": 0.0,
        "tI": 1,
        "tII,tIII": 1.3,
        "GI": 0.015,
        "GII,GIII": 0.1,
        "blade_friction": 0.6
    }
}
