{
    "geometrical_parameters": {
        "fiber_diameter": 0.02609090909090909,
        "blade_distance": 0.06498543168205807,
        "elliptical_fiber_ratio": 2.3939393939393936,
        "ratio_droplet_embedded_length": 1.3604040404040403,
        "droplet_diameter": 0.10618181818181818,
        "contact_angle": 29.961616161616156,
        "fiber_rotation": 20.0
    },
    "mechanical_parameters": {
        "interface_friction": 0.0,
        "GI": 0.015,
        "GII,GIII": 0.3,
        "tI=tII=tIII": 1.3,
        "blade_friction": 0.6
    }
}
