{
    "geometrical_parameters": {
        "fiber_diameter": 0.013793587174348696,
        "blade_distance": 0.3575150300601202,
        "elliptical_fiber_ratio": 2.064128256513026,
        "ratio_droplet_embedded_length": 1.16,
        "droplet_diameter": 0.1837615230460922,
        "contact_angle": 21.98276553106212,
        "fiber_rotation": 22.18436873747495
    },
    "mechanical_parameters": {
        "interface_friction": 0.0,
        "tI": 1,
        "tII,tIII": 1.3,
        "GI": 0.015,
        "GII,GIII": 0.1,
        "blade_friction": 0.6
    }
}
