{
    "geometrical_parameters": {
        "fiber_diameter": 0.02328056112224449,
        "blade_distance": 0.1359118236472946,
        "elliptical_fiber_ratio": 1.4298597194388778,
        "ratio_droplet_embedded_length": 1.3850901803607214,
        "droplet_diameter": 0.15535470941883767,
        "contact_angle": 22.30380761523046,
        "fiber_rotation": 42.20440881763527
    },
    "mechanical_parameters": {
        "interface_friction": 0.0,
        "tI": 1,
        "tII,tIII": 1.3,
        "GI": 0.01,
        "GII,GIII": 0.15,
        "blade_friction": 0.6
    }
}
