{
    "geometrical_parameters": {
        "fiber_diameter": 0.021,
        "blade_distance": 0.15,
        "elliptical_fiber_ratio": 1.0,
        "ratio_droplet_embedded_length": 1.36,
        "droplet_diameter": 0.162,
        "contact_angle": 25.7,
        "fiber_rotation": 0
    },
    "mechanical_parameters": {
        "interface_friction": 0.08294314381270904,
        "GI": 0.08079598662207357,
        "GII,GIII": 0.21648829431438127,
        "tI=tII=tIII": 1.4080267558528428,
        "blade_friction": 0.17926421404682275
    }
}
