{
    "geometrical_parameters": {
        "fiber_diameter": 0.01990909090909091,
        "blade_distance_ratio_to_fiber_diameter": 3.9015151515151514,
        "elliptical_fiber_ratio": 2.797979797979798,
        "ratio_droplet_embedded_length": 1.1696969696969697,
        "droplet_diameter": 0.22754545454545455,
        "contact_angle": 21.33131313131313,
        "fiber_rotation": 43.63636363636363
    },
    "mechanical_parameters": {
        "interface_friction": 0.0,
        "GI": 0.015,
        "GII,GIII": 0.3,
        "tI=tII=tIII": 1.3,
        "blade_friction": 0.6
    }
}
