{
    "geometrical_parameters": {
        "fiber_diameter": 0.029000000000000005,
        "blade_distance": 0.1392911271861812,
        "elliptical_fiber_ratio": 2.9393939393939394,
        "ratio_droplet_embedded_length": 1.4315151515151514,
        "droplet_diameter": 0.21663636363636365,
        "contact_angle": 30.86060606060606,
        "fiber_rotation": 32.72727272727273
    },
    "mechanical_parameters": {
        "interface_friction": 0.0,
        "GI": 0.015,
        "GII,GIII": 0.3,
        "tI=tII=tIII": 1.3,
        "blade_friction": 0.6
    }
}
