{
    "geometrical_parameters": {
        "fiber_diameter": 0.02855778894472362,
        "blade_distance": 0.22110552763819097,
        "elliptical_fiber_ratio": 2.1959798994974875,
        "ratio_droplet_embedded_length": 1.47356783919598,
        "droplet_diameter": 0.11224623115577889,
        "contact_angle": 26.56984924623115,
        "fiber_rotation": 62.41206030150753
    },
    "mechanical_parameters": {
        "interface_friction": 0.0,
        "GI": 0.0015,
        "GII,GIII": 0.3,
        "tI=tII=tIII": 1.3,
        "blade_friction": 0.6
    }
}
