{
    "geometrical_parameters": {
        "fiber_diameter": 0.015363636363636364,
        "blade_distance_ratio_to_fiber_diameter": 1.2878787878787878,
        "elliptical_fiber_ratio": 2.9393939393939394,
        "ratio_droplet_embedded_length": 1.4282828282828284,
        "droplet_diameter": 0.12254545454545455,
        "contact_angle": 26.545454545454543,
        "fiber_rotation": 6.363636363636364
    },
    "mechanical_parameters": {
        "interface_friction": 0.0,
        "GI": 0.015,
        "GII,GIII": 0.3,
        "tI=tII=tIII": 1.3,
        "blade_friction": 0.6
    }
}
