{
    "geometrical_parameters": {
        "fiber_diameter": 0.02114070351758794,
        "blade_distance": 0.7608040201005026,
        "elliptical_fiber_ratio": 1.3618090452261307,
        "ratio_droplet_embedded_length": 1.1760804020100502,
        "droplet_diameter": 0.13395477386934673,
        "contact_angle": 28.627135678391955,
        "fiber_rotation": 25.32663316582914
    },
    "mechanical_parameters": {
        "interface_friction": 0.0,
        "GI": 0.0015,
        "GII,GIII": 0.3,
        "tI=tII=tIII": 1.3,
        "blade_friction": 0.6
    }
}
