{
    "geometrical_parameters": {
        "fiber_diameter": 0.0141438127090301,
        "blade_distance": 0.3842809364548495,
        "elliptical_fiber_ratio": 1.406354515050167,
        "ratio_droplet_embedded_length": 1.36,
        "droplet_diameter": 0.162,
        "contact_angle": 25.7,
        "fiber_rotation": 0
    },
    "mechanical_parameters": {
        "interface_friction": 0.0,
        "GI": 0.0015,
        "GII,GIII": 0.15749163879598663,
        "blade_friction": 0.0,
        "tI=tII=tIII": 1.2826086956521738
    }
}
