{
    "geometrical_parameters": {
        "fiber_diameter": 0.016491638795986623,
        "blade_distance": 0.5849498327759197,
        "elliptical_fiber_ratio": 1.2759197324414715,
        "ratio_droplet_embedded_length": 1.36,
        "droplet_diameter": 0.162,
        "contact_angle": 25.7,
        "fiber_rotation": 45
    },
    "mechanical_parameters": {
        "interface_friction": 0.0,
        "GI": 0.0015,
        "GII,GIII": 0.3852842809364549,
        "blade_friction": 0.0,
        "tI=tII=tIII": 0.7408026755852842
    }
}
