{
    "geometrical_parameters": {
        "fiber_diameter": 0.021,
        "blade_distance": 0.15,
        "elliptical_fiber_ratio": 1.0,
        "ratio_droplet_embedded_length": 1.36,
        "droplet_diameter": 0.162,
        "contact_angle": 25.7,
        "fiber_rotation": 0
    },
    "mechanical_parameters": {
        "interface_friction": 0.0026755852842809368,
        "GI": 0.08311371237458194,
        "GII,GIII": 0.4033110367892977,
        "tI=tII=tIII": 1.754180602006689,
        "blade_friction": 0.14180602006688964
    }
}
