{
    "geometrical_parameters": {
        "fiber_diameter": 0.021,
        "blade_distance": 0.042,
        "elliptical_fiber_ratio": 1.0,
        "ratio_droplet_embedded_length": 1.36,
        "droplet_diameter": 0.162,
        "contact_angle": 25.7,
        "fiber_rotation": 0
    },
    "mechanical_parameters": {
        "interface_friction": 0.31571906354515045,
        "GI": 0.068876254180602,
        "GII,GIII": 0.34595317725752506,
        "tI=tII=tIII": 1.2826086956521738,
        "blade_friction": 0.48963210702341137
    }
}
