{
    "geometrical_parameters": {
        "fiber_diameter": 0.021727272727272727,
        "blade_distance": 0.18585858585858586,
        "elliptical_fiber_ratio": 1.7272727272727273,
        "ratio_droplet_embedded_length": 1.3345454545454545,
        "droplet_diameter": 0.11981818181818182,
        "contact_angle": 17.555555555555554,
        "fiber_rotation": 83.63636363636364
    },
    "mechanical_parameters": {
        "interface_friction": 0.0,
        "tI": 0.5,
        "tII,tIII": 1.3,
        "GI": 0.005,
        "GII,GIII": 0.3,
        "blade_friction": 0.6
    }
}
