{
    "geometrical_parameters": {
        "fiber_diameter": 0.026725752508361206,
        "blade_distance": 0.28494983277591973,
        "elliptical_fiber_ratio": 2.391304347826087,
        "ratio_droplet_embedded_length": 1.3847491638795986,
        "droplet_diameter": 0.19146153846153846,
        "contact_angle": 17.41003344481605,
        "fiber_rotation": 62.307692307692314
    },
    "mechanical_parameters": {
        "interface_friction": 0.0,
        "GI": 0.0015,
        "GII,GIII": 0.3,
        "tI=tII=tIII": 1.3,
        "blade_friction": 0.6
    }
}
