{
    "geometrical_parameters": {
        "fiber_diameter": 0.030578595317725756,
        "blade_distance": 0.6150501672240803,
        "elliptical_fiber_ratio": 2.3043478260869565,
        "ratio_droplet_embedded_length": 1.3505016722408025,
        "droplet_diameter": 0.21132775919732444,
        "contact_angle": 19.49364548494983,
        "fiber_rotation": 17.458193979933107
    },
    "mechanical_parameters": {
        "interface_friction": 0.0,
        "GI": 0.0015,
        "GII,GIII": 0.3,
        "tI=tII=tIII": 1.3,
        "blade_friction": 0.6
    }
}
