{
    "geometrical_parameters": {
        "fiber_diameter": 0.019964824120603016,
        "blade_distance": 0.20904522613065327,
        "elliptical_fiber_ratio": 1.5929648241206031,
        "ratio_droplet_embedded_length": 1.4381909547738694,
        "droplet_diameter": 0.21604020100502513,
        "contact_angle": 21.203015075376882,
        "fiber_rotation": 31.658291457286428
    },
    "mechanical_parameters": {
        "interface_friction": 0.0,
        "GI": 0.0015,
        "GII,GIII": 0.3,
        "tI=tII=tIII": 1.3,
        "blade_friction": 0.6
    }
}
