{
    "geometrical_parameters": {
        "fiber_diameter": 0.029448897795591185,
        "blade_distance": 0.4490180360721443,
        "elliptical_fiber_ratio": 1.4208416833667334,
        "ratio_droplet_embedded_length": 1.1734669338677355,
        "droplet_diameter": 0.11342084168336673,
        "contact_angle": 31.07895791583166,
        "fiber_rotation": 63.126252505010015
    },
    "mechanical_parameters": {
        "interface_friction": 0.0,
        "tI": 1,
        "tII,tIII": 1.3,
        "GI": 0.01,
        "GII,GIII": 0.15,
        "blade_friction": 0.6
    }
}
