{
    "geometrical_parameters": {
        "fiber_diameter": 0.013180360721442885,
        "blade_distance": 0.3457715430861724,
        "elliptical_fiber_ratio": 1.7695390781563125,
        "ratio_droplet_embedded_length": 1.3773947895791583,
        "droplet_diameter": 0.13804008016032066,
        "contact_angle": 14.242084168336673,
        "fiber_rotation": 22.905811623246493
    },
    "mechanical_parameters": {
        "interface_friction": 0.0,
        "tI": 1,
        "tII,tIII": 1.3,
        "GI": 0.01,
        "GII,GIII": 0.15,
        "blade_friction": 0.6
    }
}
