{
    "geometrical_parameters": {
        "fiber_diameter": 0.021,
        "blade_distance": 0.15,
        "elliptical_fiber_ratio": 1.0,
        "ratio_droplet_embedded_length": 1.36,
        "droplet_diameter": 0.162,
        "contact_angle": 25.7,
        "fiber_rotation": 0
    },
    "mechanical_parameters": {
        "interface_friction": 0.14448160535117055,
        "GI": 0.03212374581939799,
        "GII,GIII": 0.14110367892976589,
        "tI=tII=tIII": 1.5585284280936456,
        "blade_friction": 0.05886287625418061
    }
}
