{
    "geometrical_parameters": {
        "fiber_diameter": 0.015167224080267558,
        "blade_distance": 0.3157190635451505,
        "elliptical_fiber_ratio": 1.862876254180602,
        "ratio_droplet_embedded_length": 1.168561872909699,
        "droplet_diameter": 0.22893645484949834,
        "contact_angle": 29.792642140468224,
        "fiber_rotation": 55.38461538461539
    },
    "mechanical_parameters": {
        "interface_friction": 0.0,
        "tI": 1,
        "tII,tIII": 1.3,
        "GI": 0.01,
        "GII,GIII": 0.15,
        "blade_friction": 0.8
    }
}
