{
    "geometrical_parameters": {
        "fiber_diameter": 0.02305351170568562,
        "blade_distance": 0.31237458193979933,
        "elliptical_fiber_ratio": 2.1237458193979935,
        "ratio_droplet_embedded_length": 1.425418060200669,
        "droplet_diameter": 0.1147056856187291,
        "contact_angle": 20.92240802675585,
        "fiber_rotation": 8.42809364548495
    },
    "mechanical_parameters": {
        "interface_friction": 0.0,
        "GI": 0.0015,
        "GII,GIII": 0.3,
        "tI=tII=tIII": 1.3,
        "blade_friction": 0.6
    }
}
