{
    "geometrical_parameters": {
        "fiber_diameter": 0.017364729458917837,
        "elliptical_fiber_ratio": 1.0,
        "blade_distance": 0.5729458917835671,
        "ratio_droplet_embedded_length": 1.36,
        "droplet_diameter": 0.14480360721442886,
        "contact_angle": 25.7,
        "fiber_rotation": 0
    },
    "mechanical_parameters": {
        "interface_friction": 0.0,
        "GI": 0.0015,
        "GII,GIII": 0.2535270541082164,
        "blade_friction": 0.0,
        "tI=tII=tIII": 1.3356713426853708
    }
}
