{
    "geometrical_parameters": {
        "fiber_diameter": 0.021,
        "blade_distance": 0.15,
        "elliptical_fiber_ratio": 1.0,
        "ratio_droplet_embedded_length": 1.36,
        "droplet_diameter": 0.162,
        "contact_angle": 25.7,
        "fiber_rotation": 0
    },
    "mechanical_parameters": {
        "interface_friction": 0.2622073578595318,
        "tI": 1.031772575250836,
        "tII,tIII": 1.6588628762541806,
        "GI": 0.011264214046822742,
        "GII,GIII": 0.30334448160535116,
        "blade_friction": 0.4575250836120402
    }
}
