{
    "geometrical_parameters": {
        "fiber_diameter": 0.024618729096989967,
        "blade_distance": 0.4478260869565217,
        "elliptical_fiber_ratio": 1.3561872909698995,
        "ratio_droplet_embedded_length": 1.3579933110367892,
        "droplet_diameter": 0.12509030100334448,
        "contact_angle": 15.624080267558528,
        "fiber_rotation": 32.809364548494976
    },
    "mechanical_parameters": {
        "interface_friction": 0.0,
        "tI": 1,
        "tII,tIII": 1.3,
        "GI": 0.01,
        "GII,GIII": 0.15,
        "blade_friction": 0.8
    }
}
