{
    "geometrical_parameters": {
        "fiber_diameter": 0.02809090909090909,
        "blade_distance": 0.1293130151191933,
        "elliptical_fiber_ratio": 2.878787878787879,
        "ratio_droplet_embedded_length": 1.37010101010101,
        "droplet_diameter": 0.20027272727272727,
        "contact_angle": 21.33131313131313,
        "fiber_rotation": 50.9090909090909
    },
    "mechanical_parameters": {
        "interface_friction": 0.0,
        "GI": 0.0015,
        "GII,GIII": 0.3,
        "tI=tII=tIII": 1.3,
        "blade_friction": 0.6
    }
}
