{
    "geometrical_parameters": {
        "fiber_diameter": 0.02359531772575251,
        "blade_distance": 0.22408026755852845,
        "elliptical_fiber_ratio": 1.3010033444816054,
        "ratio_droplet_embedded_length": 1.4018729096989966,
        "droplet_diameter": 0.09890301003344482,
        "contact_angle": 22.23210702341137,
        "fiber_rotation": 71.33779264214047
    },
    "mechanical_parameters": {
        "interface_friction": 0.0,
        "GI": 0.0015,
        "GII,GIII": 0.3,
        "tI=tII=tIII": 1.3,
        "blade_friction": 0.6
    }
}
