{
    "geometrical_parameters": {
        "fiber_diameter": 0.023181818181818182,
        "blade_distance": 0.1387821753289139,
        "elliptical_fiber_ratio": 2.797979797979798,
        "ratio_droplet_embedded_length": 1.189090909090909,
        "droplet_diameter": 0.1470909090909091,
        "contact_angle": 29.78181818181818,
        "fiber_rotation": 10.0
    },
    "mechanical_parameters": {
        "interface_friction": 0.0,
        "GI": 0.0015,
        "GII,GIII": 0.3,
        "tI=tII=tIII": 1.3,
        "blade_friction": 0.6
    }
}
