{
    "geometrical_parameters": {
        "fiber_diameter": 0.01336072144288577,
        "elliptical_fiber_ratio": 1.0,
        "blade_distance": 0.565931863727455,
        "ratio_droplet_embedded_length": 1.36,
        "droplet_diameter": 0.16698797595190382,
        "contact_angle": 25.7,
        "fiber_rotation": 0
    },
    "mechanical_parameters": {
        "interface_friction": 0.0,
        "GI": 0.0015,
        "GII,GIII": 0.03847695390781563,
        "blade_friction": 0.0,
        "tI=tII=tIII": 1.7925851703406814
    }
}
