{
    "geometrical_parameters": {
        "fiber_diameter": 0.01906012024048096,
        "elliptical_fiber_ratio": 1.0,
        "blade_distance": 0.4827655310621243,
        "ratio_droplet_embedded_length": 1.36,
        "droplet_diameter": 0.15048496993987975,
        "contact_angle": 25.7,
        "fiber_rotation": 0
    },
    "mechanical_parameters": {
        "interface_friction": 0.0,
        "GI": 0.0015,
        "GII,GIII": 0.2849498997995992,
        "blade_friction": 0.0,
        "tI=tII=tIII": 1.8346693386773547
    }
}
