{
    "geometrical_parameters": {
        "fiber_diameter": 0.026665551839464882,
        "blade_distance": 0.4896321070234114,
        "elliptical_fiber_ratio": 1.4866220735785953,
        "ratio_droplet_embedded_length": 1.36,
        "droplet_diameter": 0.162,
        "contact_angle": 25.7,
        "fiber_rotation": 45
    },
    "mechanical_parameters": {
        "interface_friction": 0.0,
        "GI": 0.0015,
        "GII,GIII": 0.055886287625418064,
        "blade_friction": 0.0,
        "tI=tII=tIII": 1.152173913043478
    }
}
