{
    "geometrical_parameters": {
        "fiber_diameter": 0.014384615384615385,
        "elliptical_fiber_ratio": 1.0,
        "blade_distance": 0.5364548494983278,
        "ratio_droplet_embedded_length": 1.36,
        "droplet_diameter": 0.11515719063545152,
        "contact_angle": 25.7,
        "fiber_rotation": 0
    },
    "mechanical_parameters": {
        "interface_friction": 0.0,
        "GI": 0.0015,
        "GII,GIII": 0.2541806020066889,
        "blade_friction": 0.0,
        "tI=tII=tIII": 1.0819397993311037
    }
}
