{
    "geometrical_parameters": {
        "fiber_diameter": 0.023896321070234115,
        "blade_distance": 0.36923076923076925,
        "elliptical_fiber_ratio": 2.096989966555184,
        "ratio_droplet_embedded_length": 1.4264882943143813,
        "droplet_diameter": 0.19552508361204016,
        "contact_angle": 21.458193979933107,
        "fiber_rotation": 55.98662207357859
    },
    "mechanical_parameters": {
        "interface_friction": 0.0,
        "GI": 0.0015,
        "GII,GIII": 0.3,
        "tI=tII=tIII": 1.3,
        "blade_friction": 0.6
    }
}
