{
    "geometrical_parameters": {
        "fiber_diameter": 0.025697394789579157,
        "elliptical_fiber_ratio": 1.0,
        "blade_distance": 0.3334669338677355,
        "ratio_droplet_embedded_length": 1.36,
        "droplet_diameter": 0.212438877755511,
        "contact_angle": 25.7,
        "fiber_rotation": 0
    },
    "mechanical_parameters": {
        "interface_friction": 0.0,
        "GI": 0.0015,
        "GII,GIII": 0.41162324649298593,
        "blade_friction": 0.0,
        "tI=tII=tIII": 1.597194388777555
    }
}
