{
    "geometrical_parameters": {
        "fiber_diameter": 0.021,
        "blade_distance": 0.15,
        "elliptical_fiber_ratio": 1.0,
        "ratio_droplet_embedded_length": 1.36,
        "droplet_diameter": 0.162,
        "contact_angle": 25.7,
        "fiber_rotation": 0
    },
    "mechanical_parameters": {
        "interface_friction": 0.1311036789297659,
        "GI": 0.06126086956521739,
        "GII,GIII": 0.024749163879598662,
        "tI=tII=tIII": 1.6789297658862876,
        "blade_friction": 0.4521739130434783
    }
}
