{
    "geometrical_parameters": {
        "fiber_diameter": 0.0167875751503006,
        "elliptical_fiber_ratio": 1.0,
        "blade_distance": 0.568937875751503,
        "ratio_droplet_embedded_length": 1.36,
        "droplet_diameter": 0.18619639278557115,
        "contact_angle": 25.7,
        "fiber_rotation": 0
    },
    "mechanical_parameters": {
        "interface_friction": 0.0,
        "GI": 0.0015,
        "GII,GIII": 0.19559118236472947,
        "blade_friction": 0.0,
        "tI=tII=tIII": 1.374749498997996
    }
}
