{
    "geometrical_parameters": {
        "fiber_diameter": 0.029795986622073577,
        "blade_distance": 0.4377926421404682,
        "elliptical_fiber_ratio": 1.9381270903010033,
        "ratio_droplet_embedded_length": 1.3622742474916387,
        "droplet_diameter": 0.11651170568561874,
        "contact_angle": 30.328428093645485,
        "fiber_rotation": 17.759197324414718
    },
    "mechanical_parameters": {
        "interface_friction": 0.0,
        "GI": 0.0015,
        "GII,GIII": 0.3,
        "tI=tII=tIII": 1.3,
        "blade_friction": 0.6
    }
}
