{
    "geometrical_parameters": {
        "fiber_diameter": 0.02112709030100334,
        "blade_distance": 0.16187290969899668,
        "elliptical_fiber_ratio": 2.2892976588628766,
        "ratio_droplet_embedded_length": 1.4468227424749163,
        "droplet_diameter": 0.1801739130434783,
        "contact_angle": 28.0066889632107,
        "fiber_rotation": 83.07692307692307
    },
    "mechanical_parameters": {
        "interface_friction": 0.0,
        "GI": 0.0015,
        "GII,GIII": 0.3,
        "tI=tII=tIII": 1.3,
        "blade_friction": 0.6
    }
}
