{
    "geometrical_parameters": {
        "fiber_diameter": 0.015046822742474916,
        "elliptical_fiber_ratio": 1.0,
        "blade_distance": 0.5448160535117057,
        "ratio_droplet_embedded_length": 1.36,
        "droplet_diameter": 0.09845150501672241,
        "contact_angle": 25.7,
        "fiber_rotation": 0
    },
    "mechanical_parameters": {
        "interface_friction": 0.0,
        "GI": 0.0015,
        "GII,GIII": 0.3934782608695652,
        "blade_friction": 0.0,
        "tI=tII=tIII": 1.4180602006688963
    }
}
