{
    "geometrical_parameters": {
        "fiber_diameter": 0.021729096989966556,
        "blade_distance": 0.1468227424749164,
        "elliptical_fiber_ratio": 1.0150501672240804,
        "ratio_droplet_embedded_length": 1.36,
        "droplet_diameter": 0.162,
        "contact_angle": 25.7,
        "fiber_rotation": 0
    },
    "mechanical_parameters": {
        "interface_friction": 0.0,
        "GI": 0.0015,
        "GII,GIII": 0.13454849498327756,
        "blade_friction": 0.0,
        "tI=tII=tIII": 1.7290969899665551
    }
}
