{
    "geometrical_parameters": {
        "fiber_diameter": 0.02148829431438127,
        "blade_distance": 0.2789297658862876,
        "elliptical_fiber_ratio": 2.419732441471572,
        "ratio_droplet_embedded_length": 1.36,
        "droplet_diameter": 0.162,
        "contact_angle": 25.7,
        "fiber_rotation": 45
    },
    "mechanical_parameters": {
        "interface_friction": 0.0,
        "GI": 0.0015,
        "GII,GIII": 0.1591304347826087,
        "blade_friction": 0.0,
        "tI=tII=tIII": 1.5284280936454848
    }
}
