{
    "geometrical_parameters": {
        "fiber_diameter": 0.021,
        "blade_distance": 0.15,
        "elliptical_fiber_ratio": 1.0,
        "ratio_droplet_embedded_length": 1.36,
        "droplet_diameter": 0.162,
        "contact_angle": 25.7,
        "fiber_rotation": 0
    },
    "mechanical_parameters": {
        "interface_friction": 0.6100334448160536,
        "GI": 0.044043478260869566,
        "GII,GIII": 0.0411371237458194,
        "tI=tII=tIII": 1.979933110367893,
        "blade_friction": 0.465551839464883
    }
}
