{
    "geometrical_parameters": {
        "fiber_diameter": 0.01451503006012024,
        "elliptical_fiber_ratio": 1.0,
        "blade_distance": 0.5098196392785571,
        "ratio_droplet_embedded_length": 1.36,
        "droplet_diameter": 0.2254248496993988,
        "contact_angle": 25.7,
        "fiber_rotation": 0
    },
    "mechanical_parameters": {
        "interface_friction": 0.0,
        "GI": 0.0015,
        "GII,GIII": 0.4823246492985972,
        "blade_friction": 0.0,
        "tI=tII=tIII": 1.3927855711422845
    }
}
