{
    "geometrical_parameters": {
        "fiber_diameter": 0.024396984924623118,
        "blade_distance": 0.7155778894472362,
        "elliptical_fiber_ratio": 1.6934673366834172,
        "ratio_droplet_embedded_length": 1.433366834170854,
        "droplet_diameter": 0.1699095477386935,
        "contact_angle": 15.120603015075377,
        "fiber_rotation": 53.81909547738693
    },
    "mechanical_parameters": {
        "interface_friction": 0.0,
        "GI": 0.0015,
        "GII,GIII": 0.3,
        "tI=tII=tIII": 1.3,
        "blade_friction": 0.6
    }
}
