{
    "geometrical_parameters": {
        "fiber_diameter": 0.021,
        "blade_distance": 0.15,
        "elliptical_fiber_ratio": 1.0,
        "ratio_droplet_embedded_length": 1.36,
        "droplet_diameter": 0.162,
        "contact_angle": 25.7,
        "fiber_rotation": 0
    },
    "mechanical_parameters": {
        "interface_friction": 0.40401337792642145,
        "GI": 0.08344481605351171,
        "GII,GIII": 0.2377926421404682,
        "tI=tII=tIII": 0.705685618729097,
        "blade_friction": 0.0026755852842809368
    }
}
