{
    "geometrical_parameters": {
        "fiber_diameter": 0.022198396793587174,
        "blade_distance": 0.4396793587174349,
        "elliptical_fiber_ratio": 1.129258517034068,
        "ratio_droplet_embedded_length": 1.4646092184368737,
        "droplet_diameter": 0.10963326653306614,
        "contact_angle": 25.050501002004005,
        "fiber_rotation": 54.28857715430862
    },
    "mechanical_parameters": {
        "interface_friction": 0.0,
        "tI": 1,
        "tII,tIII": 1.3,
        "GI": 0.015,
        "GII,GIII": 0.1,
        "blade_friction": 0.6
    }
}
