{
    "geometrical_parameters": {
        "fiber_diameter": 0.013903010033444815,
        "blade_distance": 0.237123745819398,
        "elliptical_fiber_ratio": 1.677257525083612,
        "ratio_droplet_embedded_length": 1.2766555183946489,
        "droplet_diameter": 0.1873979933110368,
        "contact_angle": 27.530434782608694,
        "fiber_rotation": 42.74247491638796
    },
    "mechanical_parameters": {
        "interface_friction": 0.0,
        "GI": 0.0015,
        "GII,GIII": 0.3,
        "tI=tII=tIII": 1.3,
        "blade_friction": 0.6
    }
}
