{
    "geometrical_parameters": {
        "fiber_diameter": 0.015705410821643288,
        "blade_distance": 0.567935871743487,
        "elliptical_fiber_ratio": 1.3036072144288577,
        "ratio_droplet_embedded_length": 1.177314629258517,
        "droplet_diameter": 0.21487374749499,
        "contact_angle": 17.595190380761522,
        "fiber_rotation": 36.793587174348694
    },
    "mechanical_parameters": {
        "interface_friction": 0.0,
        "tI": 1,
        "tII,tIII": 1.3,
        "GI": 0.015,
        "GII,GIII": 0.1,
        "blade_friction": 0.6
    }
}
