{
    "geometrical_parameters": {
        "fiber_diameter": 0.01853846153846154,
        "elliptical_fiber_ratio": 1.0,
        "blade_distance": 0.36923076923076925,
        "ratio_droplet_embedded_length": 1.36,
        "droplet_diameter": 0.14947157190635452,
        "contact_angle": 25.7,
        "fiber_rotation": 0
    },
    "mechanical_parameters": {
        "interface_friction": 0.0,
        "GI": 0.0015,
        "GII,GIII": 0.10832775919732442,
        "blade_friction": 0.0,
        "tI=tII=tIII": 0.6755852842809364
    }
}
