{
    "geometrical_parameters": {
        "fiber_diameter": 0.028411371237458197,
        "elliptical_fiber_ratio": 1.0,
        "blade_distance": 0.33244147157190634,
        "ratio_droplet_embedded_length": 1.36,
        "droplet_diameter": 0.19191304347826088,
        "contact_angle": 25.7,
        "fiber_rotation": 0
    },
    "mechanical_parameters": {
        "interface_friction": 0.0,
        "GI": 0.0015,
        "GII,GIII": 0.23615384615384613,
        "blade_friction": 0.0,
        "tI=tII=tIII": 1.608695652173913
    }
}
