{
    "geometrical_parameters": {
        "fiber_diameter": 0.01628256513026052,
        "elliptical_fiber_ratio": 1.0,
        "blade_distance": 0.10701402805611224,
        "ratio_droplet_embedded_length": 1.36,
        "droplet_diameter": 0.16996392785571143,
        "contact_angle": 25.7,
        "fiber_rotation": 0
    },
    "mechanical_parameters": {
        "interface_friction": 0.0,
        "GI": 0.0015,
        "GII,GIII": 0.3772545090180361,
        "blade_friction": 0.0,
        "tI=tII=tIII": 1.4979959919839678
    }
}
