{
    "geometrical_parameters": {
        "fiber_diameter": 0.021,
        "blade_distance": 0.042,
        "elliptical_fiber_ratio": 1.0,
        "ratio_droplet_embedded_length": 1.36,
        "droplet_diameter": 0.162,
        "contact_angle": 25.7,
        "fiber_rotation": 0
    },
    "mechanical_parameters": {
        "interface_friction": 0.7277591973244147,
        "GI": 0.08907357859531774,
        "GII,GIII": 0.17551839464882946,
        "tI=tII=tIII": 1.8444816053511703,
        "blade_friction": 0.12575250836120402
    }
}
