{
    "geometrical_parameters": {
        "fiber_diameter": 0.021,
        "blade_distance": 0.042,
        "elliptical_fiber_ratio": 1.0,
        "ratio_droplet_embedded_length": 1.36,
        "droplet_diameter": 0.162,
        "contact_angle": 25.7,
        "fiber_rotation": 0
    },
    "mechanical_parameters": {
        "interface_friction": 0.5351170568561874,
        "GI": 0.09768227424749165,
        "GII,GIII": 0.21484949832775918,
        "tI=tII=tIII": 0.991638795986622,
        "blade_friction": 0.6207357859531772
    }
}
