{
    "geometrical_parameters": {
        "fiber_diameter": 0.02809090909090909,
        "blade_distance": 0.17682720830165338,
        "elliptical_fiber_ratio": 1.101010101010101,
        "ratio_droplet_embedded_length": 1.16,
        "droplet_diameter": 0.21390909090909094,
        "contact_angle": 27.444444444444443,
        "fiber_rotation": 68.18181818181819
    },
    "mechanical_parameters": {
        "interface_friction": 0.0,
        "GI": 0.015,
        "GII,GIII": 0.3,
        "tI=tII=tIII": 1.3,
        "blade_friction": 0.6
    }
}
