{
    "geometrical_parameters": {
        "fiber_diameter": 0.025769539078156312,
        "elliptical_fiber_ratio": 1.0,
        "blade_distance": 0.15410821643286574,
        "ratio_droplet_embedded_length": 1.36,
        "droplet_diameter": 0.10503406813627254,
        "contact_angle": 25.7,
        "fiber_rotation": 0
    },
    "mechanical_parameters": {
        "interface_friction": 0.0,
        "GI": 0.0015,
        "GII,GIII": 0.09543086172344688,
        "blade_friction": 0.0,
        "tI=tII=tIII": 1.711422845691383
    }
}
