{
    "geometrical_parameters": {
        "fiber_diameter": 0.020043478260869566,
        "blade_distance": 0.3023411371237458,
        "elliptical_fiber_ratio": 2.269230769230769,
        "ratio_droplet_embedded_length": 1.36,
        "droplet_diameter": 0.162,
        "contact_angle": 25.7,
        "fiber_rotation": 45
    },
    "mechanical_parameters": {
        "interface_friction": 0.0,
        "GI": 0.0015,
        "GII,GIII": 0.10013377926421405,
        "blade_friction": 0.0,
        "tI=tII=tIII": 0.6755852842809364
    }
}
