{
    "geometrical_parameters": {
        "fiber_diameter": 0.01909619238476954,
        "blade_distance": 0.11102204408817636,
        "elliptical_fiber_ratio": 2.1513026052104207,
        "ratio_droplet_embedded_length": 1.4274148296593185,
        "droplet_diameter": 0.18159719438877758,
        "contact_angle": 16.13266533066132,
        "fiber_rotation": 16.23246492985972
    },
    "mechanical_parameters": {
        "interface_friction": 0.0,
        "tI": 1,
        "tII,tIII": 1.3,
        "GI": 0.015,
        "GII,GIII": 0.1,
        "blade_friction": 0.6
    }
}
