{
    "geometrical_parameters": {
        "fiber_diameter": 0.021,
        "blade_distance": 0.15,
        "elliptical_fiber_ratio": 1.0,
        "ratio_droplet_embedded_length": 1.36,
        "droplet_diameter": 0.162,
        "contact_angle": 25.7,
        "fiber_rotation": 0
    },
    "mechanical_parameters": {
        "interface_friction": 0.48428093645484954,
        "tI": 0.4418060200668896,
        "tII,tIII": 1.7391304347826086,
        "GI": 0.09635785953177259,
        "GII,GIII": 0.3607023411371238,
        "blade_friction": 0.6448160535117057
    }
}
