{
    "geometrical_parameters": {
        "fiber_diameter": 0.021668896321070233,
        "blade_distance": 0.41270903010033444,
        "elliptical_fiber_ratio": 1.9230769230769234,
        "ratio_droplet_embedded_length": 1.36,
        "droplet_diameter": 0.162,
        "contact_angle": 25.7,
        "fiber_rotation": 45
    },
    "mechanical_parameters": {
        "interface_friction": 0.0,
        "GI": 0.0015,
        "GII,GIII": 0.37217391304347824,
        "blade_friction": 0.0,
        "tI=tII=tIII": 1.1421404682274248
    }
}
