{
    "geometrical_parameters": {
        "fiber_diameter": 0.021,
        "blade_distance": 0.15,
        "elliptical_fiber_ratio": 1.0,
        "ratio_droplet_embedded_length": 1.36,
        "droplet_diameter": 0.162,
        "contact_angle": 25.7,
        "fiber_rotation": 0
    },
    "mechanical_parameters": {
        "interface_friction": 0.5324414715719064,
        "GI": 0.01325083612040134,
        "GII,GIII": 0.24270903010033443,
        "tI=tII=tIII": 1.9899665551839463,
        "blade_friction": 0.3612040133779264
    }
}
