{
    "geometrical_parameters": {
        "fiber_diameter": 0.018627254509018035,
        "blade_distance": 0.6532665330661324,
        "elliptical_fiber_ratio": 1.7755511022044088,
        "ratio_droplet_embedded_length": 1.4633266533066132,
        "droplet_diameter": 0.13885170340681363,
        "contact_angle": 17.63086172344689,
        "fiber_rotation": 55.7314629258517
    },
    "mechanical_parameters": {
        "interface_friction": 0.0,
        "tI": 1,
        "tII,tIII": 1.3,
        "GI": 0.01,
        "GII,GIII": 0.15,
        "blade_friction": 0.6
    }
}
