{
    "geometrical_parameters": {
        "fiber_diameter": 0.02227272727272727,
        "blade_distance": 0.0840307299951291,
        "elliptical_fiber_ratio": 1.0606060606060606,
        "ratio_droplet_embedded_length": 1.4282828282828284,
        "droplet_diameter": 0.11981818181818182,
        "contact_angle": 20.252525252525253,
        "fiber_rotation": 39.09090909090909
    },
    "mechanical_parameters": {
        "interface_friction": 0.0,
        "GI": 0.015,
        "GII,GIII": 0.3,
        "tI=tII=tIII": 1.3,
        "blade_friction": 0.6
    }
}
