{
    "geometrical_parameters": {
        "fiber_diameter": 0.01920066889632107,
        "blade_distance": 0.3294314381270903,
        "elliptical_fiber_ratio": 2.558528428093646,
        "ratio_droplet_embedded_length": 1.2980602006688962,
        "droplet_diameter": 0.16030769230769232,
        "contact_angle": 23.303678929765884,
        "fiber_rotation": 67.4247491638796
    },
    "mechanical_parameters": {
        "interface_friction": 0.0,
        "GI": 0.0015,
        "GII,GIII": 0.3,
        "tI=tII=tIII": 1.3,
        "blade_friction": 0.6
    }
}
