{
    "geometrical_parameters": {
        "fiber_diameter": 0.02025050100200401,
        "blade_distance": 0.5601202404809619,
        "elliptical_fiber_ratio": 1.8026052104208419,
        "ratio_droplet_embedded_length": 1.1760320641282564,
        "droplet_diameter": 0.1575190380761523,
        "contact_angle": 24.6937875751503,
        "fiber_rotation": 78.6372745490982
    },
    "mechanical_parameters": {
        "interface_friction": 0.0,
        "tI": 1,
        "tII,tIII": 1.3,
        "GI": 0.01,
        "GII,GIII": 0.15,
        "blade_friction": 0.6
    }
}
