{
    "geometrical_parameters": {
        "fiber_diameter": 0.026304347826086958,
        "blade_distance": 0.10936454849498328,
        "elliptical_fiber_ratio": 2.839464882943144,
        "ratio_droplet_embedded_length": 1.2445484949832775,
        "droplet_diameter": 0.20184615384615384,
        "contact_angle": 20.80334448160535,
        "fiber_rotation": 8.42809364548495
    },
    "mechanical_parameters": {
        "interface_friction": 0.0,
        "GI": 0.0015,
        "GII,GIII": 0.3,
        "tI=tII=tIII": 1.3,
        "blade_friction": 0.6
    }
}
