{
    "geometrical_parameters": {
        "fiber_diameter": 0.017472945891783567,
        "blade_distance": 0.19418837675350703,
        "elliptical_fiber_ratio": 2.3016032064128256,
        "ratio_droplet_embedded_length": 1.2177154308617233,
        "droplet_diameter": 0.13506412825651304,
        "contact_angle": 22.446492985971943,
        "fiber_rotation": 77.374749498998
    },
    "mechanical_parameters": {
        "interface_friction": 0.0,
        "tI": 1,
        "tII,tIII": 1.3,
        "GI": 0.015,
        "GII,GIII": 0.1,
        "blade_friction": 0.6
    }
}
