{
    "geometrical_parameters": {
        "fiber_diameter": 0.021,
        "blade_distance": 0.15,
        "elliptical_fiber_ratio": 1.0,
        "ratio_droplet_embedded_length": 1.36,
        "droplet_diameter": 0.162,
        "contact_angle": 25.7,
        "fiber_rotation": 0
    },
    "mechanical_parameters": {
        "interface_friction": 0.7411371237458194,
        "GI": 0.06490301003344481,
        "GII,GIII": 0.30006688963210704,
        "tI=tII=tIII": 0.9013377926421404,
        "blade_friction": 0.337123745819398
    }
}
