{
    "geometrical_parameters": {
        "fiber_diameter": 0.028943887775551104,
        "elliptical_fiber_ratio": 1.0,
        "blade_distance": 0.4917835671342685,
        "ratio_droplet_embedded_length": 1.36,
        "droplet_diameter": 0.22109619238476957,
        "contact_angle": 25.7,
        "fiber_rotation": 0
    },
    "mechanical_parameters": {
        "interface_friction": 0.0,
        "GI": 0.0015,
        "GII,GIII": 0.15140280561122246,
        "blade_friction": 0.0,
        "tI=tII=tIII": 0.905811623246493
    }
}
