{
    "geometrical_parameters": {
        "fiber_diameter": 0.029727272727272727,
        "blade_distance_ratio_to_fiber_diameter": 1.25,
        "elliptical_fiber_ratio": 1.4242424242424243,
        "ratio_droplet_embedded_length": 1.2892929292929292,
        "droplet_diameter": 0.11163636363636364,
        "contact_angle": 15.577777777777778,
        "fiber_rotation": 40.0
    },
    "mechanical_parameters": {
        "interface_friction": 0.0,
        "GI": 0.015,
        "GII,GIII": 0.3,
        "tI=tII=tIII": 1.3,
        "blade_friction": 0.6
    }
}
