{
    "geometrical_parameters": {
        "fiber_diameter": 0.018818181818181817,
        "blade_distance": 0.19481818181818183,
        "elliptical_fiber_ratio": 2.0101010101010104,
        "ratio_droplet_embedded_length": 1.1826262626262625,
        "droplet_diameter": 0.19481818181818183,
        "contact_angle": 26.185858585858583,
        "fiber_rotation": 54.54545454545455
    },
    "mechanical_parameters": {
        "interface_friction": 0.0,
        "GI": 0.015,
        "GII,GIII": 0.3,
        "tI=tII=tIII": 1.3,
        "blade_friction": 0.6
    }
}
