{
    "geometrical_parameters": {
        "fiber_diameter": 0.029521042084168336,
        "elliptical_fiber_ratio": 1.0,
        "blade_distance": 0.5879759519038076,
        "ratio_droplet_embedded_length": 1.36,
        "droplet_diameter": 0.16752905811623248,
        "contact_angle": 25.7,
        "fiber_rotation": 0
    },
    "mechanical_parameters": {
        "interface_friction": 0.0,
        "GI": 0.0015,
        "GII,GIII": 0.3802004008016032,
        "blade_friction": 0.0,
        "tI=tII=tIII": 1.1432865731462925
    }
}
