{
    "geometrical_parameters": {
        "fiber_diameter": 0.018418060200668895,
        "blade_distance": 0.31906354515050167,
        "elliptical_fiber_ratio": 2.4448160535117056,
        "ratio_droplet_embedded_length": 1.1739130434782608,
        "droplet_diameter": 0.15669565217391304,
        "contact_angle": 27.23277591973244,
        "fiber_rotation": 46.95652173913044
    },
    "mechanical_parameters": {
        "interface_friction": 0.0,
        "tI": 1,
        "tII,tIII": 1.3,
        "GI": 0.01,
        "GII,GIII": 0.15,
        "blade_friction": 0.8
    }
}
