{
    "geometrical_parameters": {
        "fiber_diameter": 0.027727272727272725,
        "blade_distance_ratio_to_fiber_diameter": 2.6515151515151514,
        "elliptical_fiber_ratio": 1.404040404040404,
        "ratio_droplet_embedded_length": 1.3797979797979798,
        "droplet_diameter": 0.11709090909090909,
        "contact_angle": 22.41010101010101,
        "fiber_rotation": 69.0909090909091
    },
    "mechanical_parameters": {
        "interface_friction": 0.0,
        "GI": 0.015,
        "GII,GIII": 0.3,
        "tI=tII=tIII": 1.3,
        "blade_friction": 0.6
    }
}
