{
    "geometrical_parameters": {
        "fiber_diameter": 0.021,
        "blade_distance": 0.15,
        "elliptical_fiber_ratio": 1.0,
        "ratio_droplet_embedded_length": 1.36,
        "droplet_diameter": 0.162,
        "contact_angle": 25.7,
        "fiber_rotation": 0
    },
    "mechanical_parameters": {
        "interface_friction": 0.462876254180602,
        "tI": 0.9006688963210703,
        "tII,tIII": 1.0719063545150502,
        "GI": 0.09801337792642141,
        "GII,GIII": 0.3623411371237458,
        "blade_friction": 0.5832775919732441
    }
}
