{
    "geometrical_parameters": {
        "fiber_diameter": 0.015769230769230768,
        "blade_distance": 0.2555183946488294,
        "elliptical_fiber_ratio": 1.7675585284280935,
        "ratio_droplet_embedded_length": 1.4725083612040133,
        "droplet_diameter": 0.12915384615384617,
        "contact_angle": 14.492976588628762,
        "fiber_rotation": 86.38795986622073
    },
    "mechanical_parameters": {
        "interface_friction": 0.0,
        "tI": 1,
        "tII,tIII": 1.3,
        "GI": 0.01,
        "GII,GIII": 0.15,
        "blade_friction": 0.8
    }
}
