{
    "geometrical_parameters": {
        "fiber_diameter": 0.015597194388777555,
        "blade_distance": 0.3861723446893788,
        "elliptical_fiber_ratio": 2.13627254509018,
        "ratio_droplet_embedded_length": 1.4222845691382764,
        "droplet_diameter": 0.21649699398797595,
        "contact_angle": 18.34428857715431,
        "fiber_rotation": 61.50300601202405
    },
    "mechanical_parameters": {
        "interface_friction": 0.0,
        "tI": 1,
        "tII,tIII": 1.3,
        "GI": 0.01,
        "GII,GIII": 0.15,
        "blade_friction": 0.6
    }
}
