{
    "geometrical_parameters": {
        "fiber_diameter": 0.021,
        "blade_distance": 0.15,
        "elliptical_fiber_ratio": 1.0,
        "ratio_droplet_embedded_length": 1.36,
        "droplet_diameter": 0.162,
        "contact_angle": 25.7,
        "fiber_rotation": 0
    },
    "mechanical_parameters": {
        "interface_friction": 0.5966555183946489,
        "GI": 0.053645484949832775,
        "GII,GIII": 0.34759197324414715,
        "tI=tII=tIII": 0.8913043478260869,
        "blade_friction": 0.43879598662207364
    }
}
