{
    "geometrical_parameters": {
        "fiber_diameter": 0.018410821643286574,
        "blade_distance": 0.15811623246492987,
        "elliptical_fiber_ratio": 2.472945891783567,
        "ratio_droplet_embedded_length": 1.403687374749499,
        "droplet_diameter": 0.1686112224448898,
        "contact_angle": 29.081362725450898,
        "fiber_rotation": 45.6312625250501
    },
    "mechanical_parameters": {
        "interface_friction": 0.0,
        "tI": 1,
        "tII,tIII": 1.3,
        "GI": 0.015,
        "GII,GIII": 0.1,
        "blade_friction": 0.6
    }
}
