{
    "geometrical_parameters": {
        "fiber_diameter": 0.014636363636363637,
        "blade_distance": 0.12715160165332567,
        "elliptical_fiber_ratio": 1.2626262626262625,
        "ratio_droplet_embedded_length": 1.4088888888888889,
        "droplet_diameter": 0.20845454545454545,
        "contact_angle": 15.038383838383838,
        "fiber_rotation": 76.36363636363636
    },
    "mechanical_parameters": {
        "interface_friction": 0.0,
        "GI": 0.015,
        "GII,GIII": 0.3,
        "tI=tII=tIII": 1.3,
        "blade_friction": 0.6
    }
}
