{
    "geometrical_parameters": {
        "fiber_diameter": 0.03015719063545151,
        "blade_distance": 0.539799331103679,
        "elliptical_fiber_ratio": 1.5568561872909699,
        "ratio_droplet_embedded_length": 1.36,
        "droplet_diameter": 0.162,
        "contact_angle": 25.7,
        "fiber_rotation": 45
    },
    "mechanical_parameters": {
        "interface_friction": 0.0,
        "GI": 0.0015,
        "GII,GIII": 0.16896321070234113,
        "blade_friction": 0.0,
        "tI=tII=tIII": 1.3177257525083612
    }
}
