{
    "geometrical_parameters": {
        "fiber_diameter": 0.021,
        "blade_distance": 0.15,
        "elliptical_fiber_ratio": 1.0,
        "ratio_droplet_embedded_length": 1.36,
        "droplet_diameter": 0.162,
        "contact_angle": 25.7,
        "fiber_rotation": 0
    },
    "mechanical_parameters": {
        "interface_friction": 0.09096989966555184,
        "GI": 0.036096989966555186,
        "GII,GIII": 0.2836789297658863,
        "tI=tII=tIII": 0.6103678929765887,
        "blade_friction": 0.40936454849498327
    }
}
