{
    "geometrical_parameters": {
        "fiber_diameter": 0.020935871743486975,
        "elliptical_fiber_ratio": 1.0,
        "blade_distance": 0.5639278557114229,
        "ratio_droplet_embedded_length": 1.36,
        "droplet_diameter": 0.16347094188376754,
        "contact_angle": 25.7,
        "fiber_rotation": 0
    },
    "mechanical_parameters": {
        "interface_friction": 0.0,
        "GI": 0.0015,
        "GII,GIII": 0.11801603206412825,
        "blade_friction": 0.0,
        "tI=tII=tIII": 1.2545090180360723
    }
}
