{
    "geometrical_parameters": {
        "fiber_diameter": 0.020286573146292584,
        "elliptical_fiber_ratio": 1.0,
        "blade_distance": 0.4296593186372746,
        "ratio_droplet_embedded_length": 1.36,
        "droplet_diameter": 0.2178496993987976,
        "contact_angle": 25.7,
        "fiber_rotation": 0
    },
    "mechanical_parameters": {
        "interface_friction": 0.0,
        "GI": 0.0015,
        "GII,GIII": 0.14158316633266532,
        "blade_friction": 0.0,
        "tI=tII=tIII": 1.9699398797595191
    }
}
