{
    "geometrical_parameters": {
        "fiber_diameter": 0.02696655518394649,
        "blade_distance": 0.5030100334448161,
        "elliptical_fiber_ratio": 1.0451505016722409,
        "ratio_droplet_embedded_length": 1.36,
        "droplet_diameter": 0.162,
        "contact_angle": 25.7,
        "fiber_rotation": 45
    },
    "mechanical_parameters": {
        "interface_friction": 0.0,
        "GI": 0.0015,
        "GII,GIII": 0.28204013377926423,
        "blade_friction": 0.0,
        "tI=tII=tIII": 1.8645484949832776
    }
}
