{
    "geometrical_parameters": {
        "fiber_diameter": 0.025401337792642142,
        "elliptical_fiber_ratio": 1.0,
        "blade_distance": 0.14013377926421405,
        "ratio_droplet_embedded_length": 1.36,
        "droplet_diameter": 0.10477257525083612,
        "contact_angle": 25.7,
        "fiber_rotation": 0
    },
    "mechanical_parameters": {
        "interface_friction": 0.0,
        "GI": 0.0015,
        "GII,GIII": 0.39839464882943143,
        "blade_friction": 0.0,
        "tI=tII=tIII": 1.8244147157190636
    }
}
