{
    "geometrical_parameters": {
        "fiber_diameter": 0.021969899665551837,
        "blade_distance": 0.29565217391304344,
        "elliptical_fiber_ratio": 1.9782608695652173,
        "ratio_droplet_embedded_length": 1.36,
        "droplet_diameter": 0.162,
        "contact_angle": 25.7,
        "fiber_rotation": 0
    },
    "mechanical_parameters": {
        "interface_friction": 0.0,
        "GI": 0.0015,
        "GII,GIII": 0.07555183946488293,
        "blade_friction": 0.0,
        "tI=tII=tIII": 0.991638795986622
    }
}
