{
    "geometrical_parameters": {
        "fiber_diameter": 0.013541806020066889,
        "blade_distance": 0.1468227424749164,
        "elliptical_fiber_ratio": 1.2357859531772575,
        "ratio_droplet_embedded_length": 1.36,
        "droplet_diameter": 0.162,
        "contact_angle": 25.7,
        "fiber_rotation": 45
    },
    "mechanical_parameters": {
        "interface_friction": 0.0,
        "GI": 0.0015,
        "GII,GIII": 0.48688963210702346,
        "blade_friction": 0.0,
        "tI=tII=tIII": 1.5334448160535117
    }
}
