{
    "geometrical_parameters": {
        "fiber_diameter": 0.016551839464882943,
        "blade_distance": 0.4043478260869565,
        "elliptical_fiber_ratio": 1.551839464882943,
        "ratio_droplet_embedded_length": 1.36,
        "droplet_diameter": 0.162,
        "contact_angle": 25.7,
        "fiber_rotation": 0
    },
    "mechanical_parameters": {
        "interface_friction": 0.0,
        "GI": 0.0015,
        "GII,GIII": 0.35578595317725753,
        "blade_friction": 0.0,
        "tI=tII=tIII": 1.172240802675585
    }
}
