{
    "geometrical_parameters": {
        "fiber_diameter": 0.029976588628762547,
        "blade_distance": 0.3357859531772575,
        "elliptical_fiber_ratio": 1.9431438127090301,
        "ratio_droplet_embedded_length": 1.2884280936454848,
        "droplet_diameter": 0.11335117056856188,
        "contact_angle": 25.387290969899666,
        "fiber_rotation": 45.45150501672241
    },
    "mechanical_parameters": {
        "interface_friction": 0.0,
        "GI": 0.0015,
        "GII,GIII": 0.3,
        "tI=tII=tIII": 1.3,
        "blade_friction": 0.6
    }
}
