{
    "geometrical_parameters": {
        "fiber_diameter": 0.021,
        "blade_distance": 0.042,
        "elliptical_fiber_ratio": 1.0,
        "ratio_droplet_embedded_length": 1.36,
        "droplet_diameter": 0.162,
        "contact_angle": 25.7,
        "fiber_rotation": 0
    },
    "mechanical_parameters": {
        "interface_friction": 0.3986622073578595,
        "GI": 0.0582809364548495,
        "GII,GIII": 0.12471571906354513,
        "tI=tII=tIII": 0.8110367892976589,
        "blade_friction": 0.4949832775919733
    }
}
