{
    "geometrical_parameters": {
        "fiber_diameter": 0.016607214428857715,
        "blade_distance": 0.21823647294589177,
        "elliptical_fiber_ratio": 1.7905811623246493,
        "ratio_droplet_embedded_length": 1.467815631262525,
        "droplet_diameter": 0.1310060120240481,
        "contact_angle": 19.307414829659315,
        "fiber_rotation": 49.77955911823648
    },
    "mechanical_parameters": {
        "interface_friction": 0.0,
        "tI": 1,
        "tII,tIII": 1.3,
        "GI": 0.015,
        "GII,GIII": 0.1,
        "blade_friction": 0.6
    }
}
