{
    "geometrical_parameters": {
        "fiber_diameter": 0.01468561872909699,
        "blade_distance": 0.2755852842809364,
        "elliptical_fiber_ratio": 1.7073578595317724,
        "ratio_droplet_embedded_length": 1.36,
        "droplet_diameter": 0.162,
        "contact_angle": 25.7,
        "fiber_rotation": 45
    },
    "mechanical_parameters": {
        "interface_friction": 0.0,
        "GI": 0.0015,
        "GII,GIII": 0.388561872909699,
        "blade_friction": 0.0,
        "tI=tII=tIII": 1.4782608695652173
    }
}
