{
    "geometrical_parameters": {
        "fiber_diameter": 0.013090452261306533,
        "blade_distance": 0.40502512562814075,
        "elliptical_fiber_ratio": 1.5728643216080402,
        "ratio_droplet_embedded_length": 1.4542713567839196,
        "droplet_diameter": 0.21264824120603015,
        "contact_angle": 17.446231155778893,
        "fiber_rotation": 26.231155778894472
    },
    "mechanical_parameters": {
        "interface_friction": 0.0,
        "GI": 0.0015,
        "GII,GIII": 0.3,
        "tI=tII=tIII": 1.3,
        "blade_friction": 0.6
    }
}
