{
    "geometrical_parameters": {
        "fiber_diameter": 0.02479933110367893,
        "blade_distance": 0.3391304347826087,
        "elliptical_fiber_ratio": 1.4665551839464883,
        "ratio_droplet_embedded_length": 1.3419397993311035,
        "droplet_diameter": 0.13457190635451505,
        "contact_angle": 15.862207357859532,
        "fiber_rotation": 75.25083612040133
    },
    "mechanical_parameters": {
        "interface_friction": 0.0,
        "GI": 0.0015,
        "GII,GIII": 0.3,
        "tI=tII=tIII": 1.3,
        "blade_friction": 0.6
    }
}
