{
    "geometrical_parameters": {
        "fiber_diameter": 0.019,
        "blade_distance": 0.1874048751111914,
        "elliptical_fiber_ratio": 2.595959595959596,
        "ratio_droplet_embedded_length": 1.2343434343434343,
        "droplet_diameter": 0.21800000000000003,
        "contact_angle": 26.185858585858583,
        "fiber_rotation": 43.63636363636363
    },
    "mechanical_parameters": {
        "interface_friction": 0.0,
        "GI": 0.0015,
        "GII,GIII": 0.3,
        "tI=tII=tIII": 1.3,
        "blade_friction": 0.6
    }
}
