{
    "geometrical_parameters": {
        "fiber_diameter": 0.028454545454545455,
        "blade_distance_ratio_to_fiber_diameter": 3.6363636363636362,
        "elliptical_fiber_ratio": 2.2727272727272725,
        "ratio_droplet_embedded_length": 1.2569696969696968,
        "droplet_diameter": 0.11027272727272727,
        "contact_angle": 24.208080808080805,
        "fiber_rotation": 84.54545454545453
    },
    "mechanical_parameters": {
        "interface_friction": 0.0,
        "GI": 0.015,
        "GII,GIII": 0.3,
        "tI=tII=tIII": 1.3,
        "blade_friction": 0.6
    }
}
