{
    "geometrical_parameters": {
        "fiber_diameter": 0.019529058116232467,
        "elliptical_fiber_ratio": 1.0,
        "blade_distance": 0.2843687374749499,
        "ratio_droplet_embedded_length": 1.36,
        "droplet_diameter": 0.21757915831663327,
        "contact_angle": 25.7,
        "fiber_rotation": 0
    },
    "mechanical_parameters": {
        "interface_friction": 0.0,
        "GI": 0.0015,
        "GII,GIII": 0.09935871743486974,
        "blade_friction": 0.0,
        "tI=tII=tIII": 0.779559118236473
    }
}
