{
    "geometrical_parameters": {
        "fiber_diameter": 0.015380761523046092,
        "blade_distance": 0.40661322645290576,
        "elliptical_fiber_ratio": 1.5050100200400802,
        "ratio_droplet_embedded_length": 1.1792384769539077,
        "droplet_diameter": 0.14534468937875752,
        "contact_angle": 16.95310621242485,
        "fiber_rotation": 46.71342685370742
    },
    "mechanical_parameters": {
        "interface_friction": 0.0,
        "tI": 1,
        "tII,tIII": 1.3,
        "GI": 0.015,
        "GII,GIII": 0.1,
        "blade_friction": 0.6
    }
}
