{
    "geometrical_parameters": {
        "fiber_diameter": 0.02724849699398798,
        "elliptical_fiber_ratio": 1.0,
        "blade_distance": 0.3224448897795591,
        "ratio_droplet_embedded_length": 1.36,
        "droplet_diameter": 0.10909218436873748,
        "contact_angle": 25.7,
        "fiber_rotation": 0
    },
    "mechanical_parameters": {
        "interface_friction": 0.0,
        "GI": 0.0015,
        "GII,GIII": 0.46072144288577155,
        "blade_friction": 0.0,
        "tI=tII=tIII": 1.2845691382765532
    }
}
