{
    "geometrical_parameters": {
        "fiber_diameter": 0.01859866220735786,
        "blade_distance": 0.3658862876254181,
        "elliptical_fiber_ratio": 1.100334448160535,
        "ratio_droplet_embedded_length": 1.36,
        "droplet_diameter": 0.162,
        "contact_angle": 25.7,
        "fiber_rotation": 0
    },
    "mechanical_parameters": {
        "interface_friction": 0.0,
        "GI": 0.0015,
        "GII,GIII": 0.24107023411371234,
        "blade_friction": 0.0,
        "tI=tII=tIII": 1.4682274247491638
    }
}
