{
    "geometrical_parameters": {
        "fiber_diameter": 0.013842809364548495,
        "blade_distance": 0.168561872909699,
        "elliptical_fiber_ratio": 2.1939799331103678,
        "ratio_droplet_embedded_length": 1.36,
        "droplet_diameter": 0.162,
        "contact_angle": 25.7,
        "fiber_rotation": 45
    },
    "mechanical_parameters": {
        "interface_friction": 0.0,
        "GI": 0.0015,
        "GII,GIII": 0.4082274247491639,
        "blade_friction": 0.0,
        "tI=tII=tIII": 1.5986622073578596
    }
}
