{
    "geometrical_parameters": {
        "fiber_diameter": 0.02591382765531062,
        "elliptical_fiber_ratio": 1.0,
        "blade_distance": 0.2503006012024048,
        "ratio_droplet_embedded_length": 1.36,
        "droplet_diameter": 0.22975350701402805,
        "contact_angle": 25.7,
        "fiber_rotation": 0
    },
    "mechanical_parameters": {
        "interface_friction": 0.0,
        "GI": 0.0015,
        "GII,GIII": 0.14354709418837677,
        "blade_friction": 0.0,
        "tI=tII=tIII": 1.6422845691382766
    }
}
