{
    "geometrical_parameters": {
        "fiber_diameter": 0.021363636363636362,
        "blade_distance": 0.12882461147238913,
        "elliptical_fiber_ratio": 2.212121212121212,
        "ratio_droplet_embedded_length": 1.4767676767676767,
        "droplet_diameter": 0.16072727272727272,
        "contact_angle": 29.06262626262626,
        "fiber_rotation": 82.72727272727273
    },
    "mechanical_parameters": {
        "interface_friction": 0.0,
        "GI": 0.0015,
        "GII,GIII": 0.3,
        "tI=tII=tIII": 1.3,
        "blade_friction": 0.6
    }
}
