{
    "geometrical_parameters": {
        "fiber_diameter": 0.014226452905811622,
        "blade_distance": 0.36709418837675356,
        "elliptical_fiber_ratio": 1.0961923847695392,
        "ratio_droplet_embedded_length": 1.261322645290581,
        "droplet_diameter": 0.14480360721442886,
        "contact_angle": 29.61643286573146,
        "fiber_rotation": 60.06012024048097
    },
    "mechanical_parameters": {
        "interface_friction": 0.0,
        "tI": 1,
        "tII,tIII": 1.3,
        "GI": 0.01,
        "GII,GIII": 0.15,
        "blade_friction": 0.6
    }
}
