{
    "geometrical_parameters": {
        "fiber_diameter": 0.014118236472945892,
        "elliptical_fiber_ratio": 1.0,
        "blade_distance": 0.49579158316633265,
        "ratio_droplet_embedded_length": 1.36,
        "droplet_diameter": 0.22028456913827657,
        "contact_angle": 25.7,
        "fiber_rotation": 0
    },
    "mechanical_parameters": {
        "interface_friction": 0.0,
        "GI": 0.0015,
        "GII,GIII": 0.18773547094188375,
        "blade_friction": 0.0,
        "tI=tII=tIII": 1.4769539078156315
    }
}
