{
    "geometrical_parameters": {
        "fiber_diameter": 0.021,
        "blade_distance": 0.042,
        "elliptical_fiber_ratio": 1.0,
        "ratio_droplet_embedded_length": 1.36,
        "droplet_diameter": 0.162,
        "contact_angle": 25.7,
        "fiber_rotation": 0
    },
    "mechanical_parameters": {
        "interface_friction": 0.040133779264214055,
        "GI": 0.048016722408026756,
        "GII,GIII": 0.06735785953177256,
        "tI=tII=tIII": 1.0869565217391304,
        "blade_friction": 0.6688963210702341
    }
}
