{
    "geometrical_parameters": {
        "fiber_diameter": 0.022454545454545456,
        "blade_distance": 0.11414812239145922,
        "elliptical_fiber_ratio": 2.1515151515151514,
        "ratio_droplet_embedded_length": 1.2375757575757576,
        "droplet_diameter": 0.17163636363636364,
        "contact_angle": 13.959595959595958,
        "fiber_rotation": 28.18181818181818
    },
    "mechanical_parameters": {
        "interface_friction": 0.0,
        "GI": 0.015,
        "GII,GIII": 0.3,
        "tI=tII=tIII": 1.3,
        "blade_friction": 0.6
    }
}
