{
    "geometrical_parameters": {
        "fiber_diameter": 0.02227272727272727,
        "blade_distance_ratio_to_fiber_diameter": 2.272727272727273,
        "elliptical_fiber_ratio": 1.7474747474747474,
        "ratio_droplet_embedded_length": 1.3086868686868687,
        "droplet_diameter": 0.19618181818181818,
        "contact_angle": 21.87070707070707,
        "fiber_rotation": 28.18181818181818
    },
    "mechanical_parameters": {
        "interface_friction": 0.0,
        "GI": 0.015,
        "GII,GIII": 0.3,
        "tI=tII=tIII": 1.3,
        "blade_friction": 0.6
    }
}
