{
    "geometrical_parameters": {
        "fiber_diameter": 0.021,
        "blade_distance": 0.15,
        "elliptical_fiber_ratio": 1.0,
        "ratio_droplet_embedded_length": 1.36,
        "droplet_diameter": 0.162,
        "contact_angle": 25.7,
        "fiber_rotation": 0
    },
    "mechanical_parameters": {
        "interface_friction": 0.5806020066889633,
        "GI": 0.02450836120401338,
        "GII,GIII": 0.12963210702341138,
        "tI=tII=tIII": 1.1973244147157192,
        "blade_friction": 0.34782608695652173
    }
}
