{
    "geometrical_parameters": {
        "fiber_diameter": 0.013903010033444815,
        "blade_distance": 0.5013377926421405,
        "elliptical_fiber_ratio": 1.4816053511705685,
        "ratio_droplet_embedded_length": 1.36,
        "droplet_diameter": 0.162,
        "contact_angle": 25.7,
        "fiber_rotation": 0
    },
    "mechanical_parameters": {
        "interface_friction": 0.0,
        "GI": 0.0015,
        "GII,GIII": 0.04441471571906355,
        "blade_friction": 0.0,
        "tI=tII=tIII": 1.2073578595317724
    }
}
