{
    "geometrical_parameters": {
        "fiber_diameter": 0.02431772575250836,
        "blade_distance": 0.2555183946488294,
        "elliptical_fiber_ratio": 2.34448160535117,
        "ratio_droplet_embedded_length": 1.36,
        "droplet_diameter": 0.162,
        "contact_angle": 25.7,
        "fiber_rotation": 45
    },
    "mechanical_parameters": {
        "interface_friction": 0.0,
        "GI": 0.0015,
        "GII,GIII": 0.32301003344481605,
        "blade_friction": 0.0,
        "tI=tII=tIII": 0.8461538461538461
    }
}
