{
    "geometrical_parameters": {
        "fiber_diameter": 0.029254180602006692,
        "blade_distance": 0.3341137123745819,
        "elliptical_fiber_ratio": 2.374581939799331,
        "ratio_droplet_embedded_length": 1.237056856187291,
        "droplet_diameter": 0.13276588628762542,
        "contact_angle": 17.88628762541806,
        "fiber_rotation": 20.468227424749166
    },
    "mechanical_parameters": {
        "interface_friction": 0.0,
        "tI": 1,
        "tII,tIII": 1.3,
        "GI": 0.01,
        "GII,GIII": 0.15,
        "blade_friction": 0.8
    }
}
