{
    "geometrical_parameters": {
        "fiber_diameter": 0.02973578595317726,
        "blade_distance": 0.18695652173913044,
        "elliptical_fiber_ratio": 1.752508361204013,
        "ratio_droplet_embedded_length": 1.3323076923076922,
        "droplet_diameter": 0.14134448160535118,
        "contact_angle": 26.339799331103677,
        "fiber_rotation": 76.15384615384616
    },
    "mechanical_parameters": {
        "interface_friction": 0.0,
        "tI": 1,
        "tII,tIII": 1.3,
        "GI": 0.01,
        "GII,GIII": 0.15,
        "blade_friction": 0.8
    }
}
