{
    "geometrical_parameters": {
        "fiber_diameter": 0.021,
        "blade_distance": 0.042,
        "elliptical_fiber_ratio": 1.0,
        "ratio_droplet_embedded_length": 1.36,
        "droplet_diameter": 0.162,
        "contact_angle": 25.7,
        "fiber_rotation": 0
    },
    "mechanical_parameters": {
        "interface_friction": 0.24347826086956517,
        "GI": 0.023846153846153847,
        "GII,GIII": 0.2918729096989967,
        "tI=tII=tIII": 1.1471571906354514,
        "blade_friction": 0.7785953177257526
    }
}
