{
    "geometrical_parameters": {
        "fiber_diameter": 0.025877755511022046,
        "blade_distance": 0.33118236472945894,
        "elliptical_fiber_ratio": 2.382765531062124,
        "ratio_droplet_embedded_length": 1.327374749498998,
        "droplet_diameter": 0.1932304609218437,
        "contact_angle": 27.618837675350697,
        "fiber_rotation": 38.77755511022044
    },
    "mechanical_parameters": {
        "interface_friction": 0.0,
        "tI": 1,
        "tII,tIII": 1.3,
        "GI": 0.01,
        "GII,GIII": 0.15,
        "blade_friction": 0.6
    }
}
