{
    "geometrical_parameters": {
        "fiber_diameter": 0.02576254180602007,
        "elliptical_fiber_ratio": 1.0,
        "blade_distance": 0.4595317725752508,
        "ratio_droplet_embedded_length": 1.36,
        "droplet_diameter": 0.11922073578595319,
        "contact_angle": 25.7,
        "fiber_rotation": 0
    },
    "mechanical_parameters": {
        "interface_friction": 0.0,
        "GI": 0.0015,
        "GII,GIII": 0.36561872909699,
        "blade_friction": 0.0,
        "tI=tII=tIII": 0.5301003344481605
    }
}
