{
    "geometrical_parameters": {
        "fiber_diameter": 0.021,
        "blade_distance": 0.15,
        "elliptical_fiber_ratio": 1.0,
        "ratio_droplet_embedded_length": 1.36,
        "droplet_diameter": 0.162,
        "contact_angle": 25.7,
        "fiber_rotation": 0
    },
    "mechanical_parameters": {
        "interface_friction": 0.3237458193979933,
        "GI": 0.044374581939799325,
        "GII,GIII": 0.19026755852842808,
        "tI=tII=tIII": 1.3979933110367893,
        "blade_friction": 0.4120401337792643
    }
}
