{
    "geometrical_parameters": {
        "fiber_diameter": 0.01588963210702341,
        "blade_distance": 0.3391304347826087,
        "elliptical_fiber_ratio": 1.5819397993311037,
        "ratio_droplet_embedded_length": 1.2509698996655518,
        "droplet_diameter": 0.1657257525083612,
        "contact_angle": 14.076254180602007,
        "fiber_rotation": 69.83277591973243
    },
    "mechanical_parameters": {
        "interface_friction": 0.0,
        "tI": 1,
        "tII,tIII": 1.3,
        "GI": 0.01,
        "GII,GIII": 0.15,
        "blade_friction": 0.8
    }
}
