{
    "geometrical_parameters": {
        "fiber_diameter": 0.02142809364548495,
        "blade_distance": 0.39096989966555185,
        "elliptical_fiber_ratio": 2.2742474916387962,
        "ratio_droplet_embedded_length": 1.36,
        "droplet_diameter": 0.162,
        "contact_angle": 25.7,
        "fiber_rotation": 0
    },
    "mechanical_parameters": {
        "interface_friction": 0.0,
        "GI": 0.0015,
        "GII,GIII": 0.27548494983277594,
        "blade_friction": 0.0,
        "tI=tII=tIII": 0.7006688963210702
    }
}
