{
    "geometrical_parameters": {
        "fiber_diameter": 0.025702341137123746,
        "blade_distance": 0.1903010033444816,
        "elliptical_fiber_ratio": 2.4899665551839463,
        "ratio_droplet_embedded_length": 1.36,
        "droplet_diameter": 0.162,
        "contact_angle": 25.7,
        "fiber_rotation": 45
    },
    "mechanical_parameters": {
        "interface_friction": 0.0,
        "GI": 0.0015,
        "GII,GIII": 0.3082608695652174,
        "blade_friction": 0.0,
        "tI=tII=tIII": 1.5886287625418059
    }
}
