{
    "geometrical_parameters": {
        "fiber_diameter": 0.014454545454545454,
        "blade_distance": 0.509090909090909,
        "elliptical_fiber_ratio": 1.6969696969696968,
        "ratio_droplet_embedded_length": 1.298989898989899,
        "droplet_diameter": 0.19754545454545455,
        "contact_angle": 23.12929292929293,
        "fiber_rotation": 0.0
    },
    "mechanical_parameters": {
        "interface_friction": 0.0,
        "GI": 0.3,
        "GII,GIII": 0.3,
        "tI=tII=tIII": 1.3,
        "blade_friction": 0.6
    }
}
