{
    "geometrical_parameters": {
        "fiber_diameter": 0.014866220735785952,
        "blade_distance": 0.42274247491638794,
        "elliptical_fiber_ratio": 1.7424749163879598,
        "ratio_droplet_embedded_length": 1.399732441471572,
        "droplet_diameter": 0.10522408026755853,
        "contact_angle": 22.470234113712372,
        "fiber_rotation": 27.090301003344482
    },
    "mechanical_parameters": {
        "interface_friction": 0.0,
        "tI": 1,
        "tII,tIII": 1.3,
        "GI": 0.01,
        "GII,GIII": 0.15,
        "blade_friction": 0.8
    }
}
