{
    "geometrical_parameters": {
        "fiber_diameter": 0.013,
        "blade_distance": 0.13344481605351172,
        "elliptical_fiber_ratio": 1.4565217391304346,
        "ratio_droplet_embedded_length": 1.2188628762541804,
        "droplet_diameter": 0.19597658862876255,
        "contact_angle": 27.05418060200669,
        "fiber_rotation": 36.72240802675584
    },
    "mechanical_parameters": {
        "interface_friction": 0.0,
        "tI": 1,
        "tII,tIII": 1.3,
        "GI": 0.01,
        "GII,GIII": 0.15,
        "blade_friction": 0.8
    }
}
