{
    "geometrical_parameters": {
        "fiber_diameter": 0.028943887775551104,
        "blade_distance": 0.31210420841683373,
        "elliptical_fiber_ratio": 1.2735470941883769,
        "ratio_droplet_embedded_length": 1.3703406813627255,
        "droplet_diameter": 0.12775951903807614,
        "contact_angle": 26.584368737474946,
        "fiber_rotation": 43.106212424849694
    },
    "mechanical_parameters": {
        "interface_friction": 0.0,
        "tI": 1,
        "tII,tIII": 1.3,
        "GI": 0.01,
        "GII,GIII": 0.15,
        "blade_friction": 0.6
    }
}
