{
    "geometrical_parameters": {
        "fiber_diameter": 0.015648829431438128,
        "blade_distance": 0.5013377926421405,
        "elliptical_fiber_ratio": 2.219063545150502,
        "ratio_droplet_embedded_length": 1.36,
        "droplet_diameter": 0.162,
        "contact_angle": 25.7,
        "fiber_rotation": 45
    },
    "mechanical_parameters": {
        "interface_friction": 0.0,
        "GI": 0.0015,
        "GII,GIII": 0.32301003344481605,
        "blade_friction": 0.0,
        "tI=tII=tIII": 0.540133779264214
    }
}
