{
    "geometrical_parameters": {
        "fiber_diameter": 0.02907357859531773,
        "blade_distance": 0.5448160535117057,
        "elliptical_fiber_ratio": 2.008361204013378,
        "ratio_droplet_embedded_length": 1.36,
        "droplet_diameter": 0.162,
        "contact_angle": 25.7,
        "fiber_rotation": 45
    },
    "mechanical_parameters": {
        "interface_friction": 0.0,
        "GI": 0.0015,
        "GII,GIII": 0.4180602006688963,
        "blade_friction": 0.0,
        "tI=tII=tIII": 1.3478260869565217
    }
}
