{
    "geometrical_parameters": {
        "fiber_diameter": 0.02431772575250836,
        "blade_distance": 0.6173913043478261,
        "elliptical_fiber_ratio": 2.678929765886288,
        "ratio_droplet_embedded_length": 1.3579933110367892,
        "droplet_diameter": 0.10386956521739131,
        "contact_angle": 31.04280936454849,
        "fiber_rotation": 54.78260869565217
    },
    "mechanical_parameters": {
        "interface_friction": 0.0,
        "GI": 0.0015,
        "GII,GIII": 0.3,
        "tI=tII=tIII": 1.3,
        "blade_friction": 0.6
    }
}
