{
    "geometrical_parameters": {
        "fiber_diameter": 0.02859197324414716,
        "blade_distance": 0.23210702341137124,
        "elliptical_fiber_ratio": 1.5668896321070234,
        "ratio_droplet_embedded_length": 1.4671571906354515,
        "droplet_diameter": 0.19552508361204016,
        "contact_angle": 30.923745819397993,
        "fiber_rotation": 22.274247491638796
    },
    "mechanical_parameters": {
        "interface_friction": 0.0,
        "tI": 1,
        "tII,tIII": 1.3,
        "GI": 0.01,
        "GII,GIII": 0.15,
        "blade_friction": 0.8
    }
}
