{
    "geometrical_parameters": {
        "fiber_diameter": 0.0275685618729097,
        "blade_distance": 0.1903010033444816,
        "elliptical_fiber_ratio": 2.454849498327759,
        "ratio_droplet_embedded_length": 1.3579933110367892,
        "droplet_diameter": 0.23164548494983278,
        "contact_angle": 18.71973244147157,
        "fiber_rotation": 80.96989966555184
    },
    "mechanical_parameters": {
        "interface_friction": 0.0,
        "GI": 0.0015,
        "GII,GIII": 0.3,
        "tI=tII=tIII": 1.3,
        "blade_friction": 0.6
    }
}
