{
    "geometrical_parameters": {
        "fiber_diameter": 0.01566933867735471,
        "blade_distance": 0.5478957915831664,
        "elliptical_fiber_ratio": 1.7454909819639277,
        "ratio_droplet_embedded_length": 1.4793587174348697,
        "droplet_diameter": 0.22596593186372746,
        "contact_angle": 15.775951903807615,
        "fiber_rotation": 6.132264529058117
    },
    "mechanical_parameters": {
        "interface_friction": 0.0,
        "tI": 1,
        "tII,tIII": 1.3,
        "GI": 0.015,
        "GII,GIII": 0.1,
        "blade_friction": 0.6
    }
}
