{
    "geometrical_parameters": {
        "fiber_diameter": 0.021,
        "blade_distance": 0.15,
        "elliptical_fiber_ratio": 1.0,
        "ratio_droplet_embedded_length": 1.36,
        "droplet_diameter": 0.162,
        "contact_angle": 25.7,
        "fiber_rotation": 0
    },
    "mechanical_parameters": {
        "interface_friction": 0.10434782608695653,
        "tI": 0.16086956521739132,
        "tII,tIII": 1.2073578595317724,
        "GI": 0.061923076923076935,
        "GII,GIII": 0.4295317725752509,
        "blade_friction": 0.4173913043478261
    }
}
