{
    "geometrical_parameters": {
        "fiber_diameter": 0.021,
        "blade_distance": 0.042,
        "elliptical_fiber_ratio": 1.0,
        "ratio_droplet_embedded_length": 1.36,
        "droplet_diameter": 0.162,
        "contact_angle": 25.7,
        "fiber_rotation": 0
    },
    "mechanical_parameters": {
        "interface_friction": 0.545819397993311,
        "GI": 0.0903979933110368,
        "GII,GIII": 0.24926421404682272,
        "tI=tII=tIII": 1.5334448160535117,
        "blade_friction": 0.1899665551839465
    }
}
