{
    "geometrical_parameters": {
        "fiber_diameter": 0.021513026052104207,
        "elliptical_fiber_ratio": 1.0,
        "blade_distance": 0.35951903807615226,
        "ratio_droplet_embedded_length": 1.36,
        "droplet_diameter": 0.15021442885771544,
        "contact_angle": 25.7,
        "fiber_rotation": 0
    },
    "mechanical_parameters": {
        "interface_friction": 0.0,
        "GI": 0.0015,
        "GII,GIII": 0.11310621242484968,
        "blade_friction": 0.0,
        "tI=tII=tIII": 1.5521042084168335
    }
}
