{
    "geometrical_parameters": {
        "fiber_diameter": 0.016852842809364547,
        "blade_distance": 0.16187290969899668,
        "elliptical_fiber_ratio": 2.2491638795986626,
        "ratio_droplet_embedded_length": 1.36,
        "droplet_diameter": 0.162,
        "contact_angle": 25.7,
        "fiber_rotation": 0
    },
    "mechanical_parameters": {
        "interface_friction": 0.0,
        "GI": 0.0015,
        "GII,GIII": 0.09849498327759197,
        "blade_friction": 0.0,
        "tI=tII=tIII": 0.745819397993311
    }
}
