{
    "geometrical_parameters": {
        "fiber_diameter": 0.022226130653266334,
        "blade_distance": 0.6673366834170855,
        "elliptical_fiber_ratio": 2.3366834170854274,
        "ratio_droplet_embedded_length": 1.3931658291457285,
        "droplet_diameter": 0.14684422110552764,
        "contact_angle": 20.666331658291455,
        "fiber_rotation": 55.175879396984925
    },
    "mechanical_parameters": {
        "interface_friction": 0.0,
        "GI": 0.0015,
        "GII,GIII": 0.3,
        "tI=tII=tIII": 1.3,
        "blade_friction": 0.6
    }
}
