{
    "geometrical_parameters": {
        "fiber_diameter": 0.013240802675585283,
        "blade_distance": 0.2471571906354515,
        "elliptical_fiber_ratio": 1.6672240802675584,
        "ratio_droplet_embedded_length": 1.3494314381270902,
        "droplet_diameter": 0.12960535117056857,
        "contact_angle": 23.125083612040132,
        "fiber_rotation": 67.123745819398
    },
    "mechanical_parameters": {
        "interface_friction": 0.0,
        "GI": 0.0015,
        "GII,GIII": 0.3,
        "tI=tII=tIII": 1.3,
        "blade_friction": 0.6
    }
}
