{
    "geometrical_parameters": {
        "fiber_diameter": 0.021,
        "blade_distance": 0.15,
        "elliptical_fiber_ratio": 1.0,
        "ratio_droplet_embedded_length": 1.36,
        "droplet_diameter": 0.162,
        "contact_angle": 25.7,
        "fiber_rotation": 0
    },
    "mechanical_parameters": {
        "interface_friction": 0.21137123745819397,
        "tI": 1.3033444816053512,
        "tII,tIII": 0.6655518394648829,
        "GI": 0.002655518394648829,
        "GII,GIII": 0.4836120401337793,
        "blade_friction": 0.0026755852842809368
    }
}
