{
    "geometrical_parameters": {
        "fiber_diameter": 0.01468561872909699,
        "blade_distance": 0.1327759197324415,
        "elliptical_fiber_ratio": 2.792642140468227,
        "ratio_droplet_embedded_length": 1.1814046822742474,
        "droplet_diameter": 0.15714715719063546,
        "contact_angle": 31.102341137123737,
        "fiber_rotation": 12.040133779264213
    },
    "mechanical_parameters": {
        "interface_friction": 0.0,
        "GI": 0.0015,
        "GII,GIII": 0.3,
        "tI=tII=tIII": 1.3,
        "blade_friction": 0.6
    }
}
