{
    "geometrical_parameters": {
        "fiber_diameter": 0.018608040201005024,
        "blade_distance": 0.5798994974874372,
        "elliptical_fiber_ratio": 2.557788944723618,
        "ratio_droplet_embedded_length": 1.3175879396984924,
        "droplet_diameter": 0.2235025125628141,
        "contact_angle": 16.820100502512563,
        "fiber_rotation": 83.21608040201005
    },
    "mechanical_parameters": {
        "interface_friction": 0.0,
        "GI": 0.0015,
        "GII,GIII": 0.3,
        "tI=tII=tIII": 1.3,
        "blade_friction": 0.6
    }
}
