{
    "geometrical_parameters": {
        "fiber_diameter": 0.021,
        "blade_distance": 0.042,
        "elliptical_fiber_ratio": 1.0,
        "ratio_droplet_embedded_length": 1.36,
        "droplet_diameter": 0.162,
        "contact_angle": 25.7,
        "fiber_rotation": 0
    },
    "mechanical_parameters": {
        "interface_friction": 0.39063545150501666,
        "GI": 0.08178929765886288,
        "GII,GIII": 0.4426421404682274,
        "tI=tII=tIII": 1.2424749163879598,
        "blade_friction": 0.4147157190635452
    }
}
