{
    "geometrical_parameters": {
        "fiber_diameter": 0.031,
        "blade_distance": 0.08257305352779196,
        "elliptical_fiber_ratio": 2.2727272727272725,
        "ratio_droplet_embedded_length": 1.172929292929293,
        "droplet_diameter": 0.1920909090909091,
        "contact_angle": 29.42222222222222,
        "fiber_rotation": 35.45454545454545
    },
    "mechanical_parameters": {
        "interface_friction": 0.0,
        "GI": 0.0015,
        "GII,GIII": 0.3,
        "tI=tII=tIII": 1.3,
        "blade_friction": 0.6
    }
}
