{
    "geometrical_parameters": {
        "fiber_diameter": 0.02305351170568562,
        "elliptical_fiber_ratio": 1.0,
        "blade_distance": 0.47458193979933117,
        "ratio_droplet_embedded_length": 1.36,
        "droplet_diameter": 0.13998996655518395,
        "contact_angle": 25.7,
        "fiber_rotation": 0
    },
    "mechanical_parameters": {
        "interface_friction": 0.0,
        "GI": 0.0015,
        "GII,GIII": 0.321371237458194,
        "blade_friction": 0.0,
        "tI=tII=tIII": 1.6739130434782608
    }
}
