{
    "geometrical_parameters": {
        "fiber_diameter": 0.021,
        "blade_distance": 0.15,
        "elliptical_fiber_ratio": 1.0,
        "ratio_droplet_embedded_length": 1.36,
        "droplet_diameter": 0.162,
        "contact_angle": 25.7,
        "fiber_rotation": 0
    },
    "mechanical_parameters": {
        "interface_friction": 0.05618729096989967,
        "tI": 1.1862876254180603,
        "tII,tIII": 1.81438127090301,
        "GI": 0.03709030100334448,
        "GII,GIII": 0.36725752508361204,
        "blade_friction": 0.18461538461538463
    }
}
