{
    "geometrical_parameters": {
        "fiber_diameter": 0.025625250501002006,
        "elliptical_fiber_ratio": 1.0,
        "blade_distance": 0.4236472945891784,
        "ratio_droplet_embedded_length": 1.36,
        "droplet_diameter": 0.15670741482965933,
        "contact_angle": 25.7,
        "fiber_rotation": 0
    },
    "mechanical_parameters": {
        "interface_friction": 0.0,
        "GI": 0.0015,
        "GII,GIII": 0.27807615230460925,
        "blade_friction": 0.0,
        "tI=tII=tIII": 0.8186372745490982
    }
}
