{
    "geometrical_parameters": {
        "fiber_diameter": 0.021,
        "blade_distance": 0.15,
        "elliptical_fiber_ratio": 1.0,
        "ratio_droplet_embedded_length": 1.36,
        "droplet_diameter": 0.162,
        "contact_angle": 25.7,
        "fiber_rotation": 0
    },
    "mechanical_parameters": {
        "interface_friction": 0.04280936454849498,
        "tI": 1.5,
        "tII,tIII": 1.3377926421404682,
        "GI": 0.06357859531772575,
        "GII,GIII": 0.29842809364548495,
        "blade_friction": 0.050836120401337795
    }
}
