{
    "geometrical_parameters": {
        "fiber_diameter": 0.030518394648829432,
        "blade_distance": 0.1351170568561873,
        "elliptical_fiber_ratio": 1.306020066889632,
        "ratio_droplet_embedded_length": 1.283076923076923,
        "droplet_diameter": 0.12960535117056857,
        "contact_angle": 21.51772575250836,
        "fiber_rotation": 31.906354515050168
    },
    "mechanical_parameters": {
        "interface_friction": 0.0,
        "tI": 1,
        "tII,tIII": 1.3,
        "GI": 0.01,
        "GII,GIII": 0.15,
        "blade_friction": 0.8
    }
}
