{
    "geometrical_parameters": {
        "fiber_diameter": 0.015488977955911823,
        "elliptical_fiber_ratio": 1.0,
        "blade_distance": 0.26733466933867733,
        "ratio_droplet_embedded_length": 1.36,
        "droplet_diameter": 0.19079559118236472,
        "contact_angle": 25.7,
        "fiber_rotation": 0
    },
    "mechanical_parameters": {
        "interface_friction": 0.0,
        "GI": 0.0015,
        "GII,GIII": 0.2240681362725451,
        "blade_friction": 0.0,
        "tI=tII=tIII": 1.2454909819639277
    }
}
