{
    "geometrical_parameters": {
        "fiber_diameter": 0.02281162324649299,
        "blade_distance": 0.22324649298597193,
        "elliptical_fiber_ratio": 2.3977955911823647,
        "ratio_droplet_embedded_length": 1.270941883767535,
        "droplet_diameter": 0.1632004008016032,
        "contact_angle": 14.313426853707414,
        "fiber_rotation": 5.050100200400801
    },
    "mechanical_parameters": {
        "interface_friction": 0.0,
        "tI": 1,
        "tII,tIII": 1.3,
        "GI": 0.015,
        "GII,GIII": 0.1,
        "blade_friction": 0.6
    }
}
