{
    "geometrical_parameters": {
        "fiber_diameter": 0.01908026755852843,
        "elliptical_fiber_ratio": 1.0,
        "blade_distance": 0.4377926421404682,
        "ratio_droplet_embedded_length": 1.36,
        "droplet_diameter": 0.1314113712374582,
        "contact_angle": 25.7,
        "fiber_rotation": 0
    },
    "mechanical_parameters": {
        "interface_friction": 0.0,
        "GI": 0.0015,
        "GII,GIII": 0.4082274247491639,
        "blade_friction": 0.0,
        "tI=tII=tIII": 0.7909698996655519
    }
}
