{
    "geometrical_parameters": {
        "fiber_diameter": 0.013421404682274247,
        "blade_distance": 0.5648829431438127,
        "elliptical_fiber_ratio": 2.178929765886288,
        "ratio_droplet_embedded_length": 1.2520401337792642,
        "droplet_diameter": 0.19687959866220736,
        "contact_angle": 30.566555183946484,
        "fiber_rotation": 53.87959866220736
    },
    "mechanical_parameters": {
        "interface_friction": 0.0,
        "tI": 1,
        "tII,tIII": 1.3,
        "GI": 0.01,
        "GII,GIII": 0.15,
        "blade_friction": 0.8
    }
}
