{
    "geometrical_parameters": {
        "fiber_diameter": 0.028351170568561873,
        "blade_distance": 0.39966555183946495,
        "elliptical_fiber_ratio": 2.4648829431438126,
        "ratio_droplet_embedded_length": 1.2713043478260868,
        "droplet_diameter": 0.21313377926421406,
        "contact_angle": 28.244816053511705,
        "fiber_rotation": 4.51505016722408
    },
    "mechanical_parameters": {
        "interface_friction": 0.0,
        "GI": 0.0015,
        "GII,GIII": 0.3,
        "tI=tII=tIII": 1.3,
        "blade_friction": 0.6
    }
}
