{
    "geometrical_parameters": {
        "fiber_diameter": 0.02124749163879599,
        "blade_distance": 0.3474916387959866,
        "elliptical_fiber_ratio": 2.0886287625418056,
        "ratio_droplet_embedded_length": 1.4222073578595318,
        "droplet_diameter": 0.13863545150501672,
        "contact_angle": 31.102341137123737,
        "fiber_rotation": 32.20735785953177
    },
    "mechanical_parameters": {
        "interface_friction": 0.0,
        "GI": 0.0015,
        "GII,GIII": 0.3,
        "tI=tII=tIII": 1.3,
        "blade_friction": 0.6
    }
}
