{
    "geometrical_parameters": {
        "fiber_diameter": 0.01691304347826087,
        "blade_distance": 0.31070234113712375,
        "elliptical_fiber_ratio": 1.1153846153846154,
        "ratio_droplet_embedded_length": 1.3644147157190636,
        "droplet_diameter": 0.1860434782608696,
        "contact_angle": 26.994648829431434,
        "fiber_rotation": 59.29765886287626
    },
    "mechanical_parameters": {
        "interface_friction": 0.0,
        "tI": 1,
        "tII,tIII": 1.3,
        "GI": 0.01,
        "GII,GIII": 0.15,
        "blade_friction": 0.8
    }
}
