{
    "geometrical_parameters": {
        "fiber_diameter": 0.018959866220735786,
        "blade_distance": 0.3090301003344481,
        "elliptical_fiber_ratio": 2.3294314381270906,
        "ratio_droplet_embedded_length": 1.2841471571906353,
        "droplet_diameter": 0.1801739130434783,
        "contact_angle": 19.017391304347825,
        "fiber_rotation": 68.62876254180603
    },
    "mechanical_parameters": {
        "interface_friction": 0.0,
        "tI": 1,
        "tII,tIII": 1.3,
        "GI": 0.01,
        "GII,GIII": 0.15,
        "blade_friction": 0.8
    }
}
