{
    "geometrical_parameters": {
        "fiber_diameter": 0.021,
        "blade_distance": 0.15,
        "elliptical_fiber_ratio": 1.0,
        "ratio_droplet_embedded_length": 1.36,
        "droplet_diameter": 0.162,
        "contact_angle": 25.7,
        "fiber_rotation": 0
    },
    "mechanical_parameters": {
        "interface_friction": 0.294314381270903,
        "tI": 1.4391304347826088,
        "tII,tIII": 1.3678929765886287,
        "GI": 0.003979933110367893,
        "GII,GIII": 0.08210702341137123,
        "blade_friction": 0.6287625418060201
    }
}
