{
    "geometrical_parameters": {
        "fiber_diameter": 0.013865731462925851,
        "elliptical_fiber_ratio": 1.0,
        "blade_distance": 0.1340681362725451,
        "ratio_droplet_embedded_length": 1.36,
        "droplet_diameter": 0.22948296593186374,
        "contact_angle": 25.7,
        "fiber_rotation": 0
    },
    "mechanical_parameters": {
        "interface_friction": 0.0,
        "GI": 0.0015,
        "GII,GIII": 0.26923847695390785,
        "blade_friction": 0.0,
        "tI=tII=tIII": 1.8857715430861723
    }
}
