{
    "geometrical_parameters": {
        "fiber_diameter": 0.028230769230769233,
        "blade_distance": 0.21204013377926423,
        "elliptical_fiber_ratio": 1.842809364548495,
        "ratio_droplet_embedded_length": 1.36,
        "droplet_diameter": 0.162,
        "contact_angle": 25.7,
        "fiber_rotation": 45
    },
    "mechanical_parameters": {
        "interface_friction": 0.0,
        "GI": 0.0015,
        "GII,GIII": 0.26401337792642143,
        "blade_friction": 0.0,
        "tI=tII=tIII": 1.011705685618729
    }
}
