{
    "geometrical_parameters": {
        "fiber_diameter": 0.01588963210702341,
        "blade_distance": 0.4595317725752508,
        "elliptical_fiber_ratio": 1.677257525083612,
        "ratio_droplet_embedded_length": 1.36,
        "droplet_diameter": 0.162,
        "contact_angle": 25.7,
        "fiber_rotation": 45
    },
    "mechanical_parameters": {
        "interface_friction": 0.0,
        "GI": 0.0015,
        "GII,GIII": 0.09193979933110369,
        "blade_friction": 0.0,
        "tI=tII=tIII": 0.7909698996655519
    }
}
