{
    "geometrical_parameters": {
        "fiber_diameter": 0.024002004008016033,
        "elliptical_fiber_ratio": 1.0,
        "blade_distance": 0.5448897795591182,
        "ratio_droplet_embedded_length": 1.36,
        "droplet_diameter": 0.1599539078156313,
        "contact_angle": 25.7,
        "fiber_rotation": 0
    },
    "mechanical_parameters": {
        "interface_friction": 0.0,
        "GI": 0.0015,
        "GII,GIII": 0.2928056112224449,
        "blade_friction": 0.0,
        "tI=tII=tIII": 0.6382765531062125
    }
}
