{
    "geometrical_parameters": {
        "fiber_diameter": 0.02028428093645485,
        "blade_distance": 0.4137123745819399,
        "elliptical_fiber_ratio": 1.2006688963210703,
        "ratio_droplet_embedded_length": 1.2820066889632107,
        "droplet_diameter": 0.14360200668896322,
        "contact_angle": 16.63612040133779,
        "fiber_rotation": 71.93979933110369
    },
    "mechanical_parameters": {
        "interface_friction": 0.0,
        "GI": 0.0015,
        "GII,GIII": 0.3,
        "tI=tII=tIII": 1.3,
        "blade_friction": 0.6
    }
}
