{
    "geometrical_parameters": {
        "fiber_diameter": 0.029462311557788945,
        "blade_distance": 0.21507537688442213,
        "elliptical_fiber_ratio": 2.5778894472361813,
        "ratio_droplet_embedded_length": 1.3690452261306532,
        "droplet_diameter": 0.17737185929648241,
        "contact_angle": 17.893467336683415,
        "fiber_rotation": 9.045226130653266
    },
    "mechanical_parameters": {
        "interface_friction": 0.0,
        "GI": 0.0015,
        "GII,GIII": 0.3,
        "tI=tII=tIII": 1.3,
        "blade_friction": 0.6
    }
}
