{
    "geometrical_parameters": {
        "fiber_diameter": 0.021,
        "blade_distance": 0.15,
        "elliptical_fiber_ratio": 1.0,
        "ratio_droplet_embedded_length": 1.36,
        "droplet_diameter": 0.162,
        "contact_angle": 25.7,
        "fiber_rotation": 0
    },
    "mechanical_parameters": {
        "interface_friction": 0.14983277591973246,
        "GI": 0.05000334448160535,
        "GII,GIII": 0.39511705685618725,
        "tI=tII=tIII": 1.5033444816053512,
        "blade_friction": 0.7919732441471573
    }
}
