{
    "geometrical_parameters": {
        "fiber_diameter": 0.021,
        "blade_distance": 0.15,
        "elliptical_fiber_ratio": 1.0,
        "ratio_droplet_embedded_length": 1.36,
        "droplet_diameter": 0.162,
        "contact_angle": 25.7,
        "fiber_rotation": 0
    },
    "mechanical_parameters": {
        "interface_friction": 0.05618729096989967,
        "GI": 0.03742140468227425,
        "GII,GIII": 0.07719063545150502,
        "tI=tII=tIII": 1.3829431438127089,
        "blade_friction": 0.25953177257525084
    }
}
