{
    "geometrical_parameters": {
        "fiber_diameter": 0.023821643286573147,
        "blade_distance": 0.39066132264529063,
        "elliptical_fiber_ratio": 1.814629258517034,
        "ratio_droplet_embedded_length": 1.288256513026052,
        "droplet_diameter": 0.1997234468937876,
        "contact_angle": 16.346693386773545,
        "fiber_rotation": 77.73547094188376
    },
    "mechanical_parameters": {
        "interface_friction": 0.0,
        "tI": 1,
        "tII,tIII": 1.3,
        "GI": 0.01,
        "GII,GIII": 0.15,
        "blade_friction": 0.6
    }
}
