{
    "geometrical_parameters": {
        "fiber_diameter": 0.02371571906354515,
        "blade_distance": 0.41270903010033444,
        "elliptical_fiber_ratio": 2.209030100334448,
        "ratio_droplet_embedded_length": 1.3590635451505015,
        "droplet_diameter": 0.11786622073578595,
        "contact_angle": 30.09030100334448,
        "fiber_rotation": 3.0100334448160533
    },
    "mechanical_parameters": {
        "interface_friction": 0.0,
        "GI": 0.0015,
        "GII,GIII": 0.3,
        "tI=tII=tIII": 1.3,
        "blade_friction": 0.6
    }
}
