{
    "geometrical_parameters": {
        "fiber_diameter": 0.021,
        "blade_distance": 0.15,
        "elliptical_fiber_ratio": 1.0,
        "ratio_droplet_embedded_length": 1.36,
        "droplet_diameter": 0.162,
        "contact_angle": 25.7,
        "fiber_rotation": 0
    },
    "mechanical_parameters": {
        "interface_friction": 0.09632107023411372,
        "tI": 0.7040133779264214,
        "tII,tIII": 1.362876254180602,
        "GI": 0.003648829431438127,
        "GII,GIII": 0.4852508361204013,
        "blade_friction": 0.7277591973244147
    }
}
