{
    "geometrical_parameters": {
        "fiber_diameter": 0.021,
        "blade_distance": 0.15,
        "elliptical_fiber_ratio": 1.0,
        "ratio_droplet_embedded_length": 1.36,
        "droplet_diameter": 0.162,
        "contact_angle": 25.7,
        "fiber_rotation": 0
    },
    "mechanical_parameters": {
        "interface_friction": 0.016053511705685617,
        "GI": 0.07119397993311037,
        "GII,GIII": 0.1771571906354515,
        "tI=tII=tIII": 0.8662207357859532,
        "blade_friction": 0.6528428093645485
    }
}
