{
    "geometrical_parameters": {
        "fiber_diameter": 0.02081818181818182,
        "blade_distance": 0.15718467221827706,
        "elliptical_fiber_ratio": 1.4242424242424243,
        "ratio_droplet_embedded_length": 1.3733333333333333,
        "droplet_diameter": 0.20981818181818185,
        "contact_angle": 18.634343434343435,
        "fiber_rotation": 24.545454545454547
    },
    "mechanical_parameters": {
        "interface_friction": 0.0,
        "GI": 0.015,
        "GII,GIII": 0.3,
        "tI=tII=tIII": 1.3,
        "blade_friction": 0.6
    }
}
