{
    "geometrical_parameters": {
        "fiber_diameter": 0.021,
        "blade_distance": 0.15,
        "elliptical_fiber_ratio": 1.0,
        "ratio_droplet_embedded_length": 1.36,
        "droplet_diameter": 0.162,
        "contact_angle": 25.7,
        "fiber_rotation": 0
    },
    "mechanical_parameters": {
        "interface_friction": 0.8,
        "tI": 0.15150501672240801,
        "tII,tIII": 0.5501672240802675,
        "GI": 0.029806020066889632,
        "GII,GIII": 0.029665551839464885,
        "blade_friction": 0.1525083612040134
    }
}
