{
    "geometrical_parameters": {
        "fiber_diameter": 0.028330661322645292,
        "blade_distance": 0.3915831663326653,
        "elliptical_fiber_ratio": 1.751503006012024,
        "ratio_droplet_embedded_length": 1.2401603206412826,
        "droplet_diameter": 0.19864128256513025,
        "contact_angle": 16.56072144288577,
        "fiber_rotation": 45.450901803607216
    },
    "mechanical_parameters": {
        "interface_friction": 0.0,
        "tI": 1,
        "tII,tIII": 1.3,
        "GI": 0.015,
        "GII,GIII": 0.1,
        "blade_friction": 0.6
    }
}
