{
    "geometrical_parameters": {
        "fiber_diameter": 0.014551102204408818,
        "blade_distance": 0.3474949899799599,
        "elliptical_fiber_ratio": 1.9138276553106213,
        "ratio_droplet_embedded_length": 1.3216032064128256,
        "droplet_diameter": 0.18619639278557115,
        "contact_angle": 15.312224448897794,
        "fiber_rotation": 1.8036072144288575
    },
    "mechanical_parameters": {
        "interface_friction": 0.0,
        "tI": 1,
        "tII,tIII": 1.3,
        "GI": 0.015,
        "GII,GIII": 0.1,
        "blade_friction": 0.6
    }
}
