{
    "geometrical_parameters": {
        "fiber_diameter": 0.021,
        "blade_distance": 0.15,
        "elliptical_fiber_ratio": 1.0,
        "ratio_droplet_embedded_length": 1.36,
        "droplet_diameter": 0.162,
        "contact_angle": 25.7,
        "fiber_rotation": 0
    },
    "mechanical_parameters": {
        "interface_friction": 0.7866220735785954,
        "GI": 0.03444147157190635,
        "GII,GIII": 0.15749163879598663,
        "tI=tII=tIII": 1.6739130434782608,
        "blade_friction": 0.10167224080267559
    }
}
