{
    "geometrical_parameters": {
        "fiber_diameter": 0.017214046822742475,
        "blade_distance": 0.13043478260869565,
        "elliptical_fiber_ratio": 1.31438127090301,
        "ratio_droplet_embedded_length": 1.3526421404682274,
        "droplet_diameter": 0.17972240802675588,
        "contact_angle": 16.100334448160535,
        "fiber_rotation": 34.31438127090301
    },
    "mechanical_parameters": {
        "interface_friction": 0.0,
        "GI": 0.0015,
        "GII,GIII": 0.3,
        "tI=tII=tIII": 1.3,
        "blade_friction": 0.6
    }
}
