{
    "geometrical_parameters": {
        "fiber_diameter": 0.021,
        "blade_distance": 0.15,
        "elliptical_fiber_ratio": 1.0,
        "ratio_droplet_embedded_length": 1.36,
        "droplet_diameter": 0.162,
        "contact_angle": 25.7,
        "fiber_rotation": 0
    },
    "mechanical_parameters": {
        "interface_friction": 0.23812709030100332,
        "tI": 1.331438127090301,
        "tII,tIII": 1.3127090301003346,
        "GI": 0.05794983277591974,
        "GII,GIII": 0.45903010033444813,
        "blade_friction": 0.7491638795986623
    }
}
