{
    "geometrical_parameters": {
        "fiber_diameter": 0.015363636363636364,
        "blade_distance": 0.035902811415663476,
        "elliptical_fiber_ratio": 2.515151515151515,
        "ratio_droplet_embedded_length": 1.4541414141414142,
        "droplet_diameter": 0.14300000000000002,
        "contact_angle": 15.218181818181819,
        "fiber_rotation": 49.09090909090909
    },
    "mechanical_parameters": {
        "interface_friction": 0.0,
        "GI": 0.015,
        "GII,GIII": 0.3,
        "tI=tII=tIII": 1.3,
        "blade_friction": 0.6
    }
}
