{
    "geometrical_parameters": {
        "fiber_diameter": 0.022752508361204016,
        "elliptical_fiber_ratio": 1.0,
        "blade_distance": 0.43277591973244145,
        "ratio_droplet_embedded_length": 1.36,
        "droplet_diameter": 0.20139464882943145,
        "contact_angle": 25.7,
        "fiber_rotation": 0
    },
    "mechanical_parameters": {
        "interface_friction": 0.0,
        "GI": 0.0015,
        "GII,GIII": 0.19190635451505017,
        "blade_friction": 0.0,
        "tI=tII=tIII": 0.951505016722408
    }
}
