{
    "geometrical_parameters": {
        "fiber_diameter": 0.023474916387959868,
        "blade_distance": 0.26220735785953175,
        "elliptical_fiber_ratio": 1.7625418060200668,
        "ratio_droplet_embedded_length": 1.36,
        "droplet_diameter": 0.162,
        "contact_angle": 25.7,
        "fiber_rotation": 0
    },
    "mechanical_parameters": {
        "interface_friction": 0.0,
        "GI": 0.0015,
        "GII,GIII": 0.321371237458194,
        "blade_friction": 0.0,
        "tI=tII=tIII": 0.8210702341137124
    }
}
