{
    "geometrical_parameters": {
        "fiber_diameter": 0.015588628762541806,
        "blade_distance": 0.47458193979933117,
        "elliptical_fiber_ratio": 1.7725752508361206,
        "ratio_droplet_embedded_length": 1.36,
        "droplet_diameter": 0.162,
        "contact_angle": 25.7,
        "fiber_rotation": 45
    },
    "mechanical_parameters": {
        "interface_friction": 0.0,
        "GI": 0.0015,
        "GII,GIII": 0.3393979933110368,
        "blade_friction": 0.0,
        "tI=tII=tIII": 0.7809364548494984
    }
}
