{
    "geometrical_parameters": {
        "fiber_diameter": 0.016010033444816052,
        "blade_distance": 0.4177257525083612,
        "elliptical_fiber_ratio": 2.3294314381270906,
        "ratio_droplet_embedded_length": 1.36,
        "droplet_diameter": 0.162,
        "contact_angle": 25.7,
        "fiber_rotation": 0
    },
    "mechanical_parameters": {
        "interface_friction": 0.0,
        "GI": 0.0015,
        "GII,GIII": 0.0788294314381271,
        "blade_friction": 0.0,
        "tI=tII=tIII": 0.806020066889632
    }
}
