{
    "geometrical_parameters": {
        "fiber_diameter": 0.023535117056856188,
        "blade_distance": 0.30568561872909694,
        "elliptical_fiber_ratio": 2.309364548494983,
        "ratio_droplet_embedded_length": 1.36,
        "droplet_diameter": 0.162,
        "contact_angle": 25.7,
        "fiber_rotation": 45
    },
    "mechanical_parameters": {
        "interface_friction": 0.0,
        "GI": 0.0015,
        "GII,GIII": 0.19354515050167223,
        "blade_friction": 0.0,
        "tI=tII=tIII": 1.1070234113712374
    }
}
