{
    "geometrical_parameters": {
        "fiber_diameter": 0.02811036789297659,
        "blade_distance": 0.5632107023411371,
        "elliptical_fiber_ratio": 1.6020066889632107,
        "ratio_droplet_embedded_length": 1.36,
        "droplet_diameter": 0.162,
        "contact_angle": 25.7,
        "fiber_rotation": 45
    },
    "mechanical_parameters": {
        "interface_friction": 0.0,
        "GI": 0.0015,
        "GII,GIII": 0.13127090301003344,
        "blade_friction": 0.0,
        "tI=tII=tIII": 0.7959866220735786
    }
}
