{
    "geometrical_parameters": {
        "fiber_diameter": 0.021,
        "blade_distance": 0.15,
        "elliptical_fiber_ratio": 1.0,
        "ratio_droplet_embedded_length": 1.36,
        "droplet_diameter": 0.162,
        "contact_angle": 25.7,
        "fiber_rotation": 0
    },
    "mechanical_parameters": {
        "interface_friction": 0.6153846153846154,
        "GI": 0.08543143812709031,
        "GII,GIII": 0.3574247491638796,
        "tI=tII=tIII": 1.42809364548495,
        "blade_friction": 0.16053511705685622
    }
}
