{
    "geometrical_parameters": {
        "fiber_diameter": 0.025444889779559117,
        "blade_distance": 0.27334669338677353,
        "elliptical_fiber_ratio": 1.2645290581162325,
        "ratio_droplet_embedded_length": 1.396633266533066,
        "droplet_diameter": 0.12965330661322647,
        "contact_angle": 30.936272545090176,
        "fiber_rotation": 84.40881763527054
    },
    "mechanical_parameters": {
        "interface_friction": 0.0,
        "tI": 1,
        "tII,tIII": 1.3,
        "GI": 0.015,
        "GII,GIII": 0.1,
        "blade_friction": 0.6
    }
}
