{
    "geometrical_parameters": {
        "fiber_diameter": 0.014444816053511705,
        "blade_distance": 0.2471571906354515,
        "elliptical_fiber_ratio": 2.3846153846153846,
        "ratio_droplet_embedded_length": 1.36,
        "droplet_diameter": 0.162,
        "contact_angle": 25.7,
        "fiber_rotation": 0
    },
    "mechanical_parameters": {
        "interface_friction": 0.0,
        "GI": 0.0015,
        "GII,GIII": 0.3328428093645485,
        "blade_friction": 0.0,
        "tI=tII=tIII": 1.2575250836120402
    }
}
