{
    "geometrical_parameters": {
        "fiber_diameter": 0.020826086956521737,
        "blade_distance": 0.10668896321070234,
        "elliptical_fiber_ratio": 1.887959866220736,
        "ratio_droplet_embedded_length": 1.36,
        "droplet_diameter": 0.162,
        "contact_angle": 25.7,
        "fiber_rotation": 45
    },
    "mechanical_parameters": {
        "interface_friction": 0.0,
        "GI": 0.0015,
        "GII,GIII": 0.31317725752508363,
        "blade_friction": 0.0,
        "tI=tII=tIII": 0.8612040133779264
    }
}
