{
    "geometrical_parameters": {
        "fiber_diameter": 0.020946488294314385,
        "blade_distance": 0.5247491638795987,
        "elliptical_fiber_ratio": 1.7575250836120402,
        "ratio_droplet_embedded_length": 1.36,
        "droplet_diameter": 0.162,
        "contact_angle": 25.7,
        "fiber_rotation": 45
    },
    "mechanical_parameters": {
        "interface_friction": 0.0,
        "GI": 0.0015,
        "GII,GIII": 0.26073578595317726,
        "blade_friction": 0.0,
        "tI=tII=tIII": 1.177257525083612
    }
}
