{
    "geometrical_parameters": {
        "fiber_diameter": 0.027869565217391305,
        "blade_distance": 0.48628762541806025,
        "elliptical_fiber_ratio": 2.118729096989967,
        "ratio_droplet_embedded_length": 1.36,
        "droplet_diameter": 0.162,
        "contact_angle": 25.7,
        "fiber_rotation": 0
    },
    "mechanical_parameters": {
        "interface_friction": 0.0,
        "GI": 0.0015,
        "GII,GIII": 0.19846153846153847,
        "blade_friction": 0.0,
        "tI=tII=tIII": 1.2625418060200668
    }
}
