{
    "geometrical_parameters": {
        "fiber_diameter": 0.021,
        "blade_distance": 0.15,
        "elliptical_fiber_ratio": 1.0,
        "ratio_droplet_embedded_length": 1.36,
        "droplet_diameter": 0.162,
        "contact_angle": 25.7,
        "fiber_rotation": 0
    },
    "mechanical_parameters": {
        "interface_friction": 0.0882943143812709,
        "GI": 0.05232107023411372,
        "GII,GIII": 0.23615384615384613,
        "tI=tII=tIII": 0.5852842809364548,
        "blade_friction": 0.6903010033444816
    }
}
