{
    "geometrical_parameters": {
        "fiber_diameter": 0.021,
        "blade_distance": 0.15,
        "elliptical_fiber_ratio": 1.0,
        "ratio_droplet_embedded_length": 1.36,
        "droplet_diameter": 0.162,
        "contact_angle": 25.7,
        "fiber_rotation": 0
    },
    "mechanical_parameters": {
        "interface_friction": 0.5993311036789298,
        "tI": 0.488628762541806,
        "tII,tIII": 0.9264214046822743,
        "GI": 0.045036789297658864,
        "GII,GIII": 0.1525752508361204,
        "blade_friction": 0.7705685618729098
    }
}
