{
    "geometrical_parameters": {
        "fiber_diameter": 0.023545454545454546,
        "blade_distance": 0.4636363636363636,
        "elliptical_fiber_ratio": 1.378787878787879,
        "ratio_droplet_embedded_length": 1.37010101010101,
        "droplet_diameter": 0.22754545454545455,
        "contact_angle": 14.858585858585858,
        "fiber_rotation": 75.45454545454545
    },
    "mechanical_parameters": {
        "interface_friction": 0.0,
        "tI": 0.5,
        "tII,tIII": 1.3,
        "GI": 0.3,
        "GII,GIII": 0.3,
        "blade_friction": 0.6
    }
}
