{
    "geometrical_parameters": {
        "fiber_diameter": 0.017816053511705687,
        "blade_distance": 0.38929765886287626,
        "elliptical_fiber_ratio": 2.4297658862876252,
        "ratio_droplet_embedded_length": 1.4243478260869564,
        "droplet_diameter": 0.14676254180602008,
        "contact_angle": 29.256856187290968,
        "fiber_rotation": 12.94314381270903
    },
    "mechanical_parameters": {
        "interface_friction": 0.0,
        "tI": 1,
        "tII,tIII": 1.3,
        "GI": 0.01,
        "GII,GIII": 0.15,
        "blade_friction": 0.8
    }
}
