{
    "geometrical_parameters": {
        "fiber_diameter": 0.021,
        "blade_distance": 0.15,
        "elliptical_fiber_ratio": 1.0,
        "ratio_droplet_embedded_length": 1.36,
        "droplet_diameter": 0.162,
        "contact_angle": 25.7,
        "fiber_rotation": 0
    },
    "mechanical_parameters": {
        "interface_friction": 0.34782608695652173,
        "tI": 0.8444816053511706,
        "tII,tIII": 1.568561872909699,
        "GI": 0.051327759197324414,
        "GII,GIII": 0.05096989966555185,
        "blade_friction": 0.19531772575250836
    }
}
