{
    "geometrical_parameters": {
        "fiber_diameter": 0.021,
        "blade_distance": 0.15,
        "elliptical_fiber_ratio": 1.0,
        "ratio_droplet_embedded_length": 1.36,
        "droplet_diameter": 0.162,
        "contact_angle": 25.7,
        "fiber_rotation": 0
    },
    "mechanical_parameters": {
        "interface_friction": 0.44949832775919735,
        "GI": 0.01490635451505017,
        "GII,GIII": 0.1968227424749164,
        "tI=tII=tIII": 0.5301003344481605,
        "blade_friction": 0.7384615384615385
    }
}
