{
    "geometrical_parameters": {
        "fiber_diameter": 0.018357859531772575,
        "blade_distance": 0.22040133779264215,
        "elliptical_fiber_ratio": 1.5769230769230769,
        "ratio_droplet_embedded_length": 1.36,
        "droplet_diameter": 0.162,
        "contact_angle": 25.7,
        "fiber_rotation": 45
    },
    "mechanical_parameters": {
        "interface_friction": 0.0,
        "GI": 0.0015,
        "GII,GIII": 0.03458193979933111,
        "blade_friction": 0.0,
        "tI=tII=tIII": 1.1471571906354514
    }
}
