{
    "geometrical_parameters": {
        "fiber_diameter": 0.021,
        "blade_distance": 0.15,
        "elliptical_fiber_ratio": 1.0,
        "ratio_droplet_embedded_length": 1.36,
        "droplet_diameter": 0.162,
        "contact_angle": 25.7,
        "fiber_rotation": 0
    },
    "mechanical_parameters": {
        "interface_friction": 0.08294314381270904,
        "GI": 0.068876254180602,
        "GII,GIII": 0.13454849498327756,
        "tI=tII=tIII": 0.6304347826086957,
        "blade_friction": 0.6234113712374583
    }
}
