{
    "geometrical_parameters": {
        "fiber_diameter": 0.023402010050251255,
        "blade_distance": 0.34472361809045227,
        "elliptical_fiber_ratio": 1.9045226130653266,
        "ratio_droplet_embedded_length": 1.2645226130653267,
        "droplet_diameter": 0.10274874371859297,
        "contact_angle": 14.494472361809045,
        "fiber_rotation": 84.57286432160804
    },
    "mechanical_parameters": {
        "interface_friction": 0.0,
        "GI": 0.0015,
        "GII,GIII": 0.3,
        "tI=tII=tIII": 1.3,
        "blade_friction": 0.6
    }
}
