{
    "geometrical_parameters": {
        "fiber_diameter": 0.025727272727272727,
        "blade_distance": 0.06944866407984249,
        "elliptical_fiber_ratio": 2.6767676767676765,
        "ratio_droplet_embedded_length": 1.4476767676767677,
        "droplet_diameter": 0.20163636363636367,
        "contact_angle": 25.826262626262626,
        "fiber_rotation": 30.000000000000004
    },
    "mechanical_parameters": {
        "interface_friction": 0.0,
        "GI": 0.015,
        "GII,GIII": 0.3,
        "tI=tII=tIII": 1.3,
        "blade_friction": 0.6
    }
}
