{
    "geometrical_parameters": {
        "fiber_diameter": 0.01468561872909699,
        "blade_distance": 0.3374581939799331,
        "elliptical_fiber_ratio": 1.2859531772575252,
        "ratio_droplet_embedded_length": 1.4008026755852843,
        "droplet_diameter": 0.10070903010033445,
        "contact_angle": 15.624080267558528,
        "fiber_rotation": 15.652173913043478
    },
    "mechanical_parameters": {
        "interface_friction": 0.0,
        "GI": 0.0015,
        "GII,GIII": 0.3,
        "tI=tII=tIII": 1.3,
        "blade_friction": 0.6
    }
}
