{
    "geometrical_parameters": {
        "fiber_diameter": 0.014623246492985971,
        "blade_distance": 0.5509018036072144,
        "elliptical_fiber_ratio": 2.3917835671342687,
        "ratio_droplet_embedded_length": 1.1612825651302605,
        "droplet_diameter": 0.16834068136272545,
        "contact_angle": 19.735470941883765,
        "fiber_rotation": 81.1623246492986
    },
    "mechanical_parameters": {
        "interface_friction": 0.0,
        "tI": 1,
        "tII,tIII": 1.3,
        "GI": 0.015,
        "GII,GIII": 0.1,
        "blade_friction": 0.6
    }
}
