{
    "geometrical_parameters": {
        "fiber_diameter": 0.021,
        "blade_distance": 0.15,
        "elliptical_fiber_ratio": 1.0,
        "ratio_droplet_embedded_length": 1.36,
        "droplet_diameter": 0.162,
        "contact_angle": 25.7,
        "fiber_rotation": 0
    },
    "mechanical_parameters": {
        "interface_friction": 0.6180602006688964,
        "GI": 0.06953846153846155,
        "GII,GIII": 0.10832775919732442,
        "tI=tII=tIII": 1.7040133779264215,
        "blade_friction": 0.3692307692307692
    }
}
