{
    "geometrical_parameters": {
        "fiber_diameter": 0.013181818181818182,
        "blade_distance": 0.10922660911034021,
        "elliptical_fiber_ratio": 1.5858585858585859,
        "ratio_droplet_embedded_length": 1.1955555555555555,
        "droplet_diameter": 0.15254545454545454,
        "contact_angle": 24.747474747474747,
        "fiber_rotation": 47.27272727272728
    },
    "mechanical_parameters": {
        "interface_friction": 0.0,
        "GI": 0.0015,
        "GII,GIII": 0.3,
        "tI=tII=tIII": 1.3,
        "blade_friction": 0.6
    }
}
