{
    "geometrical_parameters": {
        "fiber_diameter": 0.021,
        "blade_distance": 0.15,
        "elliptical_fiber_ratio": 1.0,
        "ratio_droplet_embedded_length": 1.36,
        "droplet_diameter": 0.162,
        "contact_angle": 25.7,
        "fiber_rotation": 0
    },
    "mechanical_parameters": {
        "interface_friction": 0.09899665551839466,
        "tI": 1.4157190635451504,
        "tII,tIII": 0.6555183946488294,
        "GI": 0.044043478260869566,
        "GII,GIII": 0.2787625418060201,
        "blade_friction": 0.2568561872909698
    }
}
