{
    "geometrical_parameters": {
        "fiber_diameter": 0.02473913043478261,
        "blade_distance": 0.3976588628762542,
        "elliptical_fiber_ratio": 1.3561872909698995,
        "ratio_droplet_embedded_length": 1.36,
        "droplet_diameter": 0.162,
        "contact_angle": 25.7,
        "fiber_rotation": 45
    },
    "mechanical_parameters": {
        "interface_friction": 0.0,
        "GI": 0.0015,
        "GII,GIII": 0.3902006688963211,
        "blade_friction": 0.0,
        "tI=tII=tIII": 1.1020066889632107
    }
}
