{
    "geometrical_parameters": {
        "fiber_diameter": 0.017755852842809363,
        "blade_distance": 0.5297658862876254,
        "elliptical_fiber_ratio": 1.165551839464883,
        "ratio_droplet_embedded_length": 1.1653511705685617,
        "droplet_diameter": 0.22848494983277595,
        "contact_angle": 13.659531772575251,
        "fiber_rotation": 77.95986622073579
    },
    "mechanical_parameters": {
        "interface_friction": 0.0,
        "tI": 1,
        "tII,tIII": 1.3,
        "GI": 0.01,
        "GII,GIII": 0.15,
        "blade_friction": 0.8
    }
}
