{
    "geometrical_parameters": {
        "fiber_diameter": 0.020765886287625417,
        "blade_distance": 0.37090301003344484,
        "elliptical_fiber_ratio": 2.0334448160535117,
        "ratio_droplet_embedded_length": 1.3365886287625417,
        "droplet_diameter": 0.20681270903010035,
        "contact_angle": 16.51705685618729,
        "fiber_rotation": 63.51170568561873
    },
    "mechanical_parameters": {
        "interface_friction": 0.0,
        "GI": 0.0015,
        "GII,GIII": 0.3,
        "tI=tII=tIII": 1.3,
        "blade_friction": 0.6
    }
}
