{
    "geometrical_parameters": {
        "fiber_diameter": 0.02071943887775551,
        "elliptical_fiber_ratio": 1.0,
        "blade_distance": 0.5509018036072144,
        "ratio_droplet_embedded_length": 1.36,
        "droplet_diameter": 0.2151442885771543,
        "contact_angle": 25.7,
        "fiber_rotation": 0
    },
    "mechanical_parameters": {
        "interface_friction": 0.0,
        "GI": 0.0015,
        "GII,GIII": 0.061062124248496996,
        "blade_friction": 0.0,
        "tI=tII=tIII": 0.530060120240481
    }
}
