{
    "geometrical_parameters": {
        "fiber_diameter": 0.015344689378757515,
        "elliptical_fiber_ratio": 1.0,
        "blade_distance": 0.1901803607214429,
        "ratio_droplet_embedded_length": 1.36,
        "droplet_diameter": 0.13019438877755513,
        "contact_angle": 25.7,
        "fiber_rotation": 0
    },
    "mechanical_parameters": {
        "interface_friction": 0.0,
        "GI": 0.0015,
        "GII,GIII": 0.31440881763527057,
        "blade_friction": 0.0,
        "tI=tII=tIII": 1.9729458917835672
    }
}
