{
    "geometrical_parameters": {
        "fiber_diameter": 0.02419732441471572,
        "blade_distance": 0.5180602006688964,
        "elliptical_fiber_ratio": 2.3595317725752505,
        "ratio_droplet_embedded_length": 1.36,
        "droplet_diameter": 0.162,
        "contact_angle": 25.7,
        "fiber_rotation": 0
    },
    "mechanical_parameters": {
        "interface_friction": 0.0,
        "GI": 0.0015,
        "GII,GIII": 0.3017056856187291,
        "blade_friction": 0.0,
        "tI=tII=tIII": 1.5986622073578596
    }
}
