{
    "geometrical_parameters": {
        "fiber_diameter": 0.01325250501002004,
        "blade_distance": 0.28537074148296593,
        "elliptical_fiber_ratio": 1.817635270541082,
        "ratio_droplet_embedded_length": 1.1657715430861724,
        "droplet_diameter": 0.18213827655310622,
        "contact_angle": 28.08256513026052,
        "fiber_rotation": 20.02004008016032
    },
    "mechanical_parameters": {
        "interface_friction": 0.0,
        "tI": 1,
        "tII,tIII": 1.3,
        "GI": 0.015,
        "GII,GIII": 0.1,
        "blade_friction": 0.6
    }
}
