{
    "geometrical_parameters": {
        "fiber_diameter": 0.02419732441471572,
        "elliptical_fiber_ratio": 1.0,
        "blade_distance": 0.1351170568561873,
        "ratio_droplet_embedded_length": 1.36,
        "droplet_diameter": 0.14405351170568562,
        "contact_angle": 25.7,
        "fiber_rotation": 0
    },
    "mechanical_parameters": {
        "interface_friction": 0.0,
        "GI": 0.0015,
        "GII,GIII": 0.4573913043478261,
        "blade_friction": 0.0,
        "tI=tII=tIII": 1.648829431438127
    }
}
