{
    "geometrical_parameters": {
        "fiber_diameter": 0.014324414715719063,
        "blade_distance": 0.4160535117056856,
        "elliptical_fiber_ratio": 1.7324414715719063,
        "ratio_droplet_embedded_length": 1.36,
        "droplet_diameter": 0.162,
        "contact_angle": 25.7,
        "fiber_rotation": 0
    },
    "mechanical_parameters": {
        "interface_friction": 0.0,
        "GI": 0.0015,
        "GII,GIII": 0.11488294314381271,
        "blade_friction": 0.0,
        "tI=tII=tIII": 1.463210702341137
    }
}
