{
    "geometrical_parameters": {
        "fiber_diameter": 0.0221505016722408,
        "blade_distance": 0.3859531772575251,
        "elliptical_fiber_ratio": 1.2809364548494984,
        "ratio_droplet_embedded_length": 1.36,
        "droplet_diameter": 0.162,
        "contact_angle": 25.7,
        "fiber_rotation": 45
    },
    "mechanical_parameters": {
        "interface_friction": 0.0,
        "GI": 0.0015,
        "GII,GIII": 0.023110367892976588,
        "blade_friction": 0.0,
        "tI=tII=tIII": 1.5033444816053512
    }
}
