{
    "geometrical_parameters": {
        "fiber_diameter": 0.020043478260869566,
        "blade_distance": 0.3424749163879599,
        "elliptical_fiber_ratio": 2.063545150501672,
        "ratio_droplet_embedded_length": 1.36,
        "droplet_diameter": 0.162,
        "contact_angle": 25.7,
        "fiber_rotation": 0
    },
    "mechanical_parameters": {
        "interface_friction": 0.0,
        "GI": 0.0015,
        "GII,GIII": 0.4737792642140468,
        "blade_friction": 0.0,
        "tI=tII=tIII": 1.5434782608695652
    }
}
