{
    "geometrical_parameters": {
        "fiber_diameter": 0.021,
        "blade_distance": 0.15,
        "elliptical_fiber_ratio": 1.0,
        "ratio_droplet_embedded_length": 1.36,
        "droplet_diameter": 0.162,
        "contact_angle": 25.7,
        "fiber_rotation": 0
    },
    "mechanical_parameters": {
        "interface_friction": 0.19531772575250836,
        "GI": 0.029474916387959862,
        "GII,GIII": 0.37872909698996654,
        "tI=tII=tIII": 0.8361204013377925,
        "blade_friction": 0.6956521739130435
    }
}
