{
    "geometrical_parameters": {
        "fiber_diameter": 0.020705685618729097,
        "blade_distance": 0.34080267558528426,
        "elliptical_fiber_ratio": 2.0183946488294318,
        "ratio_droplet_embedded_length": 1.2627424749163878,
        "droplet_diameter": 0.12779933110367894,
        "contact_angle": 21.339130434782607,
        "fiber_rotation": 1.2040133779264213
    },
    "mechanical_parameters": {
        "interface_friction": 0.0,
        "GI": 0.0015,
        "GII,GIII": 0.3,
        "tI=tII=tIII": 1.3,
        "blade_friction": 0.6
    }
}
