{
    "geometrical_parameters": {
        "fiber_diameter": 0.014986622073578596,
        "blade_distance": 0.277257525083612,
        "elliptical_fiber_ratio": 1.2608695652173914,
        "ratio_droplet_embedded_length": 1.36,
        "droplet_diameter": 0.162,
        "contact_angle": 25.7,
        "fiber_rotation": 45
    },
    "mechanical_parameters": {
        "interface_friction": 0.0,
        "GI": 0.0015,
        "GII,GIII": 0.3377591973244148,
        "blade_friction": 0.0,
        "tI=tII=tIII": 0.8812709030100334
    }
}
