{
    "geometrical_parameters": {
        "fiber_diameter": 0.020525083612040133,
        "blade_distance": 0.2966555183946489,
        "elliptical_fiber_ratio": 1.6555183946488294,
        "ratio_droplet_embedded_length": 1.2135117056856186,
        "droplet_diameter": 0.220809364548495,
        "contact_angle": 17.82675585284281,
        "fiber_rotation": 30.100334448160535
    },
    "mechanical_parameters": {
        "interface_friction": 0.0,
        "GI": 0.0015,
        "GII,GIII": 0.3,
        "tI=tII=tIII": 1.3,
        "blade_friction": 0.6
    }
}
