{
    "geometrical_parameters": {
        "fiber_diameter": 0.02142809364548495,
        "blade_distance": 0.5518394648829431,
        "elliptical_fiber_ratio": 1.8093645484949832,
        "ratio_droplet_embedded_length": 1.3986622073578596,
        "droplet_diameter": 0.1770133779264214,
        "contact_angle": 15.505016722408026,
        "fiber_rotation": 11.73913043478261
    },
    "mechanical_parameters": {
        "interface_friction": 0.0,
        "GI": 0.0015,
        "GII,GIII": 0.3,
        "tI=tII=tIII": 1.3,
        "blade_friction": 0.6
    }
}
