{
    "geometrical_parameters": {
        "fiber_diameter": 0.01990909090909091,
        "blade_distance": 0.04312761731193951,
        "elliptical_fiber_ratio": 2.2525252525252526,
        "ratio_droplet_embedded_length": 1.4541414141414142,
        "droplet_diameter": 0.14845454545454545,
        "contact_angle": 24.028282828282826,
        "fiber_rotation": 65.45454545454545
    },
    "mechanical_parameters": {
        "interface_friction": 0.0,
        "GI": 0.0015,
        "GII,GIII": 0.3,
        "tI=tII=tIII": 1.3,
        "blade_friction": 0.6
    }
}
