{
    "geometrical_parameters": {
        "fiber_diameter": 0.025769539078156312,
        "blade_distance": 0.6386773547094189,
        "elliptical_fiber_ratio": 1.7575150300601203,
        "ratio_droplet_embedded_length": 1.3536673346693386,
        "droplet_diameter": 0.21135671342685372,
        "contact_angle": 19.771142284569137,
        "fiber_rotation": 72.86573146292585
    },
    "mechanical_parameters": {
        "interface_friction": 0.0,
        "tI": 1,
        "tII,tIII": 1.3,
        "GI": 0.01,
        "GII,GIII": 0.15,
        "blade_friction": 0.6
    }
}
