{
    "geometrical_parameters": {
        "fiber_diameter": 0.021,
        "blade_distance": 0.15,
        "elliptical_fiber_ratio": 1.0,
        "ratio_droplet_embedded_length": 1.36,
        "droplet_diameter": 0.162,
        "contact_angle": 25.7,
        "fiber_rotation": 0
    },
    "mechanical_parameters": {
        "interface_friction": 0.24080267558528426,
        "GI": 0.0970200668896321,
        "GII,GIII": 0.11816053511705685,
        "tI=tII=tIII": 0.8260869565217391,
        "blade_friction": 0.5377926421404683
    }
}
