{
    "geometrical_parameters": {
        "fiber_diameter": 0.026454545454545456,
        "blade_distance": 0.08372346962950235,
        "elliptical_fiber_ratio": 2.2727272727272725,
        "ratio_droplet_embedded_length": 1.1987878787878787,
        "droplet_diameter": 0.12936363636363638,
        "contact_angle": 21.33131313131313,
        "fiber_rotation": 62.72727272727272
    },
    "mechanical_parameters": {
        "interface_friction": 0.0,
        "GI": 0.015,
        "GII,GIII": 0.3,
        "tI=tII=tIII": 1.3,
        "blade_friction": 0.6
    }
}
