{
    "geometrical_parameters": {
        "fiber_diameter": 0.02907357859531773,
        "elliptical_fiber_ratio": 1.0,
        "blade_distance": 0.374247491638796,
        "ratio_droplet_embedded_length": 1.36,
        "droplet_diameter": 0.17475585284280937,
        "contact_angle": 25.7,
        "fiber_rotation": 0
    },
    "mechanical_parameters": {
        "interface_friction": 0.0,
        "GI": 0.0015,
        "GII,GIII": 0.41314381270903017,
        "blade_friction": 0.0,
        "tI=tII=tIII": 1.117056856187291
    }
}
