{
    "geometrical_parameters": {
        "fiber_diameter": 0.016612040133779264,
        "blade_distance": 0.41438127090301,
        "elliptical_fiber_ratio": 2.4096989966555187,
        "ratio_droplet_embedded_length": 1.2327759197324415,
        "droplet_diameter": 0.10703010033444817,
        "contact_angle": 25.268227424749163,
        "fiber_rotation": 30.40133779264214
    },
    "mechanical_parameters": {
        "interface_friction": 0.0,
        "GI": 0.0015,
        "GII,GIII": 0.3,
        "tI=tII=tIII": 1.3,
        "blade_friction": 0.6
    }
}
