{
    "geometrical_parameters": {
        "fiber_diameter": 0.02248697394789579,
        "blade_distance": 0.42464929859719436,
        "elliptical_fiber_ratio": 1.9559118236472945,
        "ratio_droplet_embedded_length": 1.4306212424849698,
        "droplet_diameter": 0.18078557114228455,
        "contact_angle": 17.416833667334668,
        "fiber_rotation": 8.11623246492986
    },
    "mechanical_parameters": {
        "interface_friction": 0.0,
        "tI": 1,
        "tII,tIII": 1.3,
        "GI": 0.015,
        "GII,GIII": 0.1,
        "blade_friction": 0.6
    }
}
