{
    "geometrical_parameters": {
        "fiber_diameter": 0.02696655518394649,
        "blade_distance": 0.2153846153846154,
        "elliptical_fiber_ratio": 2.3143812709030103,
        "ratio_droplet_embedded_length": 1.36,
        "droplet_diameter": 0.162,
        "contact_angle": 25.7,
        "fiber_rotation": 45
    },
    "mechanical_parameters": {
        "interface_friction": 0.0,
        "GI": 0.0015,
        "GII,GIII": 0.3754515050167224,
        "blade_friction": 0.0,
        "tI=tII=tIII": 0.971571906354515
    }
}
