{
    "geometrical_parameters": {
        "fiber_diameter": 0.02954545454545455,
        "blade_distance": 0.15280127086088613,
        "elliptical_fiber_ratio": 1.5252525252525253,
        "ratio_droplet_embedded_length": 1.26020202020202,
        "droplet_diameter": 0.1839090909090909,
        "contact_angle": 16.296969696969697,
        "fiber_rotation": 53.63636363636363
    },
    "mechanical_parameters": {
        "interface_friction": 0.0,
        "GI": 0.015,
        "GII,GIII": 0.3,
        "tI=tII=tIII": 1.3,
        "blade_friction": 0.6
    }
}
