{
    "geometrical_parameters": {
        "fiber_diameter": 0.017727272727272727,
        "blade_distance": 0.04715030473119497,
        "elliptical_fiber_ratio": 2.0303030303030303,
        "ratio_droplet_embedded_length": 1.2052525252525252,
        "droplet_diameter": 0.19481818181818183,
        "contact_angle": 14.858585858585858,
        "fiber_rotation": 77.27272727272728
    },
    "mechanical_parameters": {
        "interface_friction": 0.0,
        "GI": 0.0015,
        "GII,GIII": 0.3,
        "tI=tII=tIII": 1.3,
        "blade_friction": 0.6
    }
}
