{
    "geometrical_parameters": {
        "fiber_diameter": 0.017816053511705687,
        "blade_distance": 0.5916387959866221,
        "elliptical_fiber_ratio": 2.2441471571906355,
        "ratio_droplet_embedded_length": 1.36,
        "droplet_diameter": 0.162,
        "contact_angle": 25.7,
        "fiber_rotation": 45
    },
    "mechanical_parameters": {
        "interface_friction": 0.0,
        "GI": 0.0015,
        "GII,GIII": 0.15585284280936454,
        "blade_friction": 0.0,
        "tI=tII=tIII": 1.0418060200668897
    }
}
