{
    "geometrical_parameters": {
        "fiber_diameter": 0.021,
        "blade_distance": 0.15,
        "elliptical_fiber_ratio": 1.0,
        "ratio_droplet_embedded_length": 1.36,
        "droplet_diameter": 0.162,
        "contact_angle": 25.7,
        "fiber_rotation": 0
    },
    "mechanical_parameters": {
        "interface_friction": 0.08561872909698998,
        "tI": 1.279933110367893,
        "tII,tIII": 1.3829431438127089,
        "GI": 0.08510033444816054,
        "GII,GIII": 0.3049832775919733,
        "blade_friction": 0.379933110367893
    }
}
