{
    "geometrical_parameters": {
        "fiber_diameter": 0.023474916387959868,
        "blade_distance": 0.10501672240802676,
        "elliptical_fiber_ratio": 1.2357859531772575,
        "ratio_droplet_embedded_length": 1.36,
        "droplet_diameter": 0.162,
        "contact_angle": 25.7,
        "fiber_rotation": 45
    },
    "mechanical_parameters": {
        "interface_friction": 0.0,
        "GI": 0.0015,
        "GII,GIII": 0.3410367892976589,
        "blade_friction": 0.0,
        "tI=tII=tIII": 1.1270903010033444
    }
}
