{
    "geometrical_parameters": {
        "fiber_diameter": 0.016751503006012025,
        "blade_distance": 0.2843687374749499,
        "elliptical_fiber_ratio": 2.280561122244489,
        "ratio_droplet_embedded_length": 1.3049298597194388,
        "droplet_diameter": 0.21081563126252506,
        "contact_angle": 25.549899799599196,
        "fiber_rotation": 38.59719438877755
    },
    "mechanical_parameters": {
        "interface_friction": 0.0,
        "tI": 1,
        "tII,tIII": 1.3,
        "GI": 0.015,
        "GII,GIII": 0.1,
        "blade_friction": 0.6
    }
}
