{
    "geometrical_parameters": {
        "fiber_diameter": 0.021,
        "blade_distance": 0.15,
        "elliptical_fiber_ratio": 1.0,
        "ratio_droplet_embedded_length": 1.36,
        "droplet_diameter": 0.162,
        "contact_angle": 25.7,
        "fiber_rotation": 0
    },
    "mechanical_parameters": {
        "interface_friction": 0.6474916387959867,
        "tI": 0.7648829431438127,
        "tII,tIII": 1.1822742474916388,
        "GI": 0.08145819397993312,
        "GII,GIII": 0.4360869565217392,
        "blade_friction": 0.06421404682274247
    }
}
