{
    "geometrical_parameters": {
        "fiber_diameter": 0.021363636363636362,
        "blade_distance_ratio_to_fiber_diameter": 1.7424242424242424,
        "elliptical_fiber_ratio": 1.7070707070707072,
        "ratio_droplet_embedded_length": 1.2666666666666666,
        "droplet_diameter": 0.2070909090909091,
        "contact_angle": 18.814141414141414,
        "fiber_rotation": 60.00000000000001
    },
    "mechanical_parameters": {
        "interface_friction": 0.0,
        "GI": 0.015,
        "GII,GIII": 0.3,
        "tI=tII=tIII": 1.3,
        "blade_friction": 0.6
    }
}
