{
    "geometrical_parameters": {
        "fiber_diameter": 0.014090909090909091,
        "blade_distance": 0.05154025269637815,
        "elliptical_fiber_ratio": 2.878787878787879,
        "ratio_droplet_embedded_length": 1.4541414141414142,
        "droplet_diameter": 0.11572727272727273,
        "contact_angle": 19.53333333333333,
        "fiber_rotation": 40.0
    },
    "mechanical_parameters": {
        "interface_friction": 0.0,
        "GI": 0.015,
        "GII,GIII": 0.3,
        "tI=tII=tIII": 1.3,
        "blade_friction": 0.6
    }
}
