{
    "geometrical_parameters": {
        "fiber_diameter": 0.01974247491638796,
        "elliptical_fiber_ratio": 1.0,
        "blade_distance": 0.5030100334448161,
        "ratio_droplet_embedded_length": 1.36,
        "droplet_diameter": 0.20771571906354516,
        "contact_angle": 25.7,
        "fiber_rotation": 0
    },
    "mechanical_parameters": {
        "interface_friction": 0.0,
        "GI": 0.0015,
        "GII,GIII": 0.0968561872909699,
        "blade_friction": 0.0,
        "tI=tII=tIII": 1.0719063545150502
    }
}
