{
    "geometrical_parameters": {
        "fiber_diameter": 0.018627254509018035,
        "elliptical_fiber_ratio": 1.0,
        "blade_distance": 0.45971943887775546,
        "ratio_droplet_embedded_length": 1.36,
        "droplet_diameter": 0.19945290581162325,
        "contact_angle": 25.7,
        "fiber_rotation": 0
    },
    "mechanical_parameters": {
        "interface_friction": 0.0,
        "GI": 0.0015,
        "GII,GIII": 0.1572945891783567,
        "blade_friction": 0.0,
        "tI=tII=tIII": 1.5130260521042085
    }
}
