{
    "geometrical_parameters": {
        "fiber_diameter": 0.014118236472945892,
        "blade_distance": 0.5298196392785571,
        "elliptical_fiber_ratio": 1.4749498997995991,
        "ratio_droplet_embedded_length": 1.4723046092184369,
        "droplet_diameter": 0.14642685370741482,
        "contact_angle": 25.870941883767532,
        "fiber_rotation": 48.33667334669339
    },
    "mechanical_parameters": {
        "interface_friction": 0.0,
        "tI": 1,
        "tII,tIII": 1.3,
        "GI": 0.01,
        "GII,GIII": 0.15,
        "blade_friction": 0.6
    }
}
