{
    "geometrical_parameters": {
        "fiber_diameter": 0.015236472945891782,
        "blade_distance": 0.5982765531062125,
        "elliptical_fiber_ratio": 1.7995991983967936,
        "ratio_droplet_embedded_length": 1.2946693386773547,
        "droplet_diameter": 0.16076553106212427,
        "contact_angle": 21.84008016032064,
        "fiber_rotation": 70.16032064128257
    },
    "mechanical_parameters": {
        "interface_friction": 0.0,
        "tI": 1,
        "tII,tIII": 1.3,
        "GI": 0.01,
        "GII,GIII": 0.15,
        "blade_friction": 0.6
    }
}
