{
    "geometrical_parameters": {
        "fiber_diameter": 0.02203010033444816,
        "blade_distance": 0.2036789297658863,
        "elliptical_fiber_ratio": 1.6672240802675584,
        "ratio_droplet_embedded_length": 1.36,
        "droplet_diameter": 0.162,
        "contact_angle": 25.7,
        "fiber_rotation": 45
    },
    "mechanical_parameters": {
        "interface_friction": 0.0,
        "GI": 0.0015,
        "GII,GIII": 0.4000334448160535,
        "blade_friction": 0.0,
        "tI=tII=tIII": 1.5133779264214047
    }
}
