{
    "geometrical_parameters": {
        "fiber_diameter": 0.021,
        "blade_distance": 0.15,
        "elliptical_fiber_ratio": 1.0,
        "ratio_droplet_embedded_length": 1.36,
        "droplet_diameter": 0.162,
        "contact_angle": 25.7,
        "fiber_rotation": 0
    },
    "mechanical_parameters": {
        "interface_friction": 0.6581939799331105,
        "tI": 0.6103678929765886,
        "tII,tIII": 1.5183946488294315,
        "GI": 0.0672207357859532,
        "GII,GIII": 0.4459197324414716,
        "blade_friction": 0.6234113712374583
    }
}
