{
    "geometrical_parameters": {
        "fiber_diameter": 0.014324414715719063,
        "elliptical_fiber_ratio": 1.0,
        "blade_distance": 0.4294314381270903,
        "ratio_droplet_embedded_length": 1.36,
        "droplet_diameter": 0.14089297658862876,
        "contact_angle": 25.7,
        "fiber_rotation": 0
    },
    "mechanical_parameters": {
        "interface_friction": 0.0,
        "GI": 0.0015,
        "GII,GIII": 0.4541137123745819,
        "blade_friction": 0.0,
        "tI=tII=tIII": 1.2725752508361206
    }
}
