{
    "geometrical_parameters": {
        "fiber_diameter": 0.030314629258517037,
        "blade_distance": 0.29839679358717436,
        "elliptical_fiber_ratio": 1.595190380761523,
        "ratio_droplet_embedded_length": 1.4447294589178357,
        "droplet_diameter": 0.18863126252505014,
        "contact_angle": 27.404809619238478,
        "fiber_rotation": 82.96593186372745
    },
    "mechanical_parameters": {
        "interface_friction": 0.0,
        "tI": 1,
        "tII,tIII": 1.3,
        "GI": 0.015,
        "GII,GIII": 0.1,
        "blade_friction": 0.6
    }
}
