{
    "geometrical_parameters": {
        "fiber_diameter": 0.017905811623246493,
        "blade_distance": 0.22925851703406813,
        "elliptical_fiber_ratio": 1.1953907815631262,
        "ratio_droplet_embedded_length": 1.253627254509018,
        "droplet_diameter": 0.21920240480961925,
        "contact_angle": 23.19559118236473,
        "fiber_rotation": 41.30260521042084
    },
    "mechanical_parameters": {
        "interface_friction": 0.0,
        "tI": 1,
        "tII,tIII": 1.3,
        "GI": 0.015,
        "GII,GIII": 0.1,
        "blade_friction": 0.6
    }
}
