{
    "geometrical_parameters": {
        "fiber_diameter": 0.02861923847695391,
        "elliptical_fiber_ratio": 1.0,
        "blade_distance": 0.4176352705410822,
        "ratio_droplet_embedded_length": 1.36,
        "droplet_diameter": 0.13262925851703408,
        "contact_angle": 25.7,
        "fiber_rotation": 0
    },
    "mechanical_parameters": {
        "interface_friction": 0.0,
        "GI": 0.0015,
        "GII,GIII": 0.4057314629258517,
        "blade_friction": 0.0,
        "tI=tII=tIII": 1.4168336673346693
    }
}
