{
    "geometrical_parameters": {
        "fiber_diameter": 0.021545454545454545,
        "blade_distance": 0.07448881107071037,
        "elliptical_fiber_ratio": 1.1414141414141414,
        "ratio_droplet_embedded_length": 1.2084848484848485,
        "droplet_diameter": 0.19754545454545455,
        "contact_angle": 18.454545454545453,
        "fiber_rotation": 75.45454545454545
    },
    "mechanical_parameters": {
        "interface_friction": 0.0,
        "GI": 0.0015,
        "GII,GIII": 0.3,
        "tI=tII=tIII": 1.3,
        "blade_friction": 0.6
    }
}
