{
    "geometrical_parameters": {
        "fiber_diameter": 0.017522613065326632,
        "blade_distance": 0.21809045226130655,
        "elliptical_fiber_ratio": 2.135678391959799,
        "ratio_droplet_embedded_length": 1.1889447236180903,
        "droplet_diameter": 0.12445728643216081,
        "contact_angle": 22.276381909547737,
        "fiber_rotation": 33.46733668341708
    },
    "mechanical_parameters": {
        "interface_friction": 0.0,
        "GI": 0.0015,
        "GII,GIII": 0.3,
        "tI=tII=tIII": 1.3,
        "blade_friction": 0.6
    }
}
