{
    "geometrical_parameters": {
        "fiber_diameter": 0.013,
        "blade_distance": 0.2515151515151515,
        "elliptical_fiber_ratio": 1.7424242424242424,
        "ratio_droplet_embedded_length": 1.4347474747474747,
        "droplet_diameter": 0.11709090909090909,
        "contact_angle": 14.319191919191919,
        "fiber_rotation": 81.81818181818181
    },
    "mechanical_parameters": {
        "interface_friction": 0.0,
        "tI": 1.3,
        "tII,tIII": 1.3,
        "GI": 0.3,
        "GII,GIII": 0.3,
        "blade_friction": 0.6
    }
}
