{
    "geometrical_parameters": {
        "fiber_diameter": 0.016070234113712376,
        "blade_distance": 0.5765886287625418,
        "elliptical_fiber_ratio": 1.842809364548495,
        "ratio_droplet_embedded_length": 1.3076923076923077,
        "droplet_diameter": 0.13050836120401338,
        "contact_angle": 29.137792642140464,
        "fiber_rotation": 19.264214046822744
    },
    "mechanical_parameters": {
        "interface_friction": 0.0,
        "tI": 1,
        "tII,tIII": 1.3,
        "GI": 0.01,
        "GII,GIII": 0.15,
        "blade_friction": 0.8
    }
}
