{
    "geometrical_parameters": {
        "fiber_diameter": 0.014818181818181817,
        "blade_distance_ratio_to_fiber_diameter": 3.143939393939394,
        "elliptical_fiber_ratio": 2.1515151515151514,
        "ratio_droplet_embedded_length": 1.412121212121212,
        "droplet_diameter": 0.15527272727272728,
        "contact_angle": 27.26464646464646,
        "fiber_rotation": 71.81818181818183
    },
    "mechanical_parameters": {
        "interface_friction": 0.0,
        "GI": 0.015,
        "GII,GIII": 0.3,
        "tI=tII=tIII": 1.3,
        "blade_friction": 0.6
    }
}
