{
    "geometrical_parameters": {
        "fiber_diameter": 0.013363636363636362,
        "blade_distance": 0.11466729627542477,
        "elliptical_fiber_ratio": 1.02020202020202,
        "ratio_droplet_embedded_length": 1.353939393939394,
        "droplet_diameter": 0.188,
        "contact_angle": 19.173737373737374,
        "fiber_rotation": 69.0909090909091
    },
    "mechanical_parameters": {
        "interface_friction": 0.0,
        "GI": 0.0015,
        "GII,GIII": 0.3,
        "tI=tII=tIII": 1.3,
        "blade_friction": 0.6
    }
}
