{
    "geometrical_parameters": {
        "fiber_diameter": 0.021,
        "blade_distance": 0.15,
        "elliptical_fiber_ratio": 1.0,
        "ratio_droplet_embedded_length": 1.36,
        "droplet_diameter": 0.162,
        "contact_angle": 25.7,
        "fiber_rotation": 0
    },
    "mechanical_parameters": {
        "interface_friction": 0.6555183946488294,
        "tI": 0.6244147157190635,
        "tII,tIII": 1.2374581939799332,
        "GI": 0.07020066889632107,
        "GII,GIII": 0.11652173913043479,
        "blade_friction": 0.5752508361204014
    }
}
