{
    "geometrical_parameters": {
        "fiber_diameter": 0.030638795986622072,
        "blade_distance": 0.6,
        "elliptical_fiber_ratio": 1.7023411371237458,
        "ratio_droplet_embedded_length": 1.3462207357859532,
        "droplet_diameter": 0.098,
        "contact_angle": 31.161872909698992,
        "fiber_rotation": 2.4080267558528425
    },
    "mechanical_parameters": {
        "interface_friction": 0.0,
        "GI": 0.0015,
        "GII,GIII": 0.3,
        "tI=tII=tIII": 1.3,
        "blade_friction": 0.6
    }
}
