{
    "geometrical_parameters": {
        "fiber_diameter": 0.021,
        "blade_distance": 0.15,
        "elliptical_fiber_ratio": 1.0,
        "ratio_droplet_embedded_length": 1.36,
        "droplet_diameter": 0.162,
        "contact_angle": 25.7,
        "fiber_rotation": 0
    },
    "mechanical_parameters": {
        "interface_friction": 0.029431438127090304,
        "GI": 0.04205685618729097,
        "GII,GIII": 0.2853177257525084,
        "tI=tII=tIII": 0.7608695652173914,
        "blade_friction": 0.7384615384615385
    }
}
