{
    "geometrical_parameters": {
        "fiber_diameter": 0.018272727272727274,
        "blade_distance": 0.09229765849977095,
        "elliptical_fiber_ratio": 1.4444444444444444,
        "ratio_droplet_embedded_length": 1.4056565656565656,
        "droplet_diameter": 0.14981818181818182,
        "contact_angle": 20.97171717171717,
        "fiber_rotation": 50.00000000000001
    },
    "mechanical_parameters": {
        "interface_friction": 0.0,
        "GI": 0.015,
        "GII,GIII": 0.3,
        "tI=tII=tIII": 1.3,
        "blade_friction": 0.6
    }
}
