{
    "geometrical_parameters": {
        "fiber_diameter": 0.029434782608695656,
        "elliptical_fiber_ratio": 1.0,
        "blade_distance": 0.40100334448160535,
        "ratio_droplet_embedded_length": 1.36,
        "droplet_diameter": 0.12689632107023413,
        "contact_angle": 25.7,
        "fiber_rotation": 0
    },
    "mechanical_parameters": {
        "interface_friction": 0.0,
        "GI": 0.0015,
        "GII,GIII": 0.17387959866220737,
        "blade_friction": 0.0,
        "tI=tII=tIII": 0.6254180602006689
    }
}
