{
    "geometrical_parameters": {
        "fiber_diameter": 0.024398797595190383,
        "blade_distance": 0.26048096192384773,
        "elliptical_fiber_ratio": 1.3126252505010019,
        "ratio_droplet_embedded_length": 1.340200400801603,
        "droplet_diameter": 0.13587575150300601,
        "contact_angle": 22.660521042084167,
        "fiber_rotation": 37.51503006012024
    },
    "mechanical_parameters": {
        "interface_friction": 0.0,
        "tI": 1,
        "tII,tIII": 1.3,
        "GI": 0.01,
        "GII,GIII": 0.15,
        "blade_friction": 0.6
    }
}
