{
    "geometrical_parameters": {
        "fiber_diameter": 0.020765886287625417,
        "blade_distance": 0.15016722408026756,
        "elliptical_fiber_ratio": 1.4163879598662208,
        "ratio_droplet_embedded_length": 1.1707023411371236,
        "droplet_diameter": 0.13908695652173914,
        "contact_angle": 16.933779264214046,
        "fiber_rotation": 86.98996655518394
    },
    "mechanical_parameters": {
        "interface_friction": 0.0,
        "tI": 1,
        "tII,tIII": 1.3,
        "GI": 0.01,
        "GII,GIII": 0.15,
        "blade_friction": 0.8
    }
}
