{
    "geometrical_parameters": {
        "fiber_diameter": 0.025336673346693386,
        "blade_distance": 0.1400801603206413,
        "elliptical_fiber_ratio": 2.469939879759519,
        "ratio_droplet_embedded_length": 1.1818036072144287,
        "droplet_diameter": 0.2102745490981964,
        "contact_angle": 18.772344689378755,
        "fiber_rotation": 19.65931863727455
    },
    "mechanical_parameters": {
        "interface_friction": 0.0,
        "tI": 1,
        "tII,tIII": 1.3,
        "GI": 0.015,
        "GII,GIII": 0.1,
        "blade_friction": 0.6
    }
}
