{
    "geometrical_parameters": {
        "fiber_diameter": 0.01974247491638796,
        "blade_distance": 0.3157190635451505,
        "elliptical_fiber_ratio": 1.9230769230769234,
        "ratio_droplet_embedded_length": 1.36,
        "droplet_diameter": 0.162,
        "contact_angle": 25.7,
        "fiber_rotation": 0
    },
    "mechanical_parameters": {
        "interface_friction": 0.0,
        "GI": 0.0015,
        "GII,GIII": 0.24762541806020066,
        "blade_friction": 0.0,
        "tI=tII=tIII": 0.6354515050167224
    }
}
