{
    "geometrical_parameters": {
        "fiber_diameter": 0.021,
        "blade_distance": 0.15,
        "elliptical_fiber_ratio": 1.0,
        "ratio_droplet_embedded_length": 1.36,
        "droplet_diameter": 0.162,
        "contact_angle": 25.7,
        "fiber_rotation": 0
    },
    "mechanical_parameters": {
        "interface_friction": 0.013377926421404682,
        "tI": 0.9568561872909699,
        "tII,tIII": 1.7591973244147157,
        "GI": 0.06092976588628763,
        "GII,GIII": 0.28859531772575253,
        "blade_friction": 0.6635451505016722
    }
}
