{
    "geometrical_parameters": {
        "fiber_diameter": 0.01631103678929766,
        "blade_distance": 0.42107023411371236,
        "elliptical_fiber_ratio": 2.419732441471572,
        "ratio_droplet_embedded_length": 1.2477591973244146,
        "droplet_diameter": 0.22667892976588633,
        "contact_angle": 14.671571906354515,
        "fiber_rotation": 63.21070234113713
    },
    "mechanical_parameters": {
        "interface_friction": 0.0,
        "tI": 1,
        "tII,tIII": 1.3,
        "GI": 0.01,
        "GII,GIII": 0.15,
        "blade_friction": 0.8
    }
}
