{
    "geometrical_parameters": {
        "fiber_diameter": 0.02706813627254509,
        "blade_distance": 0.3020040080160321,
        "elliptical_fiber_ratio": 1.7665330661322645,
        "ratio_droplet_embedded_length": 1.2863326653306613,
        "droplet_diameter": 0.10259919839679359,
        "contact_angle": 19.129058116232464,
        "fiber_rotation": 36.432865731462925
    },
    "mechanical_parameters": {
        "interface_friction": 0.0,
        "tI": 1,
        "tII,tIII": 1.3,
        "GI": 0.01,
        "GII,GIII": 0.15,
        "blade_friction": 0.6
    }
}
