{
    "geometrical_parameters": {
        "fiber_diameter": 0.014911823647294589,
        "blade_distance": 0.4637274549098196,
        "elliptical_fiber_ratio": 1.6012024048096194,
        "ratio_droplet_embedded_length": 1.303006012024048,
        "droplet_diameter": 0.16590581162324652,
        "contact_angle": 15.98997995991984,
        "fiber_rotation": 63.84769539078156
    },
    "mechanical_parameters": {
        "interface_friction": 0.0,
        "tI": 1,
        "tII,tIII": 1.3,
        "GI": 0.015,
        "GII,GIII": 0.1,
        "blade_friction": 0.6
    }
}
