{
    "geometrical_parameters": {
        "fiber_diameter": 0.021,
        "blade_distance": 0.042,
        "elliptical_fiber_ratio": 1.0,
        "ratio_droplet_embedded_length": 1.36,
        "droplet_diameter": 0.162,
        "contact_angle": 25.7,
        "fiber_rotation": 0
    },
    "mechanical_parameters": {
        "interface_friction": 0.7197324414715719,
        "GI": 0.05033444816053512,
        "GII,GIII": 0.48688963210702346,
        "tI=tII=tIII": 0.9665551839464883,
        "blade_friction": 0.43076923076923085
    }
}
