{
    "geometrical_parameters": {
        "fiber_diameter": 0.01855511022044088,
        "blade_distance": 0.13907815631262527,
        "elliptical_fiber_ratio": 1.2104208416833666,
        "ratio_droplet_embedded_length": 1.3690581162324649,
        "droplet_diameter": 0.1396633266533066,
        "contact_angle": 23.445290581162325,
        "fiber_rotation": 54.10821643286573
    },
    "mechanical_parameters": {
        "interface_friction": 0.0,
        "tI": 1,
        "tII,tIII": 1.3,
        "GI": 0.015,
        "GII,GIII": 0.1,
        "blade_friction": 0.6
    }
}
