{
    "geometrical_parameters": {
        "fiber_diameter": 0.013240802675585283,
        "blade_distance": 0.4076923076923077,
        "elliptical_fiber_ratio": 2.3043478260869565,
        "ratio_droplet_embedded_length": 1.36,
        "droplet_diameter": 0.162,
        "contact_angle": 25.7,
        "fiber_rotation": 45
    },
    "mechanical_parameters": {
        "interface_friction": 0.0,
        "GI": 0.0015,
        "GII,GIII": 0.3607023411371238,
        "blade_friction": 0.0,
        "tI=tII=tIII": 0.8361204013377925
    }
}
