{
    "geometrical_parameters": {
        "fiber_diameter": 0.021909819639278558,
        "blade_distance": 0.6465330661322646,
        "elliptical_fiber_ratio": 1.2374749498997997,
        "ratio_droplet_embedded_length": 1.1625651302605209,
        "droplet_diameter": 0.14074549098196393,
        "contact_angle": 30.900601202404808,
        "fiber_rotation": 49.41883767535071
    },
    "mechanical_parameters": {
        "interface_friction": 0.0,
        "tI": 1,
        "tII,tIII": 1.3,
        "GI": 0.01,
        "GII,GIII": 0.15,
        "blade_friction": 0.6
    }
}
