{
    "geometrical_parameters": {
        "fiber_diameter": 0.027086956521739133,
        "blade_distance": 0.4929765886287625,
        "elliptical_fiber_ratio": 1.8779264214046822,
        "ratio_droplet_embedded_length": 1.36,
        "droplet_diameter": 0.162,
        "contact_angle": 25.7,
        "fiber_rotation": 0
    },
    "mechanical_parameters": {
        "interface_friction": 0.0,
        "GI": 0.0015,
        "GII,GIII": 0.4442809364548495,
        "blade_friction": 0.0,
        "tI=tII=tIII": 0.9765886287625418
    }
}
