{
    "geometrical_parameters": {
        "fiber_diameter": 0.021,
        "blade_distance": 0.15,
        "elliptical_fiber_ratio": 1.0,
        "ratio_droplet_embedded_length": 1.36,
        "droplet_diameter": 0.162,
        "contact_angle": 25.7,
        "fiber_rotation": 0
    },
    "mechanical_parameters": {
        "interface_friction": 0.3451505016722408,
        "GI": 0.00927759197324415,
        "GII,GIII": 0.49180602006688956,
        "tI=tII=tIII": 1.6237458193979935,
        "blade_friction": 0.040133779264214055
    }
}
