{
    "geometrical_parameters": {
        "fiber_diameter": 0.015957915831663328,
        "blade_distance": 0.4587174348697395,
        "elliptical_fiber_ratio": 1.6282565130260522,
        "ratio_droplet_embedded_length": 1.3010821643286572,
        "droplet_diameter": 0.1450741482965932,
        "contact_angle": 25.3002004008016,
        "fiber_rotation": 85.31062124248497
    },
    "mechanical_parameters": {
        "interface_friction": 0.0,
        "tI": 1,
        "tII,tIII": 1.3,
        "GI": 0.015,
        "GII,GIII": 0.1,
        "blade_friction": 0.6
    }
}
