{
    "geometrical_parameters": {
        "fiber_diameter": 0.021,
        "blade_distance": 0.042,
        "elliptical_fiber_ratio": 1.0,
        "ratio_droplet_embedded_length": 1.36,
        "droplet_diameter": 0.162,
        "contact_angle": 25.7,
        "fiber_rotation": 0
    },
    "mechanical_parameters": {
        "interface_friction": 0.4949832775919733,
        "GI": 0.005304347826086957,
        "GII,GIII": 0.477056856187291,
        "tI=tII=tIII": 1.8896321070234112,
        "blade_friction": 0.5538461538461539
    }
}
