{
    "geometrical_parameters": {
        "fiber_diameter": 0.028438877755511023,
        "blade_distance": 0.40861723446893783,
        "elliptical_fiber_ratio": 1.3306613226452906,
        "ratio_droplet_embedded_length": 1.194629258517034,
        "droplet_diameter": 0.17889178356713425,
        "contact_angle": 17.167134268537072,
        "fiber_rotation": 78.09619238476954
    },
    "mechanical_parameters": {
        "interface_friction": 0.0,
        "tI": 1,
        "tII,tIII": 1.3,
        "GI": 0.015,
        "GII,GIII": 0.1,
        "blade_friction": 0.6
    }
}
