{
    "geometrical_parameters": {
        "fiber_diameter": 0.014384615384615385,
        "blade_distance": 0.531438127090301,
        "elliptical_fiber_ratio": 2.3545150501672243,
        "ratio_droplet_embedded_length": 1.2937792642140469,
        "droplet_diameter": 0.20590969899665554,
        "contact_angle": 29.733110367892976,
        "fiber_rotation": 40.936454849498325
    },
    "mechanical_parameters": {
        "interface_friction": 0.0,
        "tI": 1,
        "tII,tIII": 1.3,
        "GI": 0.01,
        "GII,GIII": 0.15,
        "blade_friction": 0.8
    }
}
