{
    "geometrical_parameters": {
        "fiber_diameter": 0.03045819397993311,
        "blade_distance": 0.3006688963210702,
        "elliptical_fiber_ratio": 1.0,
        "ratio_droplet_embedded_length": 1.3365886287625417,
        "droplet_diameter": 0.11560869565217392,
        "contact_angle": 15.266889632107024,
        "fiber_rotation": 30.702341137123742
    },
    "mechanical_parameters": {
        "interface_friction": 0.0,
        "tI": 1,
        "tII,tIII": 1.3,
        "GI": 0.01,
        "GII,GIII": 0.15,
        "blade_friction": 0.8
    }
}
