{
    "geometrical_parameters": {
        "fiber_diameter": 0.01751505016722408,
        "blade_distance": 0.47625418060200664,
        "elliptical_fiber_ratio": 1.5167224080267558,
        "ratio_droplet_embedded_length": 1.1888963210702341,
        "droplet_diameter": 0.13276588628762542,
        "contact_angle": 19.136454849498328,
        "fiber_rotation": 65.01672240802677
    },
    "mechanical_parameters": {
        "interface_friction": 0.0,
        "GI": 0.0015,
        "GII,GIII": 0.3,
        "tI=tII=tIII": 1.3,
        "blade_friction": 0.6
    }
}
