{
    "geometrical_parameters": {
        "fiber_diameter": 0.030698996655518396,
        "blade_distance": 0.44448160535117054,
        "elliptical_fiber_ratio": 2.0434782608695654,
        "ratio_droplet_embedded_length": 1.36,
        "droplet_diameter": 0.162,
        "contact_angle": 25.7,
        "fiber_rotation": 45
    },
    "mechanical_parameters": {
        "interface_friction": 0.0,
        "GI": 0.0015,
        "GII,GIII": 0.4033110367892977,
        "blade_friction": 0.0,
        "tI=tII=tIII": 1.1070234113712374
    }
}
