{
    "geometrical_parameters": {
        "fiber_diameter": 0.027681362725450902,
        "blade_distance": 0.3513827655310622,
        "elliptical_fiber_ratio": 1.4809619238476954,
        "ratio_droplet_embedded_length": 1.4440881763527054,
        "droplet_diameter": 0.21812024048096196,
        "contact_angle": 30.5438877755511,
        "fiber_rotation": 37.69539078156313
    },
    "mechanical_parameters": {
        "interface_friction": 0.0,
        "tI": 1,
        "tII,tIII": 1.3,
        "GI": 0.01,
        "GII,GIII": 0.15,
        "blade_friction": 0.6
    }
}
