{
    "geometrical_parameters": {
        "fiber_diameter": 0.02473913043478261,
        "blade_distance": 0.4722408026755853,
        "elliptical_fiber_ratio": 1.8561872909698995,
        "ratio_droplet_embedded_length": 1.3066220735785952,
        "droplet_diameter": 0.1752073578595318,
        "contact_angle": 23.779933110367892,
        "fiber_rotation": 0.3010033444816054
    },
    "mechanical_parameters": {
        "interface_friction": 0.0,
        "GI": 0.0015,
        "GII,GIII": 0.3,
        "tI=tII=tIII": 1.3,
        "blade_friction": 0.6
    }
}
