{
    "geometrical_parameters": {
        "fiber_diameter": 0.025401337792642142,
        "blade_distance": 0.23210702341137124,
        "elliptical_fiber_ratio": 1.5568561872909699,
        "ratio_droplet_embedded_length": 1.1760535117056856,
        "droplet_diameter": 0.15263210702341137,
        "contact_angle": 31.221404682274247,
        "fiber_rotation": 27.993311036789294
    },
    "mechanical_parameters": {
        "interface_friction": 0.0,
        "GI": 0.0015,
        "GII,GIII": 0.3,
        "tI=tII=tIII": 1.3,
        "blade_friction": 0.6
    }
}
