{
    "geometrical_parameters": {
        "fiber_diameter": 0.01751505016722408,
        "blade_distance": 0.242809364548495,
        "elliptical_fiber_ratio": 1.274247491638796,
        "ratio_droplet_embedded_length": 1.1974581939799331,
        "droplet_diameter": 0.12192976588628764,
        "contact_angle": 24.97056856187291,
        "fiber_rotation": 37.02341137123746
    },
    "mechanical_parameters": {
        "interface_friction": 0.0,
        "GI": 0.0015,
        "GII,GIII": 0.3,
        "tI=tII=tIII": 1.3,
        "blade_friction": 0.6
    }
}
