{
    "geometrical_parameters": {
        "fiber_diameter": 0.020394789579158315,
        "blade_distance": 0.583687374749499,
        "elliptical_fiber_ratio": 1.3727454909819639,
        "ratio_droplet_embedded_length": 1.3947094188376754,
        "droplet_diameter": 0.16969338677354712,
        "contact_angle": 26.72705410821643,
        "fiber_rotation": 17.675350701402806
    },
    "mechanical_parameters": {
        "interface_friction": 0.0,
        "tI": 1,
        "tII,tIII": 1.3,
        "GI": 0.01,
        "GII,GIII": 0.15,
        "blade_friction": 0.6
    }
}
