{
    "geometrical_parameters": {
        "fiber_diameter": 0.02919397993311037,
        "blade_distance": 0.168561872909699,
        "elliptical_fiber_ratio": 1.060200668896321,
        "ratio_droplet_embedded_length": 1.2905685618729097,
        "droplet_diameter": 0.21584280936454853,
        "contact_angle": 16.45752508361204,
        "fiber_rotation": 31.605351170568557
    },
    "mechanical_parameters": {
        "interface_friction": 0.0,
        "tI": 1,
        "tII,tIII": 1.3,
        "GI": 0.01,
        "GII,GIII": 0.15,
        "blade_friction": 0.8
    }
}
