{
    "geometrical_parameters": {
        "fiber_diameter": 0.021,
        "blade_distance": 0.15,
        "elliptical_fiber_ratio": 1.0,
        "ratio_droplet_embedded_length": 1.36,
        "droplet_diameter": 0.162,
        "contact_angle": 25.7,
        "fiber_rotation": 0
    },
    "mechanical_parameters": {
        "interface_friction": 0.5003344481605352,
        "GI": 0.061923076923076935,
        "GII,GIII": 0.09849498327759197,
        "tI=tII=tIII": 1.7591973244147157,
        "blade_friction": 0.16588628762541804
    }
}
