{
    "geometrical_parameters": {
        "fiber_diameter": 0.021,
        "blade_distance": 0.15,
        "elliptical_fiber_ratio": 1.0,
        "ratio_droplet_embedded_length": 1.36,
        "droplet_diameter": 0.162,
        "contact_angle": 25.7,
        "fiber_rotation": 0
    },
    "mechanical_parameters": {
        "interface_friction": 0.16588628762541804,
        "tI": 0.1234113712374582,
        "tII,tIII": 0.725752508361204,
        "GI": 0.016561872909699,
        "GII,GIII": 0.0657190635451505,
        "blade_friction": 0.47357859531772584
    }
}
