{
    "geometrical_parameters": {
        "fiber_diameter": 0.01932107023411371,
        "blade_distance": 0.4712374581939799,
        "elliptical_fiber_ratio": 2.1438127090301005,
        "ratio_droplet_embedded_length": 1.3194648829431437,
        "droplet_diameter": 0.1995886287625418,
        "contact_angle": 29.67357859531772,
        "fiber_rotation": 71.03678929765887
    },
    "mechanical_parameters": {
        "interface_friction": 0.0,
        "tI": 1,
        "tII,tIII": 1.3,
        "GI": 0.01,
        "GII,GIII": 0.15,
        "blade_friction": 0.8
    }
}
