{
    "geometrical_parameters": {
        "fiber_diameter": 0.030638795986622072,
        "blade_distance": 0.6735785953177257,
        "elliptical_fiber_ratio": 1.354515050167224,
        "ratio_droplet_embedded_length": 1.2424080267558528,
        "droplet_diameter": 0.11876923076923078,
        "contact_angle": 16.695652173913043,
        "fiber_rotation": 9.632107023411372
    },
    "mechanical_parameters": {
        "interface_friction": 0.0,
        "GI": 0.0015,
        "GII,GIII": 0.3,
        "tI=tII=tIII": 1.3,
        "blade_friction": 0.6
    }
}
