{
    "geometrical_parameters": {
        "fiber_diameter": 0.023234113712374584,
        "blade_distance": 0.34414715719063543,
        "elliptical_fiber_ratio": 1.0953177257525084,
        "ratio_droplet_embedded_length": 1.377257525083612,
        "droplet_diameter": 0.14585953177257527,
        "contact_angle": 20.8628762541806,
        "fiber_rotation": 81.57190635451505
    },
    "mechanical_parameters": {
        "interface_friction": 0.0,
        "tI": 1,
        "tII,tIII": 1.3,
        "GI": 0.01,
        "GII,GIII": 0.15,
        "blade_friction": 0.8
    }
}
