{
    "geometrical_parameters": {
        "fiber_diameter": 0.031,
        "blade_distance": 0.14347826086956522,
        "elliptical_fiber_ratio": 1.5668896321070234,
        "ratio_droplet_embedded_length": 1.1878260869565216,
        "droplet_diameter": 0.2212608695652174,
        "contact_angle": 14.671571906354515,
        "fiber_rotation": 57.792642140468224
    },
    "mechanical_parameters": {
        "interface_friction": 0.0,
        "GI": 0.0015,
        "GII,GIII": 0.3,
        "tI=tII=tIII": 1.3,
        "blade_friction": 0.6
    }
}
