{
    "geometrical_parameters": {
        "fiber_diameter": 0.021,
        "blade_distance": 0.15,
        "elliptical_fiber_ratio": 1.0,
        "ratio_droplet_embedded_length": 1.36,
        "droplet_diameter": 0.162,
        "contact_angle": 25.7,
        "fiber_rotation": 0
    },
    "mechanical_parameters": {
        "interface_friction": 0.7491638795986623,
        "GI": 0.055963210702341136,
        "GII,GIII": 0.22468227424749165,
        "tI=tII=tIII": 0.971571906354515,
        "blade_friction": 0.3531772575250836
    }
}
