{
    "geometrical_parameters": {
        "fiber_diameter": 0.018719063545150502,
        "blade_distance": 0.7110367892976589,
        "elliptical_fiber_ratio": 2.1839464882943145,
        "ratio_droplet_embedded_length": 1.1621404682274246,
        "droplet_diameter": 0.18333444816053512,
        "contact_angle": 20.386622073578593,
        "fiber_rotation": 41.23745819397993
    },
    "mechanical_parameters": {
        "interface_friction": 0.0,
        "GI": 0.0015,
        "GII,GIII": 0.3,
        "tI=tII=tIII": 1.3,
        "blade_friction": 0.6
    }
}
