{
    "geometrical_parameters": {
        "fiber_diameter": 0.019381270903010034,
        "blade_distance": 0.551505016722408,
        "elliptical_fiber_ratio": 1.8829431438127089,
        "ratio_droplet_embedded_length": 1.317324414715719,
        "droplet_diameter": 0.11741471571906355,
        "contact_angle": 29.911705685618728,
        "fiber_rotation": 21.672240802675585
    },
    "mechanical_parameters": {
        "interface_friction": 0.0,
        "GI": 0.0015,
        "GII,GIII": 0.3,
        "tI=tII=tIII": 1.3,
        "blade_friction": 0.6
    }
}
