{
    "geometrical_parameters": {
        "fiber_diameter": 0.02025050100200401,
        "blade_distance": 0.13702612729711403,
        "elliptical_fiber_ratio": 2.6312625250501,
        "ratio_droplet_embedded_length": 1.3850901803607214,
        "droplet_diameter": 0.2216372745490982,
        "contact_angle": 28.439278557114225,
        "fiber_rotation": 62.94589178356713
    },
    "mechanical_parameters": {
        "interface_friction": 0.06893787575150301,
        "GI": 0.019450901803607215,
        "GII,GIII": 0.26791583166332666,
        "tI=tII=tIII": 0.8306613226452906,
        "blade_friction": 0.3959919839679359
    }
}
