{
    "geometrical_parameters": {
        "fiber_diameter": 0.02046693386773547,
        "elliptical_fiber_ratio": 1.0,
        "blade_distance": 0.27735470941883766,
        "ratio_droplet_embedded_length": 1.36,
        "droplet_diameter": 0.22785971943887776,
        "contact_angle": 25.7,
        "fiber_rotation": 0
    },
    "mechanical_parameters": {
        "interface_friction": 0.0,
        "GI": 0.0015,
        "GII,GIII": 0.10034068136272543,
        "blade_friction": 0.0,
        "tI=tII=tIII": 0.9509018036072143
    }
}
