{
    "geometrical_parameters": {
        "fiber_diameter": 0.01718181818181818,
        "blade_distance": 0.09675460887282397,
        "elliptical_fiber_ratio": 1.3434343434343434,
        "ratio_droplet_embedded_length": 1.2537373737373736,
        "droplet_diameter": 0.20436363636363636,
        "contact_angle": 22.949494949494948,
        "fiber_rotation": 27.272727272727273
    },
    "mechanical_parameters": {
        "interface_friction": 0.0,
        "GI": 0.0015,
        "GII,GIII": 0.3,
        "tI=tII=tIII": 1.3,
        "blade_friction": 0.6
    }
}
