{
    "geometrical_parameters": {
        "fiber_diameter": 0.015769230769230768,
        "blade_distance": 0.29565217391304344,
        "elliptical_fiber_ratio": 1.2006688963210703,
        "ratio_droplet_embedded_length": 1.36,
        "droplet_diameter": 0.162,
        "contact_angle": 25.7,
        "fiber_rotation": 45
    },
    "mechanical_parameters": {
        "interface_friction": 0.0,
        "GI": 0.0015,
        "GII,GIII": 0.10177257525083612,
        "blade_friction": 0.0,
        "tI=tII=tIII": 1.192307692307692
    }
}
