{
    "geometrical_parameters": {
        "fiber_diameter": 0.019561872909698998,
        "blade_distance": 0.511371237458194,
        "elliptical_fiber_ratio": 2.168896321070234,
        "ratio_droplet_embedded_length": 1.36,
        "droplet_diameter": 0.162,
        "contact_angle": 25.7,
        "fiber_rotation": 0
    },
    "mechanical_parameters": {
        "interface_friction": 0.0,
        "GI": 0.0015,
        "GII,GIII": 0.36561872909699,
        "blade_friction": 0.0,
        "tI=tII=tIII": 1.8244147157190636
    }
}
