{
    "geometrical_parameters": {
        "fiber_diameter": 0.02665829145728643,
        "blade_distance": 0.7306532663316585,
        "elliptical_fiber_ratio": 2.698492462311558,
        "ratio_droplet_embedded_length": 1.227537688442211,
        "droplet_diameter": 0.1258140703517588,
        "contact_angle": 18.519597989949748,
        "fiber_rotation": 56.08040201005025
    },
    "mechanical_parameters": {
        "interface_friction": 0.0,
        "GI": 0.0015,
        "GII,GIII": 0.3,
        "tI=tII=tIII": 1.3,
        "blade_friction": 0.6
    }
}
