{
    "geometrical_parameters": {
        "fiber_diameter": 0.021,
        "blade_distance": 0.15,
        "elliptical_fiber_ratio": 1.0,
        "ratio_droplet_embedded_length": 1.36,
        "droplet_diameter": 0.162,
        "contact_angle": 25.7,
        "fiber_rotation": 0
    },
    "mechanical_parameters": {
        "interface_friction": 0.18193979933110369,
        "GI": 0.07152508361204014,
        "GII,GIII": 0.04933110367892977,
        "tI=tII=tIII": 0.7207357859531772,
        "blade_friction": 0.053511705685618735
    }
}
