{
    "geometrical_parameters": {
        "fiber_diameter": 0.021,
        "blade_distance": 0.15,
        "elliptical_fiber_ratio": 1.0,
        "ratio_droplet_embedded_length": 1.36,
        "droplet_diameter": 0.162,
        "contact_angle": 25.7,
        "fiber_rotation": 0
    },
    "mechanical_parameters": {
        "interface_friction": 0.6234113712374583,
        "GI": 0.0768227424749164,
        "GII,GIII": 0.0903010033444816,
        "tI=tII=tIII": 1.6638795986622072,
        "blade_friction": 0.6367892976588629
    }
}
