{
    "geometrical_parameters": {
        "fiber_diameter": 0.021,
        "blade_distance": 0.15,
        "elliptical_fiber_ratio": 1.0,
        "ratio_droplet_embedded_length": 1.36,
        "droplet_diameter": 0.162,
        "contact_angle": 25.7,
        "fiber_rotation": 0
    },
    "mechanical_parameters": {
        "interface_friction": 0.3692307692307692,
        "GI": 0.08410702341137123,
        "GII,GIII": 0.23287625418060198,
        "tI=tII=tIII": 0.560200668896321,
        "blade_friction": 0.591304347826087
    }
}
