{
    "geometrical_parameters": {
        "fiber_diameter": 0.016792642140468227,
        "blade_distance": 0.7929765886287626,
        "elliptical_fiber_ratio": 2.3979933110367893,
        "ratio_droplet_embedded_length": 1.2841471571906353,
        "droplet_diameter": 0.20861872909698997,
        "contact_angle": 18.898327759197322,
        "fiber_rotation": 63.812709030100336
    },
    "mechanical_parameters": {
        "interface_friction": 0.0,
        "GI": 0.0015,
        "GII,GIII": 0.3,
        "tI=tII=tIII": 1.3,
        "blade_friction": 0.6
    }
}
