{
    "geometrical_parameters": {
        "fiber_diameter": 0.029494983277591973,
        "blade_distance": 0.11839464882943145,
        "elliptical_fiber_ratio": 1.120401337792642,
        "ratio_droplet_embedded_length": 1.36,
        "droplet_diameter": 0.162,
        "contact_angle": 25.7,
        "fiber_rotation": 0
    },
    "mechanical_parameters": {
        "interface_friction": 0.0,
        "GI": 0.0015,
        "GII,GIII": 0.21976588628762542,
        "blade_friction": 0.0,
        "tI=tII=tIII": 1.9046822742474916
    }
}
