{
    "geometrical_parameters": {
        "fiber_diameter": 0.024919732441471575,
        "blade_distance": 0.15183946488294314,
        "elliptical_fiber_ratio": 2.1438127090301005,
        "ratio_droplet_embedded_length": 1.36,
        "droplet_diameter": 0.162,
        "contact_angle": 25.7,
        "fiber_rotation": 45
    },
    "mechanical_parameters": {
        "interface_friction": 0.0,
        "GI": 0.0015,
        "GII,GIII": 0.3148160535117057,
        "blade_friction": 0.0,
        "tI=tII=tIII": 1.1270903010033444
    }
}
