{
    "geometrical_parameters": {
        "fiber_diameter": 0.0155250501002004,
        "blade_distance": 0.5208416833667335,
        "elliptical_fiber_ratio": 2.3887775551102206,
        "ratio_droplet_embedded_length": 1.2440080160320641,
        "droplet_diameter": 0.10205811623246494,
        "contact_angle": 19.093386773547092,
        "fiber_rotation": 80.26052104208416
    },
    "mechanical_parameters": {
        "interface_friction": 0.0,
        "tI": 1,
        "tII,tIII": 1.3,
        "GI": 0.01,
        "GII,GIII": 0.15,
        "blade_friction": 0.6
    }
}
