{
    "geometrical_parameters": {
        "fiber_diameter": 0.02479933110367893,
        "blade_distance": 0.46622073578595313,
        "elliptical_fiber_ratio": 1.9732441471571907,
        "ratio_droplet_embedded_length": 1.3312374581939799,
        "droplet_diameter": 0.19101003344481604,
        "contact_angle": 13.6,
        "fiber_rotation": 33.71237458193979
    },
    "mechanical_parameters": {
        "interface_friction": 0.0,
        "tI": 1,
        "tII,tIII": 1.3,
        "GI": 0.01,
        "GII,GIII": 0.15,
        "blade_friction": 0.8
    }
}
