{
    "geometrical_parameters": {
        "fiber_diameter": 0.02251170568561873,
        "blade_distance": 0.36755852842809367,
        "elliptical_fiber_ratio": 1.7474916387959865,
        "ratio_droplet_embedded_length": 1.2552508361204013,
        "droplet_diameter": 0.22306688963210702,
        "contact_angle": 29.078260869565213,
        "fiber_rotation": 27.391304347826082
    },
    "mechanical_parameters": {
        "interface_friction": 0.0,
        "tI": 1,
        "tII,tIII": 1.3,
        "GI": 0.01,
        "GII,GIII": 0.15,
        "blade_friction": 0.8
    }
}
