{
    "geometrical_parameters": {
        "fiber_diameter": 0.028078156312625252,
        "blade_distance": 0.47775551102204405,
        "elliptical_fiber_ratio": 2.1452905811623246,
        "ratio_droplet_embedded_length": 1.40625250501002,
        "droplet_diameter": 0.19674749498997995,
        "contact_angle": 22.517835671342684,
        "fiber_rotation": 8.657314629258517
    },
    "mechanical_parameters": {
        "interface_friction": 0.0,
        "tI": 1,
        "tII,tIII": 1.3,
        "GI": 0.015,
        "GII,GIII": 0.1,
        "blade_friction": 0.6
    }
}
