{
    "geometrical_parameters": {
        "fiber_diameter": 0.022454545454545456,
        "blade_distance": 0.10948443795465915,
        "elliptical_fiber_ratio": 1.8282828282828283,
        "ratio_droplet_embedded_length": 1.2892929292929292,
        "droplet_diameter": 0.113,
        "contact_angle": 28.16363636363636,
        "fiber_rotation": 70.9090909090909
    },
    "mechanical_parameters": {
        "interface_friction": 0.0,
        "GI": 0.015,
        "GII,GIII": 0.3,
        "tI=tII=tIII": 1.3,
        "blade_friction": 0.6
    }
}
