{
    "geometrical_parameters": {
        "fiber_diameter": 0.023713426853707413,
        "blade_distance": 0.3985170340681363,
        "elliptical_fiber_ratio": 1.4959919839679359,
        "ratio_droplet_embedded_length": 1.3318637274549099,
        "droplet_diameter": 0.17645691382765533,
        "contact_angle": 24.479759519038076,
        "fiber_rotation": 12.985971943887774
    },
    "mechanical_parameters": {
        "interface_friction": 0.0,
        "tI": 1,
        "tII,tIII": 1.3,
        "GI": 0.01,
        "GII,GIII": 0.15,
        "blade_friction": 0.6
    }
}
