{
    "geometrical_parameters": {
        "fiber_diameter": 0.021,
        "blade_distance": 0.042,
        "elliptical_fiber_ratio": 1.0,
        "ratio_droplet_embedded_length": 1.36,
        "droplet_diameter": 0.162,
        "contact_angle": 25.7,
        "fiber_rotation": 0
    },
    "mechanical_parameters": {
        "interface_friction": 0.6207357859531772,
        "GI": 0.06655852842809365,
        "GII,GIII": 0.2509030100334448,
        "tI=tII=tIII": 0.9013377926421404,
        "blade_friction": 0.34782608695652173
    }
}
