{
    "geometrical_parameters": {
        "fiber_diameter": 0.022198396793587174,
        "elliptical_fiber_ratio": 1.0,
        "blade_distance": 0.2442885771543086,
        "ratio_droplet_embedded_length": 1.36,
        "droplet_diameter": 0.22271943887775553,
        "contact_angle": 25.7,
        "fiber_rotation": 0
    },
    "mechanical_parameters": {
        "interface_friction": 0.0,
        "GI": 0.0015,
        "GII,GIII": 0.30851703406813624,
        "blade_friction": 0.0,
        "tI=tII=tIII": 0.5180360721442886
    }
}
