{
    "geometrical_parameters": {
        "fiber_diameter": 0.021,
        "blade_distance": 0.15,
        "elliptical_fiber_ratio": 1.0,
        "ratio_droplet_embedded_length": 1.36,
        "droplet_diameter": 0.162,
        "contact_angle": 25.7,
        "fiber_rotation": 0
    },
    "mechanical_parameters": {
        "interface_friction": 0.5083612040133779,
        "GI": 0.003648829431438127,
        "GII,GIII": 0.4508361204013378,
        "tI=tII=tIII": 1.9448160535117058,
        "blade_friction": 0.27290969899665546
    }
}
