{
    "geometrical_parameters": {
        "fiber_diameter": 0.026123745819397994,
        "blade_distance": 0.20769230769230773,
        "elliptical_fiber_ratio": 1.120401337792642,
        "ratio_droplet_embedded_length": 1.4189966555183946,
        "droplet_diameter": 0.14721404682274247,
        "contact_angle": 28.18528428093645,
        "fiber_rotation": 47.25752508361204
    },
    "mechanical_parameters": {
        "interface_friction": 0.0,
        "GI": 0.0015,
        "GII,GIII": 0.3,
        "tI=tII=tIII": 1.3,
        "blade_friction": 0.6
    }
}
