{
    "geometrical_parameters": {
        "fiber_diameter": 0.019561872909698998,
        "blade_distance": 0.3759197324414716,
        "elliptical_fiber_ratio": 1.7123745819397993,
        "ratio_droplet_embedded_length": 1.1974581939799331,
        "droplet_diameter": 0.22487290969899665,
        "contact_angle": 21.75585284280936,
        "fiber_rotation": 38.52842809364548
    },
    "mechanical_parameters": {
        "interface_friction": 0.0,
        "tI": 1,
        "tII,tIII": 1.3,
        "GI": 0.01,
        "GII,GIII": 0.15,
        "blade_friction": 0.8
    }
}
