{
    "geometrical_parameters": {
        "fiber_diameter": 0.02293311036789298,
        "blade_distance": 0.32709030100334446,
        "elliptical_fiber_ratio": 2.6120401337792645,
        "ratio_droplet_embedded_length": 1.1910367892976588,
        "droplet_diameter": 0.15218060200668898,
        "contact_angle": 23.06555183946488,
        "fiber_rotation": 30.40133779264214
    },
    "mechanical_parameters": {
        "interface_friction": 0.0,
        "GI": 0.0015,
        "GII,GIII": 0.3,
        "tI=tII=tIII": 1.3,
        "blade_friction": 0.6
    }
}
