{
    "geometrical_parameters": {
        "fiber_diameter": 0.021,
        "blade_distance": 0.15,
        "elliptical_fiber_ratio": 1.0,
        "ratio_droplet_embedded_length": 1.36,
        "droplet_diameter": 0.162,
        "contact_angle": 25.7,
        "fiber_rotation": 0
    },
    "mechanical_parameters": {
        "interface_friction": 0.3612040133779264,
        "tI": 0.38561872909699,
        "tII,tIII": 1.5535117056856187,
        "GI": 0.049010033444816054,
        "GII,GIII": 0.2902341137123746,
        "blade_friction": 0.20066889632107024
    }
}
