{
    "geometrical_parameters": {
        "fiber_diameter": 0.030454545454545456,
        "blade_distance_ratio_to_fiber_diameter": 2.9545454545454546,
        "elliptical_fiber_ratio": 2.97979797979798,
        "ratio_droplet_embedded_length": 1.3668686868686868,
        "droplet_diameter": 0.20981818181818185,
        "contact_angle": 17.735353535353536,
        "fiber_rotation": 33.63636363636363
    },
    "mechanical_parameters": {
        "interface_friction": 0.0,
        "GI": 0.015,
        "GII,GIII": 0.3,
        "tI=tII=tIII": 1.3,
        "blade_friction": 0.6
    }
}
