{
    "geometrical_parameters": {
        "fiber_diameter": 0.02790909090909091,
        "blade_distance": 0.16911223236442582,
        "elliptical_fiber_ratio": 1.303030303030303,
        "ratio_droplet_embedded_length": 1.3054545454545454,
        "droplet_diameter": 0.2111818181818182,
        "contact_angle": 21.15151515151515,
        "fiber_rotation": 14.545454545454547
    },
    "mechanical_parameters": {
        "interface_friction": 0.0,
        "GI": 0.015,
        "GII,GIII": 0.3,
        "tI=tII=tIII": 1.3,
        "blade_friction": 0.6
    }
}
