{
    "geometrical_parameters": {
        "fiber_diameter": 0.0229559118236473,
        "elliptical_fiber_ratio": 1.0,
        "blade_distance": 0.5028056112224449,
        "ratio_droplet_embedded_length": 1.36,
        "droplet_diameter": 0.157248496993988,
        "contact_angle": 25.7,
        "fiber_rotation": 0
    },
    "mechanical_parameters": {
        "interface_friction": 0.0,
        "GI": 0.0015,
        "GII,GIII": 0.18577154308617236,
        "blade_friction": 0.0,
        "tI=tII=tIII": 1.7324649298597194
    }
}
