{
    "geometrical_parameters": {
        "fiber_diameter": 0.021,
        "blade_distance": 0.15,
        "elliptical_fiber_ratio": 1.0,
        "ratio_droplet_embedded_length": 1.36,
        "droplet_diameter": 0.162,
        "contact_angle": 25.7,
        "fiber_rotation": 0
    },
    "mechanical_parameters": {
        "interface_friction": 0.34247491638795985,
        "GI": 0.05695652173913044,
        "GII,GIII": 0.09521739130434782,
        "tI=tII=tIII": 1.4230769230769234,
        "blade_friction": 0.5779264214046823
    }
}
