{
    "geometrical_parameters": {
        "fiber_diameter": 0.02774916387959866,
        "blade_distance": 0.47792642140468233,
        "elliptical_fiber_ratio": 1.7876254180602005,
        "ratio_droplet_embedded_length": 1.36,
        "droplet_diameter": 0.162,
        "contact_angle": 25.7,
        "fiber_rotation": 45
    },
    "mechanical_parameters": {
        "interface_friction": 0.0,
        "GI": 0.0015,
        "GII,GIII": 0.03949832775919732,
        "blade_friction": 0.0,
        "tI=tII=tIII": 1.7491638795986624
    }
}
