{
    "geometrical_parameters": {
        "fiber_diameter": 0.021,
        "blade_distance": 0.15,
        "elliptical_fiber_ratio": 1.0,
        "ratio_droplet_embedded_length": 1.36,
        "droplet_diameter": 0.162,
        "contact_angle": 25.7,
        "fiber_rotation": 0
    },
    "mechanical_parameters": {
        "interface_friction": 0.4013377926421404,
        "GI": 0.00828428093645485,
        "GII,GIII": 0.18043478260869564,
        "tI=tII=tIII": 0.5501672240802675,
        "blade_friction": 0.6180602006688964
    }
}
