{
    "geometrical_parameters": {
        "fiber_diameter": 0.01960120240480962,
        "elliptical_fiber_ratio": 1.0,
        "blade_distance": 0.43066132264529056,
        "ratio_droplet_embedded_length": 1.36,
        "droplet_diameter": 0.10692785571142285,
        "contact_angle": 25.7,
        "fiber_rotation": 0
    },
    "mechanical_parameters": {
        "interface_friction": 0.0,
        "GI": 0.0015,
        "GII,GIII": 0.13470941883767534,
        "blade_friction": 0.0,
        "tI=tII=tIII": 1.843687374749499
    }
}
