{
    "geometrical_parameters": {
        "fiber_diameter": 0.017936454849498327,
        "blade_distance": 0.44280936454849495,
        "elliptical_fiber_ratio": 2.4297658862876252,
        "ratio_droplet_embedded_length": 1.36,
        "droplet_diameter": 0.162,
        "contact_angle": 25.7,
        "fiber_rotation": 45
    },
    "mechanical_parameters": {
        "interface_friction": 0.0,
        "GI": 0.0015,
        "GII,GIII": 0.2918729096989967,
        "blade_friction": 0.0,
        "tI=tII=tIII": 0.5501672240802675
    }
}
