{
    "geometrical_parameters": {
        "fiber_diameter": 0.024615230460921844,
        "blade_distance": 0.4356713426853708,
        "elliptical_fiber_ratio": 1.6643286573146292,
        "ratio_droplet_embedded_length": 1.2914629258517034,
        "droplet_diameter": 0.12397194388777555,
        "contact_angle": 19.557114228456914,
        "fiber_rotation": 86.75350701402806
    },
    "mechanical_parameters": {
        "interface_friction": 0.0,
        "tI": 1,
        "tII,tIII": 1.3,
        "GI": 0.015,
        "GII,GIII": 0.1,
        "blade_friction": 0.6
    }
}
