{
    "geometrical_parameters": {
        "fiber_diameter": 0.02485953177257525,
        "blade_distance": 0.5581939799331104,
        "elliptical_fiber_ratio": 1.2959866220735785,
        "ratio_droplet_embedded_length": 1.36,
        "droplet_diameter": 0.162,
        "contact_angle": 25.7,
        "fiber_rotation": 45
    },
    "mechanical_parameters": {
        "interface_friction": 0.0,
        "GI": 0.0015,
        "GII,GIII": 0.018193979933110366,
        "blade_friction": 0.0,
        "tI=tII=tIII": 1.508361204013378
    }
}
