{
    "geometrical_parameters": {
        "fiber_diameter": 0.020827655310621244,
        "blade_distance": 0.18917835671342687,
        "elliptical_fiber_ratio": 1.6703406813627255,
        "ratio_droplet_embedded_length": 1.1907815631262524,
        "droplet_diameter": 0.11612625250501002,
        "contact_angle": 27.297795591182364,
        "fiber_rotation": 38.95791583166333
    },
    "mechanical_parameters": {
        "interface_friction": 0.0,
        "tI": 1,
        "tII,tIII": 1.3,
        "GI": 0.015,
        "GII,GIII": 0.1,
        "blade_friction": 0.6
    }
}
