{
    "geometrical_parameters": {
        "fiber_diameter": 0.028438877755511023,
        "elliptical_fiber_ratio": 1.0,
        "blade_distance": 0.5569138276553106,
        "ratio_droplet_embedded_length": 1.36,
        "droplet_diameter": 0.2205551102204409,
        "contact_angle": 25.7,
        "fiber_rotation": 0
    },
    "mechanical_parameters": {
        "interface_friction": 0.0,
        "GI": 0.0015,
        "GII,GIII": 0.29967935871743484,
        "blade_friction": 0.0,
        "tI=tII=tIII": 1.5190380761523048
    }
}
