{
    "geometrical_parameters": {
        "fiber_diameter": 0.016636363636363637,
        "blade_distance": 0.11793944854508334,
        "elliptical_fiber_ratio": 2.595959595959596,
        "ratio_droplet_embedded_length": 1.4444444444444444,
        "droplet_diameter": 0.12118181818181818,
        "contact_angle": 18.634343434343435,
        "fiber_rotation": 23.63636363636364
    },
    "mechanical_parameters": {
        "interface_friction": 0.0,
        "GI": 0.015,
        "GII,GIII": 0.3,
        "tI=tII=tIII": 1.3,
        "blade_friction": 0.6
    }
}
