{
    "geometrical_parameters": {
        "fiber_diameter": 0.031,
        "blade_distance": 0.11839464882943145,
        "elliptical_fiber_ratio": 1.0501672240802675,
        "ratio_droplet_embedded_length": 1.2531103678929765,
        "droplet_diameter": 0.1034180602006689,
        "contact_angle": 16.993311036789297,
        "fiber_rotation": 54.18060200668897
    },
    "mechanical_parameters": {
        "interface_friction": 0.0,
        "tI": 1,
        "tII,tIII": 1.3,
        "GI": 0.01,
        "GII,GIII": 0.15,
        "blade_friction": 0.8
    }
}
