{
    "geometrical_parameters": {
        "fiber_diameter": 0.01808617234468938,
        "blade_distance": 0.5331863727454911,
        "elliptical_fiber_ratio": 2.3196392785571143,
        "ratio_droplet_embedded_length": 1.4248496993987976,
        "droplet_diameter": 0.22785971943887776,
        "contact_angle": 27.654509018036073,
        "fiber_rotation": 40.94188376753507
    },
    "mechanical_parameters": {
        "interface_friction": 0.0,
        "tI": 1,
        "tII,tIII": 1.3,
        "GI": 0.01,
        "GII,GIII": 0.15,
        "blade_friction": 0.6
    }
}
