{
    "geometrical_parameters": {
        "fiber_diameter": 0.02774916387959866,
        "blade_distance": 0.2872909698996655,
        "elliptical_fiber_ratio": 1.7374581939799332,
        "ratio_droplet_embedded_length": 1.3836789297658862,
        "droplet_diameter": 0.12734782608695652,
        "contact_angle": 26.399331103678925,
        "fiber_rotation": 61.10367892976589
    },
    "mechanical_parameters": {
        "interface_friction": 0.0,
        "tI": 1,
        "tII,tIII": 1.3,
        "GI": 0.01,
        "GII,GIII": 0.15,
        "blade_friction": 0.8
    }
}
