{
    "geometrical_parameters": {
        "fiber_diameter": 0.02105025125628141,
        "blade_distance": 0.591959798994975,
        "elliptical_fiber_ratio": 1.814070351758794,
        "ratio_droplet_embedded_length": 1.354572864321608,
        "droplet_diameter": 0.17262311557788945,
        "contact_angle": 18.34070351758794,
        "fiber_rotation": 87.73869346733667
    },
    "mechanical_parameters": {
        "interface_friction": 0.0,
        "GI": 0.0015,
        "GII,GIII": 0.3,
        "tI=tII=tIII": 1.3,
        "blade_friction": 0.6
    }
}
