{
    "geometrical_parameters": {
        "fiber_diameter": 0.021,
        "blade_distance": 0.042,
        "elliptical_fiber_ratio": 1.0,
        "ratio_droplet_embedded_length": 1.36,
        "droplet_diameter": 0.162,
        "contact_angle": 25.7,
        "fiber_rotation": 0
    },
    "mechanical_parameters": {
        "interface_friction": 0.3451505016722408,
        "GI": 0.07384280936454851,
        "GII,GIII": 0.27712374581939797,
        "tI=tII=tIII": 1.1371237458193981,
        "blade_friction": 0.31571906354515045
    }
}
