{
    "geometrical_parameters": {
        "fiber_diameter": 0.01844689378757515,
        "elliptical_fiber_ratio": 1.0,
        "blade_distance": 0.26032064128256516,
        "ratio_droplet_embedded_length": 1.36,
        "droplet_diameter": 0.19810020040080162,
        "contact_angle": 25.7,
        "fiber_rotation": 0
    },
    "mechanical_parameters": {
        "interface_friction": 0.0,
        "GI": 0.0015,
        "GII,GIII": 0.06498997995991984,
        "blade_friction": 0.0,
        "tI=tII=tIII": 1.657314629258517
    }
}
