{
    "geometrical_parameters": {
        "fiber_diameter": 0.026665551839464882,
        "blade_distance": 0.1702341137123746,
        "elliptical_fiber_ratio": 2.5,
        "ratio_droplet_embedded_length": 1.437190635451505,
        "droplet_diameter": 0.20500668896321073,
        "contact_angle": 17.41003344481605,
        "fiber_rotation": 9.331103678929766
    },
    "mechanical_parameters": {
        "interface_friction": 0.0,
        "tI": 1,
        "tII,tIII": 1.3,
        "GI": 0.01,
        "GII,GIII": 0.15,
        "blade_friction": 0.8
    }
}
