{
    "geometrical_parameters": {
        "fiber_diameter": 0.022331103678929768,
        "blade_distance": 0.47625418060200664,
        "elliptical_fiber_ratio": 1.0903010033444815,
        "ratio_droplet_embedded_length": 1.36,
        "droplet_diameter": 0.162,
        "contact_angle": 25.7,
        "fiber_rotation": 45
    },
    "mechanical_parameters": {
        "interface_friction": 0.0,
        "GI": 0.0015,
        "GII,GIII": 0.07063545150501672,
        "blade_friction": 0.0,
        "tI=tII=tIII": 1.2374581939799332
    }
}
