{
    "geometrical_parameters": {
        "fiber_diameter": 0.014384615384615385,
        "blade_distance": 0.5147157190635452,
        "elliptical_fiber_ratio": 2.454849498327759,
        "ratio_droplet_embedded_length": 1.36,
        "droplet_diameter": 0.162,
        "contact_angle": 25.7,
        "fiber_rotation": 0
    },
    "mechanical_parameters": {
        "interface_friction": 0.0,
        "GI": 0.0015,
        "GII,GIII": 0.26729096989966555,
        "blade_friction": 0.0,
        "tI=tII=tIII": 0.9866220735785953
    }
}
