{
    "geometrical_parameters": {
        "fiber_diameter": 0.02305351170568562,
        "blade_distance": 0.20200668896321072,
        "elliptical_fiber_ratio": 2.058528428093646,
        "ratio_droplet_embedded_length": 1.36,
        "droplet_diameter": 0.162,
        "contact_angle": 25.7,
        "fiber_rotation": 45
    },
    "mechanical_parameters": {
        "interface_friction": 0.0,
        "GI": 0.0015,
        "GII,GIII": 0.11979933110367891,
        "blade_friction": 0.0,
        "tI=tII=tIII": 0.6103678929765887
    }
}
