{
    "geometrical_parameters": {
        "fiber_diameter": 0.013602006688963211,
        "blade_distance": 0.19866220735785955,
        "elliptical_fiber_ratio": 1.752508361204013,
        "ratio_droplet_embedded_length": 1.1985284280936455,
        "droplet_diameter": 0.11922073578595319,
        "contact_angle": 16.63612040133779,
        "fiber_rotation": 63.21070234113713
    },
    "mechanical_parameters": {
        "interface_friction": 0.0,
        "GI": 0.0015,
        "GII,GIII": 0.3,
        "tI=tII=tIII": 1.3,
        "blade_friction": 0.6
    }
}
