{
    "geometrical_parameters": {
        "fiber_diameter": 0.03045819397993311,
        "blade_distance": 0.5448160535117057,
        "elliptical_fiber_ratio": 1.8026755852842808,
        "ratio_droplet_embedded_length": 1.36,
        "droplet_diameter": 0.162,
        "contact_angle": 25.7,
        "fiber_rotation": 45
    },
    "mechanical_parameters": {
        "interface_friction": 0.0,
        "GI": 0.0015,
        "GII,GIII": 0.21976588628762542,
        "blade_friction": 0.0,
        "tI=tII=tIII": 1.1220735785953178
    }
}
