{
    "geometrical_parameters": {
        "fiber_diameter": 0.013722408026755853,
        "blade_distance": 0.43277591973244145,
        "elliptical_fiber_ratio": 2.1739130434782608,
        "ratio_droplet_embedded_length": 1.36,
        "droplet_diameter": 0.162,
        "contact_angle": 25.7,
        "fiber_rotation": 0
    },
    "mechanical_parameters": {
        "interface_friction": 0.0,
        "GI": 0.0015,
        "GII,GIII": 0.0722742474916388,
        "blade_friction": 0.0,
        "tI=tII=tIII": 1.2876254180602005
    }
}
