{
    "geometrical_parameters": {
        "fiber_diameter": 0.016070234113712376,
        "blade_distance": 0.10702341137123747,
        "elliptical_fiber_ratio": 2.6989966555183944,
        "ratio_droplet_embedded_length": 1.3612040133779264,
        "droplet_diameter": 0.11425418060200669,
        "contact_angle": 24.3752508361204,
        "fiber_rotation": 57.491638795986624
    },
    "mechanical_parameters": {
        "interface_friction": 0.0,
        "GI": 0.0015,
        "GII,GIII": 0.3,
        "tI=tII=tIII": 1.3,
        "blade_friction": 0.6
    }
}
