{
    "geometrical_parameters": {
        "fiber_diameter": 0.021066889632107025,
        "blade_distance": 0.3224080267558528,
        "elliptical_fiber_ratio": 1.2558528428093645,
        "ratio_droplet_embedded_length": 1.36,
        "droplet_diameter": 0.162,
        "contact_angle": 25.7,
        "fiber_rotation": 0
    },
    "mechanical_parameters": {
        "interface_friction": 0.0,
        "GI": 0.0015,
        "GII,GIII": 0.4983612040133779,
        "blade_friction": 0.0,
        "tI=tII=tIII": 1.2374581939799332
    }
}
