{
    "geometrical_parameters": {
        "fiber_diameter": 0.030518394648829432,
        "blade_distance": 0.41270903010033444,
        "elliptical_fiber_ratio": 2.3294314381270906,
        "ratio_droplet_embedded_length": 1.36,
        "droplet_diameter": 0.162,
        "contact_angle": 25.7,
        "fiber_rotation": 45
    },
    "mechanical_parameters": {
        "interface_friction": 0.0,
        "GI": 0.0015,
        "GII,GIII": 0.4196989966555184,
        "blade_friction": 0.0,
        "tI=tII=tIII": 1.0217391304347825
    }
}
