{
    "geometrical_parameters": {
        "fiber_diameter": 0.013963210702341137,
        "elliptical_fiber_ratio": 1.0,
        "blade_distance": 0.22876254180602007,
        "ratio_droplet_embedded_length": 1.36,
        "droplet_diameter": 0.18875250836120402,
        "contact_angle": 25.7,
        "fiber_rotation": 0
    },
    "mechanical_parameters": {
        "interface_friction": 0.0,
        "GI": 0.0015,
        "GII,GIII": 0.1771571906354515,
        "blade_friction": 0.0,
        "tI=tII=tIII": 1.5234113712374582
    }
}
