{
    "geometrical_parameters": {
        "fiber_diameter": 0.025372745490981966,
        "elliptical_fiber_ratio": 1.0,
        "blade_distance": 0.5579158316633267,
        "ratio_droplet_embedded_length": 1.36,
        "droplet_diameter": 0.1412865731462926,
        "contact_angle": 25.7,
        "fiber_rotation": 0
    },
    "mechanical_parameters": {
        "interface_friction": 0.0,
        "GI": 0.0015,
        "GII,GIII": 0.2427254509018036,
        "blade_friction": 0.0,
        "tI=tII=tIII": 1.4859719438877756
    }
}
