{
    "geometrical_parameters": {
        "fiber_diameter": 0.023414715719063544,
        "blade_distance": 0.3859531772575251,
        "elliptical_fiber_ratio": 1.5719063545150502,
        "ratio_droplet_embedded_length": 1.4735785953177256,
        "droplet_diameter": 0.1950735785953177,
        "contact_angle": 26.57792642140468,
        "fiber_rotation": 72.8428093645485
    },
    "mechanical_parameters": {
        "interface_friction": 0.0,
        "tI": 1,
        "tII,tIII": 1.3,
        "GI": 0.01,
        "GII,GIII": 0.15,
        "blade_friction": 0.8
    }
}
