{
    "geometrical_parameters": {
        "fiber_diameter": 0.015107023411371236,
        "elliptical_fiber_ratio": 1.0,
        "blade_distance": 0.5648829431438127,
        "ratio_droplet_embedded_length": 1.36,
        "droplet_diameter": 0.19326755852842809,
        "contact_angle": 25.7,
        "fiber_rotation": 0
    },
    "mechanical_parameters": {
        "interface_friction": 0.0,
        "GI": 0.0015,
        "GII,GIII": 0.45903010033444813,
        "blade_friction": 0.0,
        "tI=tII=tIII": 0.7207357859531772
    }
}
