{
    "geometrical_parameters": {
        "fiber_diameter": 0.021,
        "blade_distance": 0.15,
        "elliptical_fiber_ratio": 1.0,
        "ratio_droplet_embedded_length": 1.36,
        "droplet_diameter": 0.162,
        "contact_angle": 25.7,
        "fiber_rotation": 0
    },
    "mechanical_parameters": {
        "interface_friction": 0.18729096989966557,
        "GI": 0.03046822742474916,
        "GII,GIII": 0.41314381270903017,
        "tI=tII=tIII": 1.152173913043478,
        "blade_friction": 0.29698996655518395
    }
}
