{
    "geometrical_parameters": {
        "fiber_diameter": 0.021,
        "blade_distance": 0.15,
        "elliptical_fiber_ratio": 1.0,
        "ratio_droplet_embedded_length": 1.36,
        "droplet_diameter": 0.162,
        "contact_angle": 25.7,
        "fiber_rotation": 0
    },
    "mechanical_parameters": {
        "interface_friction": 0.10969899665551841,
        "GI": 0.03841471571906354,
        "GII,GIII": 0.14274247491638795,
        "tI=tII=tIII": 0.8160535117056857,
        "blade_friction": 0.7973244147157191
    }
}
