{
    "geometrical_parameters": {
        "fiber_diameter": 0.020178356713426854,
        "blade_distance": 0.1661322645290581,
        "elliptical_fiber_ratio": 1.2615230460921842,
        "ratio_droplet_embedded_length": 1.2754308617234469,
        "droplet_diameter": 0.21730861723446895,
        "contact_angle": 19.02204408817635,
        "fiber_rotation": 88.37675350701403
    },
    "mechanical_parameters": {
        "interface_friction": 0.0,
        "tI": 1,
        "tII,tIII": 1.3,
        "GI": 0.015,
        "GII,GIII": 0.1,
        "blade_friction": 0.6
    }
}
