{
    "geometrical_parameters": {
        "fiber_diameter": 0.020585284280936453,
        "blade_distance": 0.12675585284280938,
        "elliptical_fiber_ratio": 2.2842809364548495,
        "ratio_droplet_embedded_length": 1.3612040133779264,
        "droplet_diameter": 0.1368294314381271,
        "contact_angle": 14.612040133779264,
        "fiber_rotation": 65.61872909698997
    },
    "mechanical_parameters": {
        "interface_friction": 0.0,
        "tI": 1,
        "tII,tIII": 1.3,
        "GI": 0.01,
        "GII,GIII": 0.15,
        "blade_friction": 0.8
    }
}
