{
    "geometrical_parameters": {
        "fiber_diameter": 0.02203010033444816,
        "blade_distance": 0.5381270903010034,
        "elliptical_fiber_ratio": 2.234113712374582,
        "ratio_droplet_embedded_length": 1.4746488294314382,
        "droplet_diameter": 0.13321739130434784,
        "contact_angle": 29.31638795986622,
        "fiber_rotation": 73.1438127090301
    },
    "mechanical_parameters": {
        "interface_friction": 0.0,
        "GI": 0.0015,
        "GII,GIII": 0.3,
        "tI=tII=tIII": 1.3,
        "blade_friction": 0.6
    }
}
