{
    "geometrical_parameters": {
        "fiber_diameter": 0.028186372745490983,
        "blade_distance": 0.3704609218436874,
        "elliptical_fiber_ratio": 1.8356713426853708,
        "ratio_droplet_embedded_length": 1.2696593186372744,
        "droplet_diameter": 0.19539478957915835,
        "contact_angle": 19.521442885771542,
        "fiber_rotation": 36.61322645290581
    },
    "mechanical_parameters": {
        "interface_friction": 0.0,
        "tI": 1,
        "tII,tIII": 1.3,
        "GI": 0.01,
        "GII,GIII": 0.15,
        "blade_friction": 0.6
    }
}
