{
    "geometrical_parameters": {
        "fiber_diameter": 0.02863636363636364,
        "blade_distance": 0.2919191919191919,
        "elliptical_fiber_ratio": 2.3484848484848486,
        "ratio_droplet_embedded_length": 1.2860606060606061,
        "droplet_diameter": 0.17709090909090908,
        "contact_angle": 27.26464646464646,
        "fiber_rotation": 62.72727272727272
    },
    "mechanical_parameters": {
        "interface_friction": 0.0,
        "tI": 0.5,
        "tII,tIII": 1.3,
        "GI": 0.3,
        "GII,GIII": 0.3,
        "blade_friction": 0.6
    }
}
