{
    "geometrical_parameters": {
        "fiber_diameter": 0.015,
        "blade_distance": 0.040945456866837635,
        "elliptical_fiber_ratio": 2.1313131313131315,
        "ratio_droplet_embedded_length": 1.3927272727272726,
        "droplet_diameter": 0.2070909090909091,
        "contact_angle": 26.365656565656565,
        "fiber_rotation": 20.90909090909091
    },
    "mechanical_parameters": {
        "interface_friction": 0.0,
        "GI": 0.0015,
        "GII,GIII": 0.3,
        "tI=tII=tIII": 1.3,
        "blade_friction": 0.6
    }
}
