{
    "geometrical_parameters": {
        "fiber_diameter": 0.03090954773869347,
        "blade_distance": 0.5497487437185931,
        "elliptical_fiber_ratio": 2.9698492462311554,
        "ratio_droplet_embedded_length": 1.3883417085427134,
        "droplet_diameter": 0.1509145728643216,
        "contact_angle": 15.38894472361809,
        "fiber_rotation": 33.91959798994975
    },
    "mechanical_parameters": {
        "interface_friction": 0.0,
        "GI": 0.0015,
        "GII,GIII": 0.3,
        "tI=tII=tIII": 1.3,
        "blade_friction": 0.6
    }
}
