{
    "geometrical_parameters": {
        "fiber_diameter": 0.030337792642140468,
        "blade_distance": 0.15852842809364548,
        "elliptical_fiber_ratio": 1.4816053511705685,
        "ratio_droplet_embedded_length": 1.2820066889632107,
        "droplet_diameter": 0.14811705685618728,
        "contact_angle": 25.625418060200666,
        "fiber_rotation": 66.82274247491638
    },
    "mechanical_parameters": {
        "interface_friction": 0.0,
        "tI": 1,
        "tII,tIII": 1.3,
        "GI": 0.01,
        "GII,GIII": 0.15,
        "blade_friction": 0.8
    }
}
