{
    "geometrical_parameters": {
        "fiber_diameter": 0.030458917835671347,
        "elliptical_fiber_ratio": 1.0,
        "blade_distance": 0.3525050100200401,
        "ratio_droplet_embedded_length": 1.36,
        "droplet_diameter": 0.21325050100200402,
        "contact_angle": 25.7,
        "fiber_rotation": 0
    },
    "mechanical_parameters": {
        "interface_friction": 0.0,
        "GI": 0.0015,
        "GII,GIII": 0.33208416833667337,
        "blade_friction": 0.0,
        "tI=tII=tIII": 1.9549098196392785
    }
}
