{
    "geometrical_parameters": {
        "fiber_diameter": 0.022595190380761524,
        "elliptical_fiber_ratio": 1.0,
        "blade_distance": 0.4807615230460922,
        "ratio_droplet_embedded_length": 1.36,
        "droplet_diameter": 0.23245891783567135,
        "contact_angle": 25.7,
        "fiber_rotation": 0
    },
    "mechanical_parameters": {
        "interface_friction": 0.0,
        "GI": 0.0015,
        "GII,GIII": 0.47054108216432866,
        "blade_friction": 0.0,
        "tI=tII=tIII": 1.059118236472946
    }
}
