{
    "geometrical_parameters": {
        "fiber_diameter": 0.030675350701402808,
        "blade_distance": 0.4507014028056112,
        "elliptical_fiber_ratio": 1.4268537074148295,
        "ratio_droplet_embedded_length": 1.2113026052104208,
        "droplet_diameter": 0.10097595190380762,
        "contact_angle": 25.906613226452905,
        "fiber_rotation": 85.67134268537075
    },
    "mechanical_parameters": {
        "interface_friction": 0.0,
        "tI": 1,
        "tII,tIII": 1.3,
        "GI": 0.015,
        "GII,GIII": 0.1,
        "blade_friction": 0.6
    }
}
