{
    "geometrical_parameters": {
        "fiber_diameter": 0.021,
        "blade_distance": 0.15,
        "elliptical_fiber_ratio": 1.0,
        "ratio_droplet_embedded_length": 1.36,
        "droplet_diameter": 0.162,
        "contact_angle": 25.7,
        "fiber_rotation": 0
    },
    "mechanical_parameters": {
        "interface_friction": 0.48428093645484954,
        "GI": 0.044374581939799325,
        "GII,GIII": 0.1525752508361204,
        "tI=tII=tIII": 1.779264214046823,
        "blade_friction": 0.42006688963210703
    }
}
