{
    "geometrical_parameters": {
        "fiber_diameter": 0.014926421404682274,
        "blade_distance": 0.13177257525083613,
        "elliptical_fiber_ratio": 1.205685618729097,
        "ratio_droplet_embedded_length": 1.240267558528428,
        "droplet_diameter": 0.18378595317725754,
        "contact_angle": 15.921739130434782,
        "fiber_rotation": 30.100334448160535
    },
    "mechanical_parameters": {
        "interface_friction": 0.0,
        "GI": 0.0015,
        "GII,GIII": 0.3,
        "tI=tII=tIII": 1.3,
        "blade_friction": 0.6
    }
}
