{
    "geometrical_parameters": {
        "fiber_diameter": 0.015588628762541806,
        "blade_distance": 0.5280936454849499,
        "elliptical_fiber_ratio": 2.178929765886288,
        "ratio_droplet_embedded_length": 1.36,
        "droplet_diameter": 0.162,
        "contact_angle": 25.7,
        "fiber_rotation": 0
    },
    "mechanical_parameters": {
        "interface_friction": 0.0,
        "GI": 0.0015,
        "GII,GIII": 0.49508361204013374,
        "blade_friction": 0.0,
        "tI=tII=tIII": 0.9565217391304347
    }
}
