{
    "geometrical_parameters": {
        "fiber_diameter": 0.01895190380761523,
        "elliptical_fiber_ratio": 1.0,
        "blade_distance": 0.4346693386773547,
        "ratio_droplet_embedded_length": 1.36,
        "droplet_diameter": 0.1469679358717435,
        "contact_angle": 25.7,
        "fiber_rotation": 0
    },
    "mechanical_parameters": {
        "interface_friction": 0.0,
        "GI": 0.0015,
        "GII,GIII": 0.1297995991983968,
        "blade_friction": 0.0,
        "tI=tII=tIII": 0.9148296593186374
    }
}
