{
    "geometrical_parameters": {
        "fiber_diameter": 0.01790909090909091,
        "blade_distance": 0.05567673160828553,
        "elliptical_fiber_ratio": 2.2727272727272725,
        "ratio_droplet_embedded_length": 1.2343434343434343,
        "droplet_diameter": 0.10072727272727273,
        "contact_angle": 16.117171717171715,
        "fiber_rotation": 80.9090909090909
    },
    "mechanical_parameters": {
        "interface_friction": 0.0,
        "GI": 0.015,
        "GII,GIII": 0.3,
        "tI=tII=tIII": 1.3,
        "blade_friction": 0.6
    }
}
