{
    "geometrical_parameters": {
        "fiber_diameter": 0.03071142284569138,
        "blade_distance": 0.25711422845691384,
        "elliptical_fiber_ratio": 1.8957915831663326,
        "ratio_droplet_embedded_length": 1.1856513026052102,
        "droplet_diameter": 0.22515430861723448,
        "contact_angle": 22.482164328657312,
        "fiber_rotation": 51.763527054108216
    },
    "mechanical_parameters": {
        "interface_friction": 0.0,
        "tI": 1,
        "tII,tIII": 1.3,
        "GI": 0.01,
        "GII,GIII": 0.15,
        "blade_friction": 0.6
    }
}
