{
    "geometrical_parameters": {
        "fiber_diameter": 0.02136789297658863,
        "blade_distance": 0.6993311036789298,
        "elliptical_fiber_ratio": 1.1270903010033444,
        "ratio_droplet_embedded_length": 1.2606020066889632,
        "droplet_diameter": 0.22667892976588633,
        "contact_angle": 21.339130434782607,
        "fiber_rotation": 51.170568561872905
    },
    "mechanical_parameters": {
        "interface_friction": 0.0,
        "GI": 0.0015,
        "GII,GIII": 0.3,
        "tI=tII=tIII": 1.3,
        "blade_friction": 0.6
    }
}
