{
    "geometrical_parameters": {
        "fiber_diameter": 0.013963210702341137,
        "blade_distance": 0.36923076923076925,
        "elliptical_fiber_ratio": 2.063545150501672,
        "ratio_droplet_embedded_length": 1.36,
        "droplet_diameter": 0.162,
        "contact_angle": 25.7,
        "fiber_rotation": 45
    },
    "mechanical_parameters": {
        "interface_friction": 0.0,
        "GI": 0.0015,
        "GII,GIII": 0.24270903010033443,
        "blade_friction": 0.0,
        "tI=tII=tIII": 1.5585284280936456
    }
}
