{
    "geometrical_parameters": {
        "fiber_diameter": 0.018899665551839466,
        "blade_distance": 0.15016722408026756,
        "elliptical_fiber_ratio": 1.3662207357859533,
        "ratio_droplet_embedded_length": 1.36,
        "droplet_diameter": 0.162,
        "contact_angle": 25.7,
        "fiber_rotation": 0
    },
    "mechanical_parameters": {
        "interface_friction": 0.0,
        "GI": 0.0015,
        "GII,GIII": 0.06899665551839465,
        "blade_friction": 0.0,
        "tI=tII=tIII": 1.2224080267558528
    }
}
