{
    "geometrical_parameters": {
        "fiber_diameter": 0.015107023411371236,
        "blade_distance": 0.5080267558528428,
        "elliptical_fiber_ratio": 1.2759197324414715,
        "ratio_droplet_embedded_length": 1.231705685618729,
        "droplet_diameter": 0.21764882943143815,
        "contact_angle": 27.530434782608694,
        "fiber_rotation": 1.806020066889632
    },
    "mechanical_parameters": {
        "interface_friction": 0.0,
        "tI": 1,
        "tII,tIII": 1.3,
        "GI": 0.01,
        "GII,GIII": 0.15,
        "blade_friction": 0.8
    }
}
