{
    "geometrical_parameters": {
        "fiber_diameter": 0.030698996655518396,
        "blade_distance": 0.23812709030100337,
        "elliptical_fiber_ratio": 1.4080267558528428,
        "ratio_droplet_embedded_length": 1.2188628762541804,
        "droplet_diameter": 0.12870234113712375,
        "contact_angle": 21.51772575250836,
        "fiber_rotation": 60.200668896321076
    },
    "mechanical_parameters": {
        "interface_friction": 0.0,
        "GI": 0.0015,
        "GII,GIII": 0.3,
        "tI=tII=tIII": 1.3,
        "blade_friction": 0.6
    }
}
