{
    "geometrical_parameters": {
        "fiber_diameter": 0.017545454545454545,
        "blade_distance": 0.03732344183869555,
        "elliptical_fiber_ratio": 1.5252525252525253,
        "ratio_droplet_embedded_length": 1.2214141414141413,
        "droplet_diameter": 0.1743636363636364,
        "contact_angle": 20.79191919191919,
        "fiber_rotation": 59.09090909090909
    },
    "mechanical_parameters": {
        "interface_friction": 0.0,
        "GI": 0.015,
        "GII,GIII": 0.3,
        "tI=tII=tIII": 1.3,
        "blade_friction": 0.6
    }
}
