{
    "geometrical_parameters": {
        "fiber_diameter": 0.025480961923847696,
        "blade_distance": 0.5152304609218438,
        "elliptical_fiber_ratio": 2.130260521042084,
        "ratio_droplet_embedded_length": 1.1632064128256512,
        "droplet_diameter": 0.1264068136272545,
        "contact_angle": 14.919839679358716,
        "fiber_rotation": 73.58717434869739
    },
    "mechanical_parameters": {
        "interface_friction": 0.0,
        "tI": 1,
        "tII,tIII": 1.3,
        "GI": 0.01,
        "GII,GIII": 0.15,
        "blade_friction": 0.6
    }
}
