{
    "geometrical_parameters": {
        "fiber_diameter": 0.016010033444816052,
        "blade_distance": 0.5531772575250836,
        "elliptical_fiber_ratio": 1.9682274247491638,
        "ratio_droplet_embedded_length": 1.36,
        "droplet_diameter": 0.162,
        "contact_angle": 25.7,
        "fiber_rotation": 45
    },
    "mechanical_parameters": {
        "interface_friction": 0.0,
        "GI": 0.0015,
        "GII,GIII": 0.24762541806020066,
        "blade_friction": 0.0,
        "tI=tII=tIII": 1.483277591973244
    }
}
