{
    "geometrical_parameters": {
        "fiber_diameter": 0.02457915831663327,
        "elliptical_fiber_ratio": 1.0,
        "blade_distance": 0.23527054108216433,
        "ratio_droplet_embedded_length": 1.36,
        "droplet_diameter": 0.1385811623246493,
        "contact_angle": 25.7,
        "fiber_rotation": 0
    },
    "mechanical_parameters": {
        "interface_friction": 0.0,
        "GI": 0.0015,
        "GII,GIII": 0.11899799599198396,
        "blade_friction": 0.0,
        "tI=tII=tIII": 1.4589178356713428
    }
}
