{
    "geometrical_parameters": {
        "fiber_diameter": 0.023474916387959868,
        "elliptical_fiber_ratio": 1.0,
        "blade_distance": 0.36086956521739133,
        "ratio_droplet_embedded_length": 1.36,
        "droplet_diameter": 0.12509030100334448,
        "contact_angle": 25.7,
        "fiber_rotation": 0
    },
    "mechanical_parameters": {
        "interface_friction": 0.0,
        "GI": 0.0015,
        "GII,GIII": 0.3328428093645485,
        "blade_friction": 0.0,
        "tI=tII=tIII": 1.5183946488294315
    }
}
