{
    "geometrical_parameters": {
        "fiber_diameter": 0.01681818181818182,
        "blade_distance": 0.3171717171717172,
        "elliptical_fiber_ratio": 1.9545454545454546,
        "ratio_droplet_embedded_length": 1.467070707070707,
        "droplet_diameter": 0.20027272727272727,
        "contact_angle": 22.230303030303027,
        "fiber_rotation": 56.36363636363636
    },
    "mechanical_parameters": {
        "interface_friction": 0.0,
        "tI": 0.2,
        "tII,tIII": 1.3,
        "GI": 1,
        "GII,GIII": 0.15,
        "blade_friction": 0.6
    }
}
