{
    "geometrical_parameters": {
        "fiber_diameter": 0.01817725752508361,
        "blade_distance": 0.476923076923077,
        "elliptical_fiber_ratio": 1.0668896321070234,
        "ratio_droplet_embedded_length": 1.3965217391304348,
        "droplet_diameter": 0.2090702341137124,
        "contact_angle": 13.778595317725753,
        "fiber_rotation": 2.1070234113712374
    },
    "mechanical_parameters": {
        "interface_friction": 0.0,
        "GI": 0.0015,
        "GII,GIII": 0.3,
        "tI=tII=tIII": 1.3,
        "blade_friction": 0.6
    }
}
