{
    "geometrical_parameters": {
        "fiber_diameter": 0.016672240802675584,
        "blade_distance": 0.15183946488294314,
        "elliptical_fiber_ratio": 1.5066889632107023,
        "ratio_droplet_embedded_length": 1.2220735785953176,
        "droplet_diameter": 0.13998996655518395,
        "contact_angle": 19.850836120401336,
        "fiber_rotation": 67.7257525083612
    },
    "mechanical_parameters": {
        "interface_friction": 0.0,
        "tI": 1,
        "tII,tIII": 1.3,
        "GI": 0.01,
        "GII,GIII": 0.15,
        "blade_friction": 0.8
    }
}
