{
    "geometrical_parameters": {
        "fiber_diameter": 0.022859296482412063,
        "blade_distance": 0.4804020100502513,
        "elliptical_fiber_ratio": 2.3165829145728645,
        "ratio_droplet_embedded_length": 1.283819095477387,
        "droplet_diameter": 0.1936532663316583,
        "contact_angle": 16.55175879396985,
        "fiber_rotation": 43.417085427135675
    },
    "mechanical_parameters": {
        "interface_friction": 0.0,
        "GI": 0.0015,
        "GII,GIII": 0.3,
        "tI=tII=tIII": 1.3,
        "blade_friction": 0.6
    }
}
