{
    "geometrical_parameters": {
        "fiber_diameter": 0.021,
        "blade_distance": 0.042,
        "elliptical_fiber_ratio": 1.0,
        "ratio_droplet_embedded_length": 1.36,
        "droplet_diameter": 0.162,
        "contact_angle": 25.7,
        "fiber_rotation": 0
    },
    "mechanical_parameters": {
        "interface_friction": 0.4120401337792643,
        "GI": 0.07748494983277593,
        "GII,GIII": 0.3803678929765887,
        "tI=tII=tIII": 1.7240802675585283,
        "blade_friction": 0.5886287625418061
    }
}
