{
    "geometrical_parameters": {
        "fiber_diameter": 0.02702675585284281,
        "blade_distance": 0.5471571906354515,
        "elliptical_fiber_ratio": 2.7658862876254178,
        "ratio_droplet_embedded_length": 1.2852173913043479,
        "droplet_diameter": 0.13863545150501672,
        "contact_angle": 24.6133779264214,
        "fiber_rotation": 24.983277591973245
    },
    "mechanical_parameters": {
        "interface_friction": 0.0,
        "GI": 0.0015,
        "GII,GIII": 0.3,
        "tI=tII=tIII": 1.3,
        "blade_friction": 0.6
    }
}
