{
    "geometrical_parameters": {
        "fiber_diameter": 0.01990909090909091,
        "blade_distance": 0.13043909090909092,
        "elliptical_fiber_ratio": 1.0404040404040404,
        "ratio_droplet_embedded_length": 1.1664646464646464,
        "droplet_diameter": 0.16345454545454546,
        "contact_angle": 15.038383838383838,
        "fiber_rotation": 90.0
    },
    "mechanical_parameters": {
        "interface_friction": 0.0,
        "GI": 0.015,
        "GII,GIII": 0.3,
        "tI=tII=tIII": 1.3,
        "blade_friction": 0.6
    }
}
