{
    "geometrical_parameters": {
        "fiber_diameter": 0.021727272727272727,
        "blade_distance_ratio_to_fiber_diameter": 3.3712121212121207,
        "elliptical_fiber_ratio": 2.1313131313131315,
        "ratio_droplet_embedded_length": 1.4703030303030302,
        "droplet_diameter": 0.20163636363636367,
        "contact_angle": 14.139393939393939,
        "fiber_rotation": 39.09090909090909
    },
    "mechanical_parameters": {
        "interface_friction": 0.0,
        "GI": 0.015,
        "GII,GIII": 0.3,
        "tI=tII=tIII": 1.3,
        "blade_friction": 0.6
    }
}
