{
    "geometrical_parameters": {
        "fiber_diameter": 0.027809364548494985,
        "blade_distance": 0.23210702341137124,
        "elliptical_fiber_ratio": 1.265886287625418,
        "ratio_droplet_embedded_length": 1.36,
        "droplet_diameter": 0.162,
        "contact_angle": 25.7,
        "fiber_rotation": 45
    },
    "mechanical_parameters": {
        "interface_friction": 0.0,
        "GI": 0.0015,
        "GII,GIII": 0.06244147157190636,
        "blade_friction": 0.0,
        "tI=tII=tIII": 0.9113712374581939
    }
}
