{
    "geometrical_parameters": {
        "fiber_diameter": 0.021,
        "blade_distance": 0.15,
        "elliptical_fiber_ratio": 1.0,
        "ratio_droplet_embedded_length": 1.36,
        "droplet_diameter": 0.162,
        "contact_angle": 25.7,
        "fiber_rotation": 0
    },
    "mechanical_parameters": {
        "interface_friction": 0.5217391304347826,
        "GI": 0.0019933110367892975,
        "GII,GIII": 0.20993311036789297,
        "tI=tII=tIII": 1.488294314381271,
        "blade_friction": 0.34247491638795985
    }
}
