{
    "geometrical_parameters": {
        "fiber_diameter": 0.021,
        "blade_distance": 0.042,
        "elliptical_fiber_ratio": 1.0,
        "ratio_droplet_embedded_length": 1.36,
        "droplet_diameter": 0.162,
        "contact_angle": 25.7,
        "fiber_rotation": 0
    },
    "mechanical_parameters": {
        "interface_friction": 0.07224080267558529,
        "GI": 0.021859531772575255,
        "GII,GIII": 0.4442809364548495,
        "tI=tII=tIII": 1.6939799331103678,
        "blade_friction": 0.47625418060200675
    }
}
