{
    "geometrical_parameters": {
        "fiber_diameter": 0.023113712374581943,
        "blade_distance": 0.13846153846153847,
        "elliptical_fiber_ratio": 1.9080267558528428,
        "ratio_droplet_embedded_length": 1.4575250836120401,
        "droplet_diameter": 0.11515719063545152,
        "contact_angle": 14.373913043478261,
        "fiber_rotation": 30.702341137123742
    },
    "mechanical_parameters": {
        "interface_friction": 0.0,
        "GI": 0.0015,
        "GII,GIII": 0.3,
        "tI=tII=tIII": 1.3,
        "blade_friction": 0.6
    }
}
