{
    "geometrical_parameters": {
        "fiber_diameter": 0.02881818181818182,
        "blade_distance": 0.16785348528427646,
        "elliptical_fiber_ratio": 2.6767676767676765,
        "ratio_droplet_embedded_length": 1.2408080808080808,
        "droplet_diameter": 0.17163636363636364,
        "contact_angle": 17.375757575757575,
        "fiber_rotation": 2.727272727272727
    },
    "mechanical_parameters": {
        "interface_friction": 0.0,
        "GI": 0.0015,
        "GII,GIII": 0.3,
        "tI=tII=tIII": 1.3,
        "blade_friction": 0.6
    }
}
