{
    "geometrical_parameters": {
        "fiber_diameter": 0.01863636363636364,
        "blade_distance": 0.43838383838383843,
        "elliptical_fiber_ratio": 1.4393939393939394,
        "ratio_droplet_embedded_length": 1.1632323232323232,
        "droplet_diameter": 0.19345454545454546,
        "contact_angle": 26.545454545454543,
        "fiber_rotation": 65.45454545454545
    },
    "mechanical_parameters": {
        "interface_friction": 0.0,
        "GI": 0.0015,
        "GII,GIII": 0.15,
        "tI=tII=tIII": 1.3,
        "blade_friction": 0.6
    }
}
