{
    "geometrical_parameters": {
        "fiber_diameter": 0.014818181818181817,
        "blade_distance": 0.06991952130167067,
        "elliptical_fiber_ratio": 2.1313131313131315,
        "ratio_droplet_embedded_length": 1.2117171717171717,
        "droplet_diameter": 0.13345454545454546,
        "contact_angle": 17.016161616161614,
        "fiber_rotation": 12.727272727272725
    },
    "mechanical_parameters": {
        "interface_friction": 0.0,
        "GI": 0.015,
        "GII,GIII": 0.3,
        "tI=tII=tIII": 1.3,
        "blade_friction": 0.6
    }
}
