{
    "geometrical_parameters": {
        "fiber_diameter": 0.029701402805611225,
        "elliptical_fiber_ratio": 1.0,
        "blade_distance": 0.5979959919839679,
        "ratio_droplet_embedded_length": 1.36,
        "droplet_diameter": 0.11179759519038077,
        "contact_angle": 25.7,
        "fiber_rotation": 0
    },
    "mechanical_parameters": {
        "interface_friction": 0.0,
        "GI": 0.0015,
        "GII,GIII": 0.30360721442885774,
        "blade_friction": 0.0,
        "tI=tII=tIII": 1.035070140280561
    }
}
