{
    "geometrical_parameters": {
        "fiber_diameter": 0.026183946488294314,
        "blade_distance": 0.1668896321070234,
        "elliptical_fiber_ratio": 2.028428093645485,
        "ratio_droplet_embedded_length": 1.36,
        "droplet_diameter": 0.162,
        "contact_angle": 25.7,
        "fiber_rotation": 0
    },
    "mechanical_parameters": {
        "interface_friction": 0.0,
        "GI": 0.0015,
        "GII,GIII": 0.3803678929765887,
        "blade_friction": 0.0,
        "tI=tII=tIII": 1.2675585284280935
    }
}
