{
    "geometrical_parameters": {
        "fiber_diameter": 0.029916387959866217,
        "blade_distance": 0.30401337792642136,
        "elliptical_fiber_ratio": 2.0936454849498327,
        "ratio_droplet_embedded_length": 1.36,
        "droplet_diameter": 0.162,
        "contact_angle": 25.7,
        "fiber_rotation": 45
    },
    "mechanical_parameters": {
        "interface_friction": 0.0,
        "GI": 0.0015,
        "GII,GIII": 0.44100334448160533,
        "blade_friction": 0.0,
        "tI=tII=tIII": 1.7642140468227427
    }
}
