{
    "geometrical_parameters": {
        "fiber_diameter": 0.02659919839679359,
        "elliptical_fiber_ratio": 1.0,
        "blade_distance": 0.2643286573146293,
        "ratio_droplet_embedded_length": 1.36,
        "droplet_diameter": 0.23110621242484972,
        "contact_angle": 25.7,
        "fiber_rotation": 0
    },
    "mechanical_parameters": {
        "interface_friction": 0.0,
        "GI": 0.0015,
        "GII,GIII": 0.013927855711422845,
        "blade_friction": 0.0,
        "tI=tII=tIII": 1.4889779559118237
    }
}
