{
    "geometrical_parameters": {
        "fiber_diameter": 0.024146292585170342,
        "blade_distance": 0.46072144288577155,
        "elliptical_fiber_ratio": 1.691382765531062,
        "ratio_droplet_embedded_length": 1.305571142284569,
        "droplet_diameter": 0.20756913827655313,
        "contact_angle": 23.124248496993985,
        "fiber_rotation": 11.002004008016032
    },
    "mechanical_parameters": {
        "interface_friction": 0.0,
        "tI": 1,
        "tII,tIII": 1.3,
        "GI": 0.015,
        "GII,GIII": 0.1,
        "blade_friction": 0.6
    }
}
