{
    "geometrical_parameters": {
        "fiber_diameter": 0.023294314381270904,
        "blade_distance": 0.20702341137123748,
        "elliptical_fiber_ratio": 2.279264214046823,
        "ratio_droplet_embedded_length": 1.36,
        "droplet_diameter": 0.162,
        "contact_angle": 25.7,
        "fiber_rotation": 0
    },
    "mechanical_parameters": {
        "interface_friction": 0.0,
        "GI": 0.0015,
        "GII,GIII": 0.1263545150501672,
        "blade_friction": 0.0,
        "tI=tII=tIII": 0.6505016722408027
    }
}
