{
    "geometrical_parameters": {
        "fiber_diameter": 0.02724849699398798,
        "blade_distance": 0.4815631262525051,
        "elliptical_fiber_ratio": 2.2835671342685373,
        "ratio_droplet_embedded_length": 1.3549498997995992,
        "droplet_diameter": 0.1989118236472946,
        "contact_angle": 28.903006012024044,
        "fiber_rotation": 79.53907815631263
    },
    "mechanical_parameters": {
        "interface_friction": 0.0,
        "tI": 1,
        "tII,tIII": 1.3,
        "GI": 0.01,
        "GII,GIII": 0.15,
        "blade_friction": 0.6
    }
}
