{
    "geometrical_parameters": {
        "fiber_diameter": 0.021,
        "blade_distance": 0.15,
        "elliptical_fiber_ratio": 1.0,
        "ratio_droplet_embedded_length": 1.36,
        "droplet_diameter": 0.162,
        "contact_angle": 25.7,
        "fiber_rotation": 0
    },
    "mechanical_parameters": {
        "interface_friction": 0.11772575250836122,
        "GI": 0.009939799331103678,
        "GII,GIII": 0.24762541806020066,
        "tI=tII=tIII": 1.508361204013378,
        "blade_friction": 0.19799331103678933
    }
}
