{
    "geometrical_parameters": {
        "fiber_diameter": 0.02086372745490982,
        "elliptical_fiber_ratio": 1.0,
        "blade_distance": 0.14108216432865733,
        "ratio_droplet_embedded_length": 1.36,
        "droplet_diameter": 0.2064869739478958,
        "contact_angle": 25.7,
        "fiber_rotation": 0
    },
    "mechanical_parameters": {
        "interface_friction": 0.0,
        "GI": 0.0015,
        "GII,GIII": 0.19460921843687373,
        "blade_friction": 0.0,
        "tI=tII=tIII": 1.7955911823647295
    }
}
