{
    "geometrical_parameters": {
        "fiber_diameter": 0.029795986622073577,
        "blade_distance": 0.18193979933110369,
        "elliptical_fiber_ratio": 2.3645484949832776,
        "ratio_droplet_embedded_length": 1.3986622073578596,
        "droplet_diameter": 0.12147826086956522,
        "contact_angle": 15.207357859531772,
        "fiber_rotation": 0.6020066889632106
    },
    "mechanical_parameters": {
        "interface_friction": 0.0,
        "tI": 1,
        "tII,tIII": 1.3,
        "GI": 0.01,
        "GII,GIII": 0.15,
        "blade_friction": 0.8
    }
}
