{
    "geometrical_parameters": {
        "fiber_diameter": 0.01859866220735786,
        "blade_distance": 0.16187290969899668,
        "elliptical_fiber_ratio": 1.677257525083612,
        "ratio_droplet_embedded_length": 1.351571906354515,
        "droplet_diameter": 0.15353511705685619,
        "contact_angle": 22.23210702341137,
        "fiber_rotation": 52.374581939799334
    },
    "mechanical_parameters": {
        "interface_friction": 0.0,
        "tI": 1,
        "tII,tIII": 1.3,
        "GI": 0.01,
        "GII,GIII": 0.15,
        "blade_friction": 0.8
    }
}
