{
    "geometrical_parameters": {
        "fiber_diameter": 0.025040133779264215,
        "blade_distance": 0.3903010033444816,
        "elliptical_fiber_ratio": 1.2474916387959867,
        "ratio_droplet_embedded_length": 1.2541806020066888,
        "droplet_diameter": 0.09935451505016722,
        "contact_angle": 26.756521739130434,
        "fiber_rotation": 58.39464882943144
    },
    "mechanical_parameters": {
        "interface_friction": 0.0,
        "GI": 0.0015,
        "GII,GIII": 0.3,
        "tI=tII=tIII": 1.3,
        "blade_friction": 0.6
    }
}
