{
    "geometrical_parameters": {
        "fiber_diameter": 0.030337792642140468,
        "blade_distance": 0.20200668896321072,
        "elliptical_fiber_ratio": 1.7374581939799332,
        "ratio_droplet_embedded_length": 1.36,
        "droplet_diameter": 0.162,
        "contact_angle": 25.7,
        "fiber_rotation": 0
    },
    "mechanical_parameters": {
        "interface_friction": 0.0,
        "GI": 0.0015,
        "GII,GIII": 0.22304347826086957,
        "blade_friction": 0.0,
        "tI=tII=tIII": 1.6237458193979935
    }
}
