{
    "geometrical_parameters": {
        "fiber_diameter": 0.02371571906354515,
        "blade_distance": 0.12006688963210703,
        "elliptical_fiber_ratio": 1.4966555183946488,
        "ratio_droplet_embedded_length": 1.343010033444816,
        "droplet_diameter": 0.10883612040133779,
        "contact_angle": 28.602006688963208,
        "fiber_rotation": 45.45150501672241
    },
    "mechanical_parameters": {
        "interface_friction": 0.0,
        "tI": 1,
        "tII,tIII": 1.3,
        "GI": 0.01,
        "GII,GIII": 0.15,
        "blade_friction": 0.8
    }
}
