{
    "geometrical_parameters": {
        "fiber_diameter": 0.021,
        "blade_distance": 0.15,
        "elliptical_fiber_ratio": 1.0,
        "ratio_droplet_embedded_length": 1.36,
        "droplet_diameter": 0.162,
        "contact_angle": 25.7,
        "fiber_rotation": 0
    },
    "mechanical_parameters": {
        "interface_friction": 0.676923076923077,
        "tI": 0.7882943143812708,
        "tII,tIII": 1.714046822742475,
        "GI": 0.03146153846153846,
        "GII,GIII": 0.2656521739130435,
        "blade_friction": 0.3692307692307692
    }
}
