{
    "geometrical_parameters": {
        "fiber_diameter": 0.01815577889447236,
        "blade_distance": 0.28442211055276384,
        "elliptical_fiber_ratio": 1.8542713567839195,
        "ratio_droplet_embedded_length": 1.293467336683417,
        "droplet_diameter": 0.14209547738693468,
        "contact_angle": 25.31758793969849,
        "fiber_rotation": 56.53266331658291
    },
    "mechanical_parameters": {
        "interface_friction": 0.0,
        "GI": 0.0015,
        "GII,GIII": 0.3,
        "tI=tII=tIII": 1.3,
        "blade_friction": 0.6
    }
}
