{
    "geometrical_parameters": {
        "fiber_diameter": 0.023234113712374584,
        "blade_distance": 0.5765886287625418,
        "elliptical_fiber_ratio": 1.963210702341137,
        "ratio_droplet_embedded_length": 1.36,
        "droplet_diameter": 0.162,
        "contact_angle": 25.7,
        "fiber_rotation": 45
    },
    "mechanical_parameters": {
        "interface_friction": 0.0,
        "GI": 0.0015,
        "GII,GIII": 0.455752508361204,
        "blade_friction": 0.0,
        "tI=tII=tIII": 0.7558528428093645
    }
}
