{
    "geometrical_parameters": {
        "fiber_diameter": 0.028691382765531064,
        "blade_distance": 0.5444088176352706,
        "elliptical_fiber_ratio": 2.1963927855711423,
        "ratio_droplet_embedded_length": 1.4614028056112225,
        "droplet_diameter": 0.1591422845691383,
        "contact_angle": 21.055310621242484,
        "fiber_rotation": 49.5991983967936
    },
    "mechanical_parameters": {
        "interface_friction": 0.0,
        "tI": 1,
        "tII,tIII": 1.3,
        "GI": 0.01,
        "GII,GIII": 0.15,
        "blade_friction": 0.6
    }
}
