{
    "geometrical_parameters": {
        "fiber_diameter": 0.01805685618729097,
        "elliptical_fiber_ratio": 1.0,
        "blade_distance": 0.11170568561872911,
        "ratio_droplet_embedded_length": 1.36,
        "droplet_diameter": 0.198685618729097,
        "contact_angle": 25.7,
        "fiber_rotation": 0
    },
    "mechanical_parameters": {
        "interface_friction": 0.0,
        "GI": 0.0015,
        "GII,GIII": 0.4442809364548495,
        "blade_friction": 0.0,
        "tI=tII=tIII": 0.68561872909699
    }
}
