{
    "geometrical_parameters": {
        "fiber_diameter": 0.021,
        "blade_distance": 0.15,
        "elliptical_fiber_ratio": 1.0,
        "ratio_droplet_embedded_length": 1.36,
        "droplet_diameter": 0.162,
        "contact_angle": 25.7,
        "fiber_rotation": 0
    },
    "mechanical_parameters": {
        "interface_friction": 0.6742474916387962,
        "GI": 0.010270903010033448,
        "GII,GIII": 0.42133779264214044,
        "tI=tII=tIII": 0.520066889632107,
        "blade_friction": 0.1311036789297659
    }
}
