{
    "geometrical_parameters": {
        "fiber_diameter": 0.021,
        "blade_distance": 0.15,
        "elliptical_fiber_ratio": 1.0,
        "ratio_droplet_embedded_length": 1.36,
        "droplet_diameter": 0.162,
        "contact_angle": 25.7,
        "fiber_rotation": 0
    },
    "mechanical_parameters": {
        "interface_friction": 0.7331103678929766,
        "tI": 0.1,
        "tII,tIII": 0.8160535117056857,
        "GI": 0.08907357859531774,
        "GII,GIII": 0.28204013377926423,
        "blade_friction": 0.14448160535117055
    }
}
