{
    "geometrical_parameters": {
        "fiber_diameter": 0.030278557114228458,
        "blade_distance": 0.2312625250501002,
        "elliptical_fiber_ratio": 2.229458917835671,
        "ratio_droplet_embedded_length": 1.3504609218436874,
        "droplet_diameter": 0.15427254509018037,
        "contact_angle": 14.705811623246493,
        "fiber_rotation": 12.80561122244489
    },
    "mechanical_parameters": {
        "interface_friction": 0.0,
        "tI": 1,
        "tII,tIII": 1.3,
        "GI": 0.015,
        "GII,GIII": 0.1,
        "blade_friction": 0.6
    }
}
