{
    "geometrical_parameters": {
        "fiber_diameter": 0.018839464882943142,
        "blade_distance": 0.2755852842809364,
        "elliptical_fiber_ratio": 1.511705685618729,
        "ratio_droplet_embedded_length": 1.2263545150501671,
        "droplet_diameter": 0.10116053511705686,
        "contact_angle": 14.135785953177257,
        "fiber_rotation": 32.508361204013376
    },
    "mechanical_parameters": {
        "interface_friction": 0.0,
        "tI": 1,
        "tII,tIII": 1.3,
        "GI": 0.01,
        "GII,GIII": 0.15,
        "blade_friction": 0.8
    }
}
