{
    "geometrical_parameters": {
        "fiber_diameter": 0.021187290969899665,
        "blade_distance": 0.5481605351170569,
        "elliptical_fiber_ratio": 2.0785953177257523,
        "ratio_droplet_embedded_length": 1.36,
        "droplet_diameter": 0.162,
        "contact_angle": 25.7,
        "fiber_rotation": 0
    },
    "mechanical_parameters": {
        "interface_friction": 0.0,
        "GI": 0.0015,
        "GII,GIII": 0.4016722408026756,
        "blade_friction": 0.0,
        "tI=tII=tIII": 0.5451505016722408
    }
}
