{
    "geometrical_parameters": {
        "fiber_diameter": 0.02479559118236473,
        "blade_distance": 0.5960320641282566,
        "elliptical_fiber_ratio": 1.1923847695390781,
        "ratio_droplet_embedded_length": 1.4665330661322644,
        "droplet_diameter": 0.1112565130260521,
        "contact_angle": 28.11823647294589,
        "fiber_rotation": 15.150300601202407
    },
    "mechanical_parameters": {
        "interface_friction": 0.0,
        "tI": 1,
        "tII,tIII": 1.3,
        "GI": 0.01,
        "GII,GIII": 0.15,
        "blade_friction": 0.6
    }
}
