{
    "geometrical_parameters": {
        "fiber_diameter": 0.022703406813627255,
        "elliptical_fiber_ratio": 1.0,
        "blade_distance": 0.380561122244489,
        "ratio_droplet_embedded_length": 1.36,
        "droplet_diameter": 0.20134669338677358,
        "contact_angle": 25.7,
        "fiber_rotation": 0
    },
    "mechanical_parameters": {
        "interface_friction": 0.0,
        "GI": 0.0015,
        "GII,GIII": 0.4990180360721443,
        "blade_friction": 0.0,
        "tI=tII=tIII": 0.6082164328657315
    }
}
