{
    "geometrical_parameters": {
        "fiber_diameter": 0.017076152304609217,
        "elliptical_fiber_ratio": 1.0,
        "blade_distance": 0.4396793587174349,
        "ratio_droplet_embedded_length": 1.36,
        "droplet_diameter": 0.15102605210420844,
        "contact_angle": 25.7,
        "fiber_rotation": 0
    },
    "mechanical_parameters": {
        "interface_friction": 0.0,
        "GI": 0.0015,
        "GII,GIII": 0.1896993987975952,
        "blade_friction": 0.0,
        "tI=tII=tIII": 0.6683366733466933
    }
}
