{
    "geometrical_parameters": {
        "fiber_diameter": 0.02588294314381271,
        "blade_distance": 0.297324414715719,
        "elliptical_fiber_ratio": 2.1989966555183944,
        "ratio_droplet_embedded_length": 1.2798662207357858,
        "droplet_diameter": 0.15172909698996656,
        "contact_angle": 21.160535117056853,
        "fiber_rotation": 58.09364548494983
    },
    "mechanical_parameters": {
        "interface_friction": 0.0,
        "tI": 1,
        "tII,tIII": 1.3,
        "GI": 0.01,
        "GII,GIII": 0.15,
        "blade_friction": 0.8
    }
}
