{
    "geometrical_parameters": {
        "fiber_diameter": 0.019961923847695393,
        "elliptical_fiber_ratio": 1.0,
        "blade_distance": 0.351503006012024,
        "ratio_droplet_embedded_length": 1.36,
        "droplet_diameter": 0.17185771543086176,
        "contact_angle": 25.7,
        "fiber_rotation": 0
    },
    "mechanical_parameters": {
        "interface_friction": 0.0,
        "GI": 0.0015,
        "GII,GIII": 0.3242284569138277,
        "blade_friction": 0.0,
        "tI=tII=tIII": 1.3657314629258517
    }
}
