{
    "geometrical_parameters": {
        "fiber_diameter": 0.015347826086956522,
        "blade_distance": 0.12173913043478261,
        "elliptical_fiber_ratio": 1.7073578595317724,
        "ratio_droplet_embedded_length": 1.356923076923077,
        "droplet_diameter": 0.21358528428093648,
        "contact_angle": 22.88695652173913,
        "fiber_rotation": 14.147157190635452
    },
    "mechanical_parameters": {
        "interface_friction": 0.0,
        "tI": 1,
        "tII,tIII": 1.3,
        "GI": 0.01,
        "GII,GIII": 0.15,
        "blade_friction": 0.8
    }
}
