{
    "geometrical_parameters": {
        "fiber_diameter": 0.016250836120401336,
        "blade_distance": 0.4494983277591973,
        "elliptical_fiber_ratio": 2.09866220735786,
        "ratio_droplet_embedded_length": 1.36,
        "droplet_diameter": 0.162,
        "contact_angle": 25.7,
        "fiber_rotation": 45
    },
    "mechanical_parameters": {
        "interface_friction": 0.0,
        "GI": 0.0015,
        "GII,GIII": 0.20501672240802676,
        "blade_friction": 0.0,
        "tI=tII=tIII": 0.8612040133779264
    }
}
