{
    "geometrical_parameters": {
        "fiber_diameter": 0.023569138276553103,
        "blade_distance": 0.12468937875751504,
        "elliptical_fiber_ratio": 1.44188376753507,
        "ratio_droplet_embedded_length": 1.4472945891783566,
        "droplet_diameter": 0.16888176352705414,
        "contact_angle": 21.30501002004008,
        "fiber_rotation": 7.214428857715431
    },
    "mechanical_parameters": {
        "interface_friction": 0.0,
        "tI": 1,
        "tII,tIII": 1.3,
        "GI": 0.01,
        "GII,GIII": 0.15,
        "blade_friction": 0.6
    }
}
