{
    "geometrical_parameters": {
        "fiber_diameter": 0.025949899799599198,
        "blade_distance": 0.42769539078156316,
        "elliptical_fiber_ratio": 1.3276553106212425,
        "ratio_droplet_embedded_length": 1.3613627254509018,
        "droplet_diameter": 0.15887174348697397,
        "contact_angle": 26.370340681362723,
        "fiber_rotation": 30.841683366733463
    },
    "mechanical_parameters": {
        "interface_friction": 0.0,
        "tI": 1,
        "tII,tIII": 1.3,
        "GI": 0.01,
        "GII,GIII": 0.15,
        "blade_friction": 0.6
    }
}
