{
    "geometrical_parameters": {
        "fiber_diameter": 0.018779264214046822,
        "blade_distance": 0.40668896321070236,
        "elliptical_fiber_ratio": 2.6588628762541804,
        "ratio_droplet_embedded_length": 1.1728428093645484,
        "droplet_diameter": 0.14540802675585285,
        "contact_angle": 21.279598662207356,
        "fiber_rotation": 37.625418060200666
    },
    "mechanical_parameters": {
        "interface_friction": 0.0,
        "GI": 0.0015,
        "GII,GIII": 0.3,
        "tI=tII=tIII": 1.3,
        "blade_friction": 0.6
    }
}
