{
    "geometrical_parameters": {
        "fiber_diameter": 0.0142625250501002,
        "blade_distance": 0.2943887775551102,
        "elliptical_fiber_ratio": 2.3166332665330662,
        "ratio_droplet_embedded_length": 1.285691382765531,
        "droplet_diameter": 0.19133667334669338,
        "contact_angle": 27.90420841683367,
        "fiber_rotation": 33.366733466933866
    },
    "mechanical_parameters": {
        "interface_friction": 0.0,
        "tI": 1,
        "tII,tIII": 1.3,
        "GI": 0.015,
        "GII,GIII": 0.1,
        "blade_friction": 0.6
    }
}
