{
    "geometrical_parameters": {
        "fiber_diameter": 0.020826086956521737,
        "blade_distance": 0.30568561872909694,
        "elliptical_fiber_ratio": 1.7274247491638794,
        "ratio_droplet_embedded_length": 1.36,
        "droplet_diameter": 0.162,
        "contact_angle": 25.7,
        "fiber_rotation": 0
    },
    "mechanical_parameters": {
        "interface_friction": 0.0,
        "GI": 0.0015,
        "GII,GIII": 0.31317725752508363,
        "blade_friction": 0.0,
        "tI=tII=tIII": 1.7341137123745818
    }
}
