{
    "geometrical_parameters": {
        "fiber_diameter": 0.02522073578595318,
        "elliptical_fiber_ratio": 1.0,
        "blade_distance": 0.5180602006688964,
        "ratio_droplet_embedded_length": 1.36,
        "droplet_diameter": 0.1937190635451505,
        "contact_angle": 25.7,
        "fiber_rotation": 0
    },
    "mechanical_parameters": {
        "interface_friction": 0.0,
        "GI": 0.0015,
        "GII,GIII": 0.10013377926421405,
        "blade_friction": 0.0,
        "tI=tII=tIII": 1.0217391304347825
    }
}
