{
    "geometrical_parameters": {
        "fiber_diameter": 0.021,
        "blade_distance": 0.042,
        "elliptical_fiber_ratio": 1.0,
        "ratio_droplet_embedded_length": 1.36,
        "droplet_diameter": 0.162,
        "contact_angle": 25.7,
        "fiber_rotation": 0
    },
    "mechanical_parameters": {
        "interface_friction": 0.17777777777777778,
        "GI": 0.09300000000000001,
        "GII,GIII": 0.7599999999999999,
        "tI=tII=tIII": 1.121212121212121,
        "blade_friction": 0.46868686868686865
    }
}
