{
    "geometrical_parameters": {
        "fiber_diameter": 0.02714028056112225,
        "blade_distance": 0.4400400801603207,
        "elliptical_fiber_ratio": 2.1422845691382766,
        "ratio_droplet_embedded_length": 1.374188376753507,
        "droplet_diameter": 0.1661763527054108,
        "contact_angle": 18.237274549098196,
        "fiber_rotation": 7.935871743486974
    },
    "mechanical_parameters": {
        "interface_friction": 0.0,
        "tI": 1,
        "tII,tIII": 1.3,
        "GI": 0.01,
        "GII,GIII": 0.15,
        "blade_friction": 0.6
    }
}
