{
    "geometrical_parameters": {
        "fiber_diameter": 0.015408026755852842,
        "blade_distance": 0.39264214046822743,
        "elliptical_fiber_ratio": 2.399665551839465,
        "ratio_droplet_embedded_length": 1.174983277591973,
        "droplet_diameter": 0.10161204013377927,
        "contact_angle": 30.507023411371236,
        "fiber_rotation": 36.12040133779264
    },
    "mechanical_parameters": {
        "interface_friction": 0.0,
        "tI": 1,
        "tII,tIII": 1.3,
        "GI": 0.01,
        "GII,GIII": 0.15,
        "blade_friction": 0.8
    }
}
