{
    "geometrical_parameters": {
        "fiber_diameter": 0.01859866220735786,
        "blade_distance": 0.5197324414715719,
        "elliptical_fiber_ratio": 1.3160535117056857,
        "ratio_droplet_embedded_length": 1.36,
        "droplet_diameter": 0.162,
        "contact_angle": 25.7,
        "fiber_rotation": 45
    },
    "mechanical_parameters": {
        "interface_friction": 0.0,
        "GI": 0.0015,
        "GII,GIII": 0.1329096989966555,
        "blade_friction": 0.0,
        "tI=tII=tIII": 1.2224080267558528
    }
}
