{
    "geometrical_parameters": {
        "fiber_diameter": 0.027809364548494985,
        "blade_distance": 0.28227424749163876,
        "elliptical_fiber_ratio": 2.0183946488294318,
        "ratio_droplet_embedded_length": 1.374046822742475,
        "droplet_diameter": 0.21810033444816054,
        "contact_angle": 27.470903010033442,
        "fiber_rotation": 35.819397993311036
    },
    "mechanical_parameters": {
        "interface_friction": 0.0,
        "tI": 1,
        "tII,tIII": 1.3,
        "GI": 0.01,
        "GII,GIII": 0.15,
        "blade_friction": 0.8
    }
}
