{
    "geometrical_parameters": {
        "fiber_diameter": 0.02302805611222445,
        "elliptical_fiber_ratio": 1.0,
        "blade_distance": 0.13907815631262527,
        "ratio_droplet_embedded_length": 1.36,
        "droplet_diameter": 0.12965330661322647,
        "contact_angle": 25.7,
        "fiber_rotation": 0
    },
    "mechanical_parameters": {
        "interface_friction": 0.0,
        "GI": 0.0015,
        "GII,GIII": 0.37038076152304605,
        "blade_friction": 0.0,
        "tI=tII=tIII": 1.4468937875751504
    }
}
