{
    "geometrical_parameters": {
        "fiber_diameter": 0.021,
        "blade_distance": 0.15,
        "elliptical_fiber_ratio": 1.0,
        "ratio_droplet_embedded_length": 1.36,
        "droplet_diameter": 0.162,
        "contact_angle": 25.7,
        "fiber_rotation": 0
    },
    "mechanical_parameters": {
        "interface_friction": 0.27290969899665546,
        "GI": 0.037752508361204015,
        "GII,GIII": 0.33120401337792643,
        "tI=tII=tIII": 1.5234113712374582,
        "blade_friction": 0.20602006688963212
    }
}
