{
    "geometrical_parameters": {
        "fiber_diameter": 0.02081818181818182,
        "blade_distance": 0.2767676767676768,
        "elliptical_fiber_ratio": 2.0,
        "ratio_droplet_embedded_length": 1.2698989898989899,
        "droplet_diameter": 0.13618181818181818,
        "contact_angle": 30.14141414141414,
        "fiber_rotation": 32.72727272727273
    },
    "mechanical_parameters": {
        "interface_friction": 0.0,
        "GI": 0.0015,
        "GII,GIII": 0.15,
        "tI=tII=tIII": 1.3,
        "blade_friction": 0.6
    }
}
