{
    "geometrical_parameters": {
        "fiber_diameter": 0.01908026755852843,
        "blade_distance": 0.21705685618729098,
        "elliptical_fiber_ratio": 1.7274247491638794,
        "ratio_droplet_embedded_length": 1.2509698996655518,
        "droplet_diameter": 0.21900334448160536,
        "contact_angle": 27.470903010033442,
        "fiber_rotation": 77.35785953177258
    },
    "mechanical_parameters": {
        "interface_friction": 0.0,
        "GI": 0.0015,
        "GII,GIII": 0.3,
        "tI=tII=tIII": 1.3,
        "blade_friction": 0.6
    }
}
