{
    "geometrical_parameters": {
        "fiber_diameter": 0.021440881763527056,
        "blade_distance": 0.12605210420841684,
        "elliptical_fiber_ratio": 1.7244488977955912,
        "ratio_droplet_embedded_length": 1.384448897795591,
        "droplet_diameter": 0.20405210420841685,
        "contact_angle": 18.094589178356713,
        "fiber_rotation": 29.93987975951904
    },
    "mechanical_parameters": {
        "interface_friction": 0.0,
        "tI": 1,
        "tII,tIII": 1.3,
        "GI": 0.015,
        "GII,GIII": 0.1,
        "blade_friction": 0.6
    }
}
