{
    "geometrical_parameters": {
        "fiber_diameter": 0.021,
        "blade_distance": 0.15,
        "elliptical_fiber_ratio": 1.0,
        "ratio_droplet_embedded_length": 1.36,
        "droplet_diameter": 0.162,
        "contact_angle": 25.7,
        "fiber_rotation": 0
    },
    "mechanical_parameters": {
        "interface_friction": 0.7464882943143814,
        "tI": 0.3294314381270903,
        "tII,tIII": 1.8645484949832776,
        "GI": 0.0748361204013378,
        "GII,GIII": 0.09521739130434782,
        "blade_friction": 0.07224080267558529
    }
}
