{
    "geometrical_parameters": {
        "fiber_diameter": 0.02481818181818182,
        "blade_distance": 0.08670336652661029,
        "elliptical_fiber_ratio": 1.8484848484848486,
        "ratio_droplet_embedded_length": 1.3216161616161615,
        "droplet_diameter": 0.1648181818181818,
        "contact_angle": 20.252525252525253,
        "fiber_rotation": 57.27272727272727
    },
    "mechanical_parameters": {
        "interface_friction": 0.0,
        "GI": 0.015,
        "GII,GIII": 0.3,
        "tI=tII=tIII": 1.3,
        "blade_friction": 0.6
    }
}
