{
    "geometrical_parameters": {
        "fiber_diameter": 0.01718181818181818,
        "blade_distance_ratio_to_fiber_diameter": 3.257575757575758,
        "elliptical_fiber_ratio": 2.2525252525252526,
        "ratio_droplet_embedded_length": 1.2117171717171717,
        "droplet_diameter": 0.1920909090909091,
        "contact_angle": 20.61212121212121,
        "fiber_rotation": 12.727272727272725
    },
    "mechanical_parameters": {
        "interface_friction": 0.0,
        "GI": 0.015,
        "GII,GIII": 0.3,
        "tI=tII=tIII": 1.3,
        "blade_friction": 0.6
    }
}
