{
    "geometrical_parameters": {
        "fiber_diameter": 0.02305351170568562,
        "blade_distance": 0.18528428093645485,
        "elliptical_fiber_ratio": 2.1638795986622075,
        "ratio_droplet_embedded_length": 1.3408695652173912,
        "droplet_diameter": 0.20726421404682277,
        "contact_angle": 31.102341137123737,
        "fiber_rotation": 22.5752508361204
    },
    "mechanical_parameters": {
        "interface_friction": 0.0,
        "tI": 1,
        "tII,tIII": 1.3,
        "GI": 0.01,
        "GII,GIII": 0.15,
        "blade_friction": 0.8
    }
}
