{
    "geometrical_parameters": {
        "fiber_diameter": 0.020826086956521737,
        "blade_distance": 0.7695652173913045,
        "elliptical_fiber_ratio": 2.939799331103679,
        "ratio_droplet_embedded_length": 1.2734448160535117,
        "droplet_diameter": 0.17249832775919732,
        "contact_angle": 25.387290969899666,
        "fiber_rotation": 85.48494983277592
    },
    "mechanical_parameters": {
        "interface_friction": 0.0,
        "GI": 0.0015,
        "GII,GIII": 0.3,
        "tI=tII=tIII": 1.3,
        "blade_friction": 0.6
    }
}
