{
    "geometrical_parameters": {
        "fiber_diameter": 0.015344689378757515,
        "blade_distance": 0.14108216432865733,
        "elliptical_fiber_ratio": 1.1052104208416833,
        "ratio_droplet_embedded_length": 1.319679358717435,
        "droplet_diameter": 0.22569539078156312,
        "contact_angle": 24.444088176352704,
        "fiber_rotation": 58.79759519038076
    },
    "mechanical_parameters": {
        "interface_friction": 0.0,
        "tI": 1,
        "tII,tIII": 1.3,
        "GI": 0.015,
        "GII,GIII": 0.1,
        "blade_friction": 0.6
    }
}
