{
    "geometrical_parameters": {
        "fiber_diameter": 0.03027638190954774,
        "blade_distance": 0.45929648241206034,
        "elliptical_fiber_ratio": 2.809045226130653,
        "ratio_droplet_embedded_length": 1.4108542713567838,
        "droplet_diameter": 0.21196984924623116,
        "contact_angle": 22.991959798994973,
        "fiber_rotation": 23.969849246231156
    },
    "mechanical_parameters": {
        "interface_friction": 0.0,
        "GI": 0.0015,
        "GII,GIII": 0.3,
        "tI=tII=tIII": 1.3,
        "blade_friction": 0.6
    }
}
