{
    "geometrical_parameters": {
        "fiber_diameter": 0.028411371237458197,
        "blade_distance": 0.5464882943143813,
        "elliptical_fiber_ratio": 1.1505016722408028,
        "ratio_droplet_embedded_length": 1.3397993311036789,
        "droplet_diameter": 0.14089297658862876,
        "contact_angle": 20.208026755852842,
        "fiber_rotation": 89.6989966555184
    },
    "mechanical_parameters": {
        "interface_friction": 0.0,
        "tI": 1,
        "tII,tIII": 1.3,
        "GI": 0.01,
        "GII,GIII": 0.15,
        "blade_friction": 0.8
    }
}
