{
    "geometrical_parameters": {
        "fiber_diameter": 0.026725752508361206,
        "blade_distance": 0.2789297658862876,
        "elliptical_fiber_ratio": 1.7173913043478262,
        "ratio_droplet_embedded_length": 1.36,
        "droplet_diameter": 0.162,
        "contact_angle": 25.7,
        "fiber_rotation": 0
    },
    "mechanical_parameters": {
        "interface_friction": 0.0,
        "GI": 0.0015,
        "GII,GIII": 0.28859531772575253,
        "blade_friction": 0.0,
        "tI=tII=tIII": 1.7591973244147157
    }
}
