{
    "geometrical_parameters": {
        "fiber_diameter": 0.01920066889632107,
        "blade_distance": 0.18361204013377927,
        "elliptical_fiber_ratio": 1.9933110367892977,
        "ratio_droplet_embedded_length": 1.36,
        "droplet_diameter": 0.162,
        "contact_angle": 25.7,
        "fiber_rotation": 0
    },
    "mechanical_parameters": {
        "interface_friction": 0.0,
        "GI": 0.0015,
        "GII,GIII": 0.024749163879598662,
        "blade_friction": 0.0,
        "tI=tII=tIII": 0.8812709030100334
    }
}
