{
    "geometrical_parameters": {
        "fiber_diameter": 0.027363636363636364,
        "blade_distance": 0.10754095441622,
        "elliptical_fiber_ratio": 2.353535353535354,
        "ratio_droplet_embedded_length": 1.231111111111111,
        "droplet_diameter": 0.20436363636363636,
        "contact_angle": 16.476767676767675,
        "fiber_rotation": 74.54545454545455
    },
    "mechanical_parameters": {
        "interface_friction": 0.0,
        "GI": 0.015,
        "GII,GIII": 0.3,
        "tI=tII=tIII": 1.3,
        "blade_friction": 0.6
    }
}
