{
    "geometrical_parameters": {
        "fiber_diameter": 0.02768896321070234,
        "elliptical_fiber_ratio": 1.0,
        "blade_distance": 0.3290969899665552,
        "ratio_droplet_embedded_length": 1.36,
        "droplet_diameter": 0.19101003344481604,
        "contact_angle": 25.7,
        "fiber_rotation": 0
    },
    "mechanical_parameters": {
        "interface_friction": 0.0,
        "GI": 0.0015,
        "GII,GIII": 0.0657190635451505,
        "blade_friction": 0.0,
        "tI=tII=tIII": 0.7307692307692308
    }
}
