{
    "geometrical_parameters": {
        "fiber_diameter": 0.02022408026755853,
        "blade_distance": 0.22040133779264215,
        "elliptical_fiber_ratio": 2.0484949832775916,
        "ratio_droplet_embedded_length": 1.36,
        "droplet_diameter": 0.162,
        "contact_angle": 25.7,
        "fiber_rotation": 0
    },
    "mechanical_parameters": {
        "interface_friction": 0.0,
        "GI": 0.0015,
        "GII,GIII": 0.44100334448160533,
        "blade_friction": 0.0,
        "tI=tII=tIII": 1.6588628762541806
    }
}
