{
    "geometrical_parameters": {
        "fiber_diameter": 0.019384769539078157,
        "blade_distance": 0.5432865731462927,
        "elliptical_fiber_ratio": 1.844689378757515,
        "ratio_droplet_embedded_length": 1.435751503006012,
        "droplet_diameter": 0.10801002004008016,
        "contact_angle": 20.020841683366733,
        "fiber_rotation": 18.937875751503004
    },
    "mechanical_parameters": {
        "interface_friction": 0.0,
        "tI": 1,
        "tII,tIII": 1.3,
        "GI": 0.01,
        "GII,GIII": 0.15,
        "blade_friction": 0.6
    }
}
