{
    "geometrical_parameters": {
        "fiber_diameter": 0.021,
        "blade_distance_ratio_to_fiber_diameter": 3.712121212121212,
        "elliptical_fiber_ratio": 1.8282828282828283,
        "ratio_droplet_embedded_length": 1.437979797979798,
        "droplet_diameter": 0.1648181818181818,
        "contact_angle": 24.747474747474747,
        "fiber_rotation": 9.090909090909092
    },
    "mechanical_parameters": {
        "interface_friction": 0.0,
        "GI": 0.015,
        "GII,GIII": 0.3,
        "tI=tII=tIII": 1.3,
        "blade_friction": 0.6
    }
}
