{
    "geometrical_parameters": {
        "fiber_diameter": 0.021,
        "blade_distance": 0.15,
        "elliptical_fiber_ratio": 1.0,
        "ratio_droplet_embedded_length": 1.36,
        "droplet_diameter": 0.162,
        "contact_angle": 25.7,
        "fiber_rotation": 0
    },
    "mechanical_parameters": {
        "interface_friction": 0.7277591973244147,
        "tI": 1.4859531772575252,
        "tII,tIII": 0.8612040133779264,
        "GI": 0.03344816053511706,
        "GII,GIII": 0.409866220735786,
        "blade_friction": 0.13913043478260873
    }
}
