{
    "geometrical_parameters": {
        "fiber_diameter": 0.021,
        "blade_distance": 0.042,
        "elliptical_fiber_ratio": 1.0,
        "ratio_droplet_embedded_length": 1.36,
        "droplet_diameter": 0.162,
        "contact_angle": 25.7,
        "fiber_rotation": 0
    },
    "mechanical_parameters": {
        "interface_friction": 0.5110367892976589,
        "GI": 0.0894046822742475,
        "GII,GIII": 0.19026755852842808,
        "tI=tII=tIII": 1.8093645484949832,
        "blade_friction": 0.12842809364548494
    }
}
