{
    "geometrical_parameters": {
        "fiber_diameter": 0.01920066889632107,
        "elliptical_fiber_ratio": 1.0,
        "blade_distance": 0.5046822742474917,
        "ratio_droplet_embedded_length": 1.36,
        "droplet_diameter": 0.1539866220735786,
        "contact_angle": 25.7,
        "fiber_rotation": 0
    },
    "mechanical_parameters": {
        "interface_friction": 0.0,
        "GI": 0.0015,
        "GII,GIII": 0.18535117056856187,
        "blade_friction": 0.0,
        "tI=tII=tIII": 1.9448160535117058
    }
}
