{
    "geometrical_parameters": {
        "fiber_diameter": 0.013904522613065327,
        "blade_distance": 0.7125628140703517,
        "elliptical_fiber_ratio": 1.7437185929648242,
        "ratio_droplet_embedded_length": 1.3899497487437185,
        "droplet_diameter": 0.15227135678391962,
        "contact_angle": 24.691457286432158,
        "fiber_rotation": 75.07537688442211
    },
    "mechanical_parameters": {
        "interface_friction": 0.0,
        "GI": 0.0015,
        "GII,GIII": 0.3,
        "tI=tII=tIII": 1.3,
        "blade_friction": 0.6
    }
}
