{
    "geometrical_parameters": {
        "fiber_diameter": 0.014505016722408027,
        "blade_distance": 0.5866220735785953,
        "elliptical_fiber_ratio": 2.12876254180602,
        "ratio_droplet_embedded_length": 1.36,
        "droplet_diameter": 0.162,
        "contact_angle": 25.7,
        "fiber_rotation": 0
    },
    "mechanical_parameters": {
        "interface_friction": 0.0,
        "GI": 0.0015,
        "GII,GIII": 0.11324414715719064,
        "blade_friction": 0.0,
        "tI=tII=tIII": 1.7491638795986624
    }
}
