{
    "geometrical_parameters": {
        "fiber_diameter": 0.02663636363636364,
        "blade_distance_ratio_to_fiber_diameter": 2.1969696969696972,
        "elliptical_fiber_ratio": 1.4848484848484849,
        "ratio_droplet_embedded_length": 1.1632323232323232,
        "droplet_diameter": 0.11845454545454545,
        "contact_angle": 17.915151515151514,
        "fiber_rotation": 18.181818181818183
    },
    "mechanical_parameters": {
        "interface_friction": 0.0,
        "GI": 0.015,
        "GII,GIII": 0.3,
        "tI=tII=tIII": 1.3,
        "blade_friction": 0.6
    }
}
