{
    "geometrical_parameters": {
        "fiber_diameter": 0.019363636363636364,
        "blade_distance": 0.07089359674891921,
        "elliptical_fiber_ratio": 1.6666666666666667,
        "ratio_droplet_embedded_length": 1.2569696969696968,
        "droplet_diameter": 0.113,
        "contact_angle": 26.545454545454543,
        "fiber_rotation": 24.545454545454547
    },
    "mechanical_parameters": {
        "interface_friction": 0.0,
        "GI": 0.015,
        "GII,GIII": 0.3,
        "tI=tII=tIII": 1.3,
        "blade_friction": 0.6
    }
}
