{
    "geometrical_parameters": {
        "fiber_diameter": 0.01880761523046092,
        "elliptical_fiber_ratio": 1.0,
        "blade_distance": 0.23927855711422846,
        "ratio_droplet_embedded_length": 1.36,
        "droplet_diameter": 0.12451302605210421,
        "contact_angle": 25.7,
        "fiber_rotation": 0
    },
    "mechanical_parameters": {
        "interface_friction": 0.0,
        "GI": 0.0015,
        "GII,GIII": 0.3851102204408818,
        "blade_friction": 0.0,
        "tI=tII=tIII": 1.717434869739479
    }
}
