{
    "geometrical_parameters": {
        "fiber_diameter": 0.017328657314629257,
        "elliptical_fiber_ratio": 1.0,
        "blade_distance": 0.3354709418837675,
        "ratio_droplet_embedded_length": 1.36,
        "droplet_diameter": 0.14723847695390782,
        "contact_angle": 25.7,
        "fiber_rotation": 0
    },
    "mechanical_parameters": {
        "interface_friction": 0.0,
        "GI": 0.0015,
        "GII,GIII": 0.11997995991983967,
        "blade_friction": 0.0,
        "tI=tII=tIII": 1.0531062124248498
    }
}
