{
    "geometrical_parameters": {
        "fiber_diameter": 0.022210702341137124,
        "elliptical_fiber_ratio": 1.0,
        "blade_distance": 0.5916387959866221,
        "ratio_droplet_embedded_length": 1.36,
        "droplet_diameter": 0.19281605351170572,
        "contact_angle": 25.7,
        "fiber_rotation": 0
    },
    "mechanical_parameters": {
        "interface_friction": 0.0,
        "GI": 0.0015,
        "GII,GIII": 0.4508361204013378,
        "blade_friction": 0.0,
        "tI=tII=tIII": 0.725752508361204
    }
}
