{
    "geometrical_parameters": {
        "fiber_diameter": 0.028471571906354513,
        "elliptical_fiber_ratio": 1.0,
        "blade_distance": 0.4628762541806021,
        "ratio_droplet_embedded_length": 1.36,
        "droplet_diameter": 0.11967224080267559,
        "contact_angle": 25.7,
        "fiber_rotation": 0
    },
    "mechanical_parameters": {
        "interface_friction": 0.0,
        "GI": 0.0015,
        "GII,GIII": 0.2017391304347826,
        "blade_friction": 0.0,
        "tI=tII=tIII": 0.8461538461538461
    }
}
