{
    "geometrical_parameters": {
        "fiber_diameter": 0.02732064128256513,
        "blade_distance": 0.5869739478957916,
        "elliptical_fiber_ratio": 2.3527054108216436,
        "ratio_droplet_embedded_length": 1.2087374749498998,
        "droplet_diameter": 0.17862124248496997,
        "contact_angle": 30.080160320641284,
        "fiber_rotation": 80.44088176352706
    },
    "mechanical_parameters": {
        "interface_friction": 0.0,
        "tI": 1,
        "tII,tIII": 1.3,
        "GI": 0.015,
        "GII,GIII": 0.1,
        "blade_friction": 0.6
    }
}
