{
    "geometrical_parameters": {
        "fiber_diameter": 0.024016722408026756,
        "blade_distance": 0.44113712374581937,
        "elliptical_fiber_ratio": 1.2157190635451505,
        "ratio_droplet_embedded_length": 1.4585953177257525,
        "droplet_diameter": 0.13863545150501672,
        "contact_angle": 30.62608695652174,
        "fiber_rotation": 74.94983277591973
    },
    "mechanical_parameters": {
        "interface_friction": 0.0,
        "tI": 1,
        "tII,tIII": 1.3,
        "GI": 0.01,
        "GII,GIII": 0.15,
        "blade_friction": 0.8
    }
}
