{
    "geometrical_parameters": {
        "fiber_diameter": 0.019983277591973245,
        "blade_distance": 0.5682274247491639,
        "elliptical_fiber_ratio": 1.3311036789297659,
        "ratio_droplet_embedded_length": 1.36,
        "droplet_diameter": 0.162,
        "contact_angle": 25.7,
        "fiber_rotation": 0
    },
    "mechanical_parameters": {
        "interface_friction": 0.0,
        "GI": 0.0015,
        "GII,GIII": 0.37872909698996654,
        "blade_friction": 0.0,
        "tI=tII=tIII": 1.8093645484949832
    }
}
