{
    "geometrical_parameters": {
        "fiber_diameter": 0.01572727272727273,
        "blade_distance": 0.1964185805119875,
        "elliptical_fiber_ratio": 1.787878787878788,
        "ratio_droplet_embedded_length": 1.353939393939394,
        "droplet_diameter": 0.20163636363636367,
        "contact_angle": 18.814141414141414,
        "fiber_rotation": 11.81818181818182
    },
    "mechanical_parameters": {
        "interface_friction": 0.0,
        "GI": 0.015,
        "GII,GIII": 0.3,
        "tI=tII=tIII": 1.3,
        "blade_friction": 0.6
    }
}
