{
    "geometrical_parameters": {
        "fiber_diameter": 0.013842809364548495,
        "blade_distance": 0.5581939799331104,
        "elliptical_fiber_ratio": 1.3260869565217392,
        "ratio_droplet_embedded_length": 1.36,
        "droplet_diameter": 0.162,
        "contact_angle": 25.7,
        "fiber_rotation": 0
    },
    "mechanical_parameters": {
        "interface_friction": 0.0,
        "GI": 0.0015,
        "GII,GIII": 0.34759197324414715,
        "blade_friction": 0.0,
        "tI=tII=tIII": 0.8561872909698997
    }
}
