{
    "geometrical_parameters": {
        "fiber_diameter": 0.022234468937875753,
        "elliptical_fiber_ratio": 1.0,
        "blade_distance": 0.1781563126252505,
        "ratio_droplet_embedded_length": 1.36,
        "droplet_diameter": 0.18159719438877758,
        "contact_angle": 25.7,
        "fiber_rotation": 0
    },
    "mechanical_parameters": {
        "interface_friction": 0.0,
        "GI": 0.0015,
        "GII,GIII": 0.3271743486973948,
        "blade_friction": 0.0,
        "tI=tII=tIII": 0.8216432865731462
    }
}
