{
    "geometrical_parameters": {
        "fiber_diameter": 0.019817635270541083,
        "elliptical_fiber_ratio": 1.0,
        "blade_distance": 0.538877755511022,
        "ratio_droplet_embedded_length": 1.36,
        "droplet_diameter": 0.15210821643286573,
        "contact_angle": 25.7,
        "fiber_rotation": 0
    },
    "mechanical_parameters": {
        "interface_friction": 0.0,
        "GI": 0.0015,
        "GII,GIII": 0.051242484969939876,
        "blade_friction": 0.0,
        "tI=tII=tIII": 1.2575150300601203
    }
}
