{
    "geometrical_parameters": {
        "fiber_diameter": 0.021307692307692305,
        "blade_distance": 0.16555183946488294,
        "elliptical_fiber_ratio": 1.3076923076923077,
        "ratio_droplet_embedded_length": 1.211371237458194,
        "droplet_diameter": 0.15759866220735785,
        "contact_angle": 22.88695652173913,
        "fiber_rotation": 87.29096989966555
    },
    "mechanical_parameters": {
        "interface_friction": 0.0,
        "GI": 0.0015,
        "GII,GIII": 0.3,
        "tI=tII=tIII": 1.3,
        "blade_friction": 0.6
    }
}
