{
    "geometrical_parameters": {
        "fiber_diameter": 0.0198628762541806,
        "blade_distance": 0.5431438127090301,
        "elliptical_fiber_ratio": 1.4615384615384615,
        "ratio_droplet_embedded_length": 1.4382608695652173,
        "droplet_diameter": 0.14947157190635452,
        "contact_angle": 27.113712374581937,
        "fiber_rotation": 13.244147157190634
    },
    "mechanical_parameters": {
        "interface_friction": 0.0,
        "tI": 1,
        "tII,tIII": 1.3,
        "GI": 0.01,
        "GII,GIII": 0.15,
        "blade_friction": 0.8
    }
}
