{
    "geometrical_parameters": {
        "fiber_diameter": 0.027387959866220737,
        "blade_distance": 0.3073578595317726,
        "elliptical_fiber_ratio": 1.5367892976588626,
        "ratio_droplet_embedded_length": 1.4639464882943143,
        "droplet_diameter": 0.15488963210702342,
        "contact_angle": 31.04280936454849,
        "fiber_rotation": 58.69565217391304
    },
    "mechanical_parameters": {
        "interface_friction": 0.0,
        "tI": 1,
        "tII,tIII": 1.3,
        "GI": 0.01,
        "GII,GIII": 0.15,
        "blade_friction": 0.8
    }
}
