{
    "geometrical_parameters": {
        "fiber_diameter": 0.029434782608695656,
        "blade_distance": 0.28963210702341136,
        "elliptical_fiber_ratio": 2.190635451505017,
        "ratio_droplet_embedded_length": 1.4564548494983276,
        "droplet_diameter": 0.22261538461538463,
        "contact_angle": 26.28026755852843,
        "fiber_rotation": 0.6020066889632106
    },
    "mechanical_parameters": {
        "interface_friction": 0.0,
        "GI": 0.0015,
        "GII,GIII": 0.3,
        "tI=tII=tIII": 1.3,
        "blade_friction": 0.6
    }
}
