{
    "geometrical_parameters": {
        "fiber_diameter": 0.023893787575150302,
        "blade_distance": 0.28965931863727457,
        "elliptical_fiber_ratio": 2.376753507014028,
        "ratio_droplet_embedded_length": 1.394068136272545,
        "droplet_diameter": 0.1055751503006012,
        "contact_angle": 16.09699398797595,
        "fiber_rotation": 20.200400801603205
    },
    "mechanical_parameters": {
        "interface_friction": 0.0,
        "tI": 1,
        "tII,tIII": 1.3,
        "GI": 0.01,
        "GII,GIII": 0.15,
        "blade_friction": 0.6
    }
}
