{
    "geometrical_parameters": {
        "fiber_diameter": 0.02324448897795591,
        "elliptical_fiber_ratio": 1.0,
        "blade_distance": 0.11503006012024049,
        "ratio_droplet_embedded_length": 1.36,
        "droplet_diameter": 0.19458316633266534,
        "contact_angle": 25.7,
        "fiber_rotation": 0
    },
    "mechanical_parameters": {
        "interface_friction": 0.0,
        "GI": 0.0015,
        "GII,GIII": 0.09837675350701403,
        "blade_friction": 0.0,
        "tI=tII=tIII": 1.534068136272545
    }
}
