{
    "geometrical_parameters": {
        "fiber_diameter": 0.025702341137123746,
        "elliptical_fiber_ratio": 1.0,
        "blade_distance": 0.3491638795986622,
        "ratio_droplet_embedded_length": 1.36,
        "droplet_diameter": 0.10973913043478262,
        "contact_angle": 25.7,
        "fiber_rotation": 0
    },
    "mechanical_parameters": {
        "interface_friction": 0.0,
        "GI": 0.0015,
        "GII,GIII": 0.3410367892976589,
        "blade_friction": 0.0,
        "tI=tII=tIII": 1.4030100334448161
    }
}
