{
    "geometrical_parameters": {
        "fiber_diameter": 0.02081818181818182,
        "blade_distance": 0.11988671953282727,
        "elliptical_fiber_ratio": 2.353535353535354,
        "ratio_droplet_embedded_length": 1.2860606060606061,
        "droplet_diameter": 0.158,
        "contact_angle": 22.05050505050505,
        "fiber_rotation": 22.727272727272727
    },
    "mechanical_parameters": {
        "interface_friction": 0.0,
        "GI": 0.0015,
        "GII,GIII": 0.3,
        "tI=tII=tIII": 1.3,
        "blade_friction": 0.6
    }
}
