{
    "geometrical_parameters": {
        "fiber_diameter": 0.013722408026755853,
        "blade_distance": 0.5612040133779265,
        "elliptical_fiber_ratio": 1.8628762541806019,
        "ratio_droplet_embedded_length": 1.2391973244147156,
        "droplet_diameter": 0.22622742474916388,
        "contact_angle": 15.02876254180602,
        "fiber_rotation": 46.053511705685615
    },
    "mechanical_parameters": {
        "interface_friction": 0.0,
        "GI": 0.0015,
        "GII,GIII": 0.3,
        "tI=tII=tIII": 1.3,
        "blade_friction": 0.6
    }
}
