{
    "geometrical_parameters": {
        "fiber_diameter": 0.021,
        "blade_distance": 0.15,
        "elliptical_fiber_ratio": 1.0,
        "ratio_droplet_embedded_length": 1.36,
        "droplet_diameter": 0.162,
        "contact_angle": 25.7,
        "fiber_rotation": 0
    },
    "mechanical_parameters": {
        "interface_friction": 0.07224080267558529,
        "GI": 0.02119732441471572,
        "GII,GIII": 0.3082608695652174,
        "tI=tII=tIII": 1.2173913043478262,
        "blade_friction": 0.5591973244147157
    }
}
