{
    "geometrical_parameters": {
        "fiber_diameter": 0.026130260521042087,
        "elliptical_fiber_ratio": 1.0,
        "blade_distance": 0.16412825651302604,
        "ratio_droplet_embedded_length": 1.36,
        "droplet_diameter": 0.13046492985971944,
        "contact_angle": 25.7,
        "fiber_rotation": 0
    },
    "mechanical_parameters": {
        "interface_friction": 0.0,
        "GI": 0.0015,
        "GII,GIII": 0.4194789579158316,
        "blade_friction": 0.0,
        "tI=tII=tIII": 0.9749498997995991
    }
}
