{
    "geometrical_parameters": {
        "fiber_diameter": 0.01628256513026052,
        "blade_distance": 0.2672144288577154,
        "elliptical_fiber_ratio": 1.853707414829659,
        "ratio_droplet_embedded_length": 1.1753907815631262,
        "droplet_diameter": 0.22190781563126255,
        "contact_angle": 20.76993987975952,
        "fiber_rotation": 69.61923847695391
    },
    "mechanical_parameters": {
        "interface_friction": 0.0,
        "tI": 1,
        "tII,tIII": 1.3,
        "GI": 0.01,
        "GII,GIII": 0.15,
        "blade_friction": 0.6
    }
}
