{
    "geometrical_parameters": {
        "fiber_diameter": 0.021,
        "blade_distance": 0.15,
        "elliptical_fiber_ratio": 1.0,
        "ratio_droplet_embedded_length": 1.36,
        "droplet_diameter": 0.162,
        "contact_angle": 25.7,
        "fiber_rotation": 0
    },
    "mechanical_parameters": {
        "interface_friction": 0.3210702341137124,
        "GI": 0.041725752508361205,
        "GII,GIII": 0.2525418060200668,
        "tI=tII=tIII": 1.2224080267558528,
        "blade_friction": 0.09364548494983278
    }
}
