{
    "geometrical_parameters": {
        "fiber_diameter": 0.021,
        "blade_distance": 0.042,
        "elliptical_fiber_ratio": 1.0,
        "ratio_droplet_embedded_length": 1.36,
        "droplet_diameter": 0.162,
        "contact_angle": 25.7,
        "fiber_rotation": 0
    },
    "mechanical_parameters": {
        "interface_friction": 0.19799331103678933,
        "GI": 0.09337792642140469,
        "GII,GIII": 0.21157190635451506,
        "tI=tII=tIII": 0.8210702341137124,
        "blade_friction": 0.35050167224080264
    }
}
