{
    "geometrical_parameters": {
        "fiber_diameter": 0.02964321608040201,
        "blade_distance": 0.2693467336683417,
        "elliptical_fiber_ratio": 1.6130653266331658,
        "ratio_droplet_embedded_length": 1.2162814070351757,
        "droplet_diameter": 0.20857788944723618,
        "contact_angle": 16.462311557788944,
        "fiber_rotation": 68.29145728643216
    },
    "mechanical_parameters": {
        "interface_friction": 0.0,
        "GI": 0.0015,
        "GII,GIII": 0.3,
        "tI=tII=tIII": 1.3,
        "blade_friction": 0.6
    }
}
