{
    "geometrical_parameters": {
        "fiber_diameter": 0.02620240480961924,
        "blade_distance": 0.28236472945891783,
        "elliptical_fiber_ratio": 1.279559118236473,
        "ratio_droplet_embedded_length": 1.214509018036072,
        "droplet_diameter": 0.10314028056112225,
        "contact_angle": 21.661723446893788,
        "fiber_rotation": 76.47294589178357
    },
    "mechanical_parameters": {
        "interface_friction": 0.0,
        "tI": 1,
        "tII,tIII": 1.3,
        "GI": 0.015,
        "GII,GIII": 0.1,
        "blade_friction": 0.6
    }
}
