{
    "geometrical_parameters": {
        "fiber_diameter": 0.015046822742474916,
        "blade_distance": 0.27391304347826084,
        "elliptical_fiber_ratio": 1.5819397993311037,
        "ratio_droplet_embedded_length": 1.36,
        "droplet_diameter": 0.162,
        "contact_angle": 25.7,
        "fiber_rotation": 0
    },
    "mechanical_parameters": {
        "interface_friction": 0.0,
        "GI": 0.0015,
        "GII,GIII": 0.14929765886287627,
        "blade_friction": 0.0,
        "tI=tII=tIII": 1.2474916387959865
    }
}
