{
    "geometrical_parameters": {
        "fiber_diameter": 0.01637123745819398,
        "elliptical_fiber_ratio": 1.0,
        "blade_distance": 0.4260869565217391,
        "ratio_droplet_embedded_length": 1.36,
        "droplet_diameter": 0.1982341137123746,
        "contact_angle": 25.7,
        "fiber_rotation": 0
    },
    "mechanical_parameters": {
        "interface_friction": 0.0,
        "GI": 0.0015,
        "GII,GIII": 0.37217391304347824,
        "blade_friction": 0.0,
        "tI=tII=tIII": 1.7591973244147157
    }
}
