{
    "geometrical_parameters": {
        "fiber_diameter": 0.030422845691382767,
        "blade_distance": 0.5253306613226453,
        "elliptical_fiber_ratio": 2.3857715430861726,
        "ratio_droplet_embedded_length": 1.3453306613226452,
        "droplet_diameter": 0.11991382765531063,
        "contact_angle": 20.48456913827655,
        "fiber_rotation": 33.0060120240481
    },
    "mechanical_parameters": {
        "interface_friction": 0.0,
        "tI": 1,
        "tII,tIII": 1.3,
        "GI": 0.01,
        "GII,GIII": 0.15,
        "blade_friction": 0.6
    }
}
