{
    "geometrical_parameters": {
        "fiber_diameter": 0.025753768844221106,
        "blade_distance": 0.4894472361809046,
        "elliptical_fiber_ratio": 1.5628140703517588,
        "ratio_droplet_embedded_length": 1.1792964824120602,
        "droplet_diameter": 0.18619095477386938,
        "contact_angle": 18.16180904522613,
        "fiber_rotation": 38.89447236180905
    },
    "mechanical_parameters": {
        "interface_friction": 0.0,
        "GI": 0.0015,
        "GII,GIII": 0.3,
        "tI=tII=tIII": 1.3,
        "blade_friction": 0.6
    }
}
