{
    "geometrical_parameters": {
        "fiber_diameter": 0.019501672240802674,
        "blade_distance": 0.40936454849498327,
        "elliptical_fiber_ratio": 2.3193979933110365,
        "ratio_droplet_embedded_length": 1.36,
        "droplet_diameter": 0.162,
        "contact_angle": 25.7,
        "fiber_rotation": 0
    },
    "mechanical_parameters": {
        "interface_friction": 0.0,
        "GI": 0.0015,
        "GII,GIII": 0.21812709030100336,
        "blade_friction": 0.0,
        "tI=tII=tIII": 0.5752508361204014
    }
}
