{
    "geometrical_parameters": {
        "fiber_diameter": 0.021,
        "blade_distance": 0.15,
        "elliptical_fiber_ratio": 1.0,
        "ratio_droplet_embedded_length": 1.36,
        "droplet_diameter": 0.162,
        "contact_angle": 25.7,
        "fiber_rotation": 0
    },
    "mechanical_parameters": {
        "interface_friction": 0.7625418060200669,
        "GI": 0.08344481605351171,
        "GII,GIII": 0.455752508361204,
        "tI=tII=tIII": 1.7842809364548495,
        "blade_friction": 0.11505016722408028
    }
}
