{
    "geometrical_parameters": {
        "fiber_diameter": 0.020826086956521737,
        "blade_distance": 0.37090301003344484,
        "elliptical_fiber_ratio": 2.29933110367893,
        "ratio_droplet_embedded_length": 1.36,
        "droplet_diameter": 0.162,
        "contact_angle": 25.7,
        "fiber_rotation": 45
    },
    "mechanical_parameters": {
        "interface_friction": 0.0,
        "GI": 0.0015,
        "GII,GIII": 0.21812709030100336,
        "blade_friction": 0.0,
        "tI=tII=tIII": 0.6454849498327759
    }
}
