{
    "geometrical_parameters": {
        "fiber_diameter": 0.03087959866220736,
        "blade_distance": 0.491304347826087,
        "elliptical_fiber_ratio": 1.8729096989966556,
        "ratio_droplet_embedded_length": 1.4008026755852843,
        "droplet_diameter": 0.11741471571906355,
        "contact_angle": 24.97056856187291,
        "fiber_rotation": 18.96321070234114
    },
    "mechanical_parameters": {
        "interface_friction": 0.0,
        "tI": 1,
        "tII,tIII": 1.3,
        "GI": 0.01,
        "GII,GIII": 0.15,
        "blade_friction": 0.8
    }
}
