{
    "geometrical_parameters": {
        "fiber_diameter": 0.015107023411371236,
        "blade_distance": 0.27224080267558526,
        "elliptical_fiber_ratio": 2.4899665551839463,
        "ratio_droplet_embedded_length": 1.1728428093645484,
        "droplet_diameter": 0.14992307692307694,
        "contact_angle": 23.303678929765884,
        "fiber_rotation": 70.73578595317726
    },
    "mechanical_parameters": {
        "interface_friction": 0.0,
        "GI": 0.0015,
        "GII,GIII": 0.3,
        "tI=tII=tIII": 1.3,
        "blade_friction": 0.6
    }
}
