{
    "geometrical_parameters": {
        "fiber_diameter": 0.021,
        "blade_distance": 0.15,
        "elliptical_fiber_ratio": 1.0,
        "ratio_droplet_embedded_length": 1.36,
        "droplet_diameter": 0.162,
        "contact_angle": 25.7,
        "fiber_rotation": 0
    },
    "mechanical_parameters": {
        "interface_friction": 0.717056856187291,
        "GI": 0.0894046822742475,
        "GII,GIII": 0.4803344481605351,
        "tI=tII=tIII": 1.3227424749163879,
        "blade_friction": 0.4923076923076924
    }
}
