{
    "geometrical_parameters": {
        "fiber_diameter": 0.024558528428093647,
        "blade_distance": 0.5414715719063545,
        "elliptical_fiber_ratio": 2.1438127090301005,
        "ratio_droplet_embedded_length": 1.36,
        "droplet_diameter": 0.162,
        "contact_angle": 25.7,
        "fiber_rotation": 0
    },
    "mechanical_parameters": {
        "interface_friction": 0.0,
        "GI": 0.0015,
        "GII,GIII": 0.36725752508361204,
        "blade_friction": 0.0,
        "tI=tII=tIII": 1.5133779264214047
    }
}
