{
    "geometrical_parameters": {
        "fiber_diameter": 0.018719063545150502,
        "blade_distance": 0.4060200668896321,
        "elliptical_fiber_ratio": 1.2709030100334449,
        "ratio_droplet_embedded_length": 1.36,
        "droplet_diameter": 0.162,
        "contact_angle": 25.7,
        "fiber_rotation": 0
    },
    "mechanical_parameters": {
        "interface_friction": 0.0,
        "GI": 0.0015,
        "GII,GIII": 0.2263210702341137,
        "blade_friction": 0.0,
        "tI=tII=tIII": 1.8394648829431437
    }
}
