{
    "geometrical_parameters": {
        "fiber_diameter": 0.028366733466933868,
        "blade_distance": 0.24829659318637273,
        "elliptical_fiber_ratio": 1.532064128256513,
        "ratio_droplet_embedded_length": 1.1965531062124248,
        "droplet_diameter": 0.11152705410821644,
        "contact_angle": 17.809218436873746,
        "fiber_rotation": 80.98196392785572
    },
    "mechanical_parameters": {
        "interface_friction": 0.0,
        "tI": 1,
        "tII,tIII": 1.3,
        "GI": 0.015,
        "GII,GIII": 0.1,
        "blade_friction": 0.6
    }
}
