{
    "geometrical_parameters": {
        "fiber_diameter": 0.025702341137123746,
        "blade_distance": 0.4277591973244147,
        "elliptical_fiber_ratio": 1.7274247491638794,
        "ratio_droplet_embedded_length": 1.36,
        "droplet_diameter": 0.162,
        "contact_angle": 25.7,
        "fiber_rotation": 45
    },
    "mechanical_parameters": {
        "interface_friction": 0.0,
        "GI": 0.0015,
        "GII,GIII": 0.32464882943143814,
        "blade_friction": 0.0,
        "tI=tII=tIII": 1.5434782608695652
    }
}
