{
    "geometrical_parameters": {
        "fiber_diameter": 0.01715384615384615,
        "blade_distance": 0.2555183946488294,
        "elliptical_fiber_ratio": 1.7123745819397993,
        "ratio_droplet_embedded_length": 1.4735785953177256,
        "droplet_diameter": 0.1752073578595318,
        "contact_angle": 26.696989966555183,
        "fiber_rotation": 74.34782608695653
    },
    "mechanical_parameters": {
        "interface_friction": 0.0,
        "GI": 0.0015,
        "GII,GIII": 0.3,
        "tI=tII=tIII": 1.3,
        "blade_friction": 0.6
    }
}
