{
    "geometrical_parameters": {
        "fiber_diameter": 0.021,
        "blade_distance": 0.15,
        "elliptical_fiber_ratio": 1.0,
        "ratio_droplet_embedded_length": 1.36,
        "droplet_diameter": 0.162,
        "contact_angle": 25.7,
        "fiber_rotation": 0
    },
    "mechanical_parameters": {
        "interface_friction": 0.7545150501672242,
        "GI": 0.04768561872909699,
        "GII,GIII": 0.4852508361204013,
        "tI=tII=tIII": 0.5100334448160535,
        "blade_friction": 0.08026755852842811
    }
}
