{
    "geometrical_parameters": {
        "fiber_diameter": 0.02681563126252505,
        "elliptical_fiber_ratio": 1.0,
        "blade_distance": 0.5649298597194389,
        "ratio_droplet_embedded_length": 1.36,
        "droplet_diameter": 0.23164729458917835,
        "contact_angle": 25.7,
        "fiber_rotation": 0
    },
    "mechanical_parameters": {
        "interface_friction": 0.0,
        "GI": 0.0015,
        "GII,GIII": 0.035531062124248496,
        "blade_friction": 0.0,
        "tI=tII=tIII": 1.6783567134268538
    }
}
