{
    "geometrical_parameters": {
        "fiber_diameter": 0.029268537074148303,
        "blade_distance": 0.33342685370741487,
        "elliptical_fiber_ratio": 2.175350701402806,
        "ratio_droplet_embedded_length": 1.4787174348697394,
        "droplet_diameter": 0.1120681362725451,
        "contact_angle": 13.778356713426854,
        "fiber_rotation": 52.484969939879754
    },
    "mechanical_parameters": {
        "interface_friction": 0.0,
        "tI": 1,
        "tII,tIII": 1.3,
        "GI": 0.01,
        "GII,GIII": 0.15,
        "blade_friction": 0.6
    }
}
