{
    "geometrical_parameters": {
        "fiber_diameter": 0.021,
        "blade_distance": 0.15,
        "elliptical_fiber_ratio": 1.0,
        "ratio_droplet_embedded_length": 1.36,
        "droplet_diameter": 0.162,
        "contact_angle": 25.7,
        "fiber_rotation": 0
    },
    "mechanical_parameters": {
        "interface_friction": 0.3933110367892977,
        "tI": 1.1675585284280936,
        "tII,tIII": 1.8595317725752507,
        "GI": 0.004973244147157191,
        "GII,GIII": 0.3803678929765887,
        "blade_friction": 0.005351170568561873
    }
}
