{
    "geometrical_parameters": {
        "fiber_diameter": 0.018915831663326655,
        "elliptical_fiber_ratio": 1.0,
        "blade_distance": 0.13807615230460923,
        "ratio_droplet_embedded_length": 1.36,
        "droplet_diameter": 0.13208817635270542,
        "contact_angle": 25.7,
        "fiber_rotation": 0
    },
    "mechanical_parameters": {
        "interface_friction": 0.0,
        "GI": 0.0015,
        "GII,GIII": 0.3261923847695391,
        "blade_friction": 0.0,
        "tI=tII=tIII": 1.8887775551102206
    }
}
