{
    "geometrical_parameters": {
        "fiber_diameter": 0.021,
        "blade_distance": 0.042,
        "elliptical_fiber_ratio": 1.0,
        "ratio_droplet_embedded_length": 1.36,
        "droplet_diameter": 0.162,
        "contact_angle": 25.7,
        "fiber_rotation": 0
    },
    "mechanical_parameters": {
        "interface_friction": 0.3933110367892977,
        "GI": 0.022521739130434783,
        "GII,GIII": 0.27548494983277594,
        "tI=tII=tIII": 1.4130434782608696,
        "blade_friction": 0.17926421404682275
    }
}
