{
    "geometrical_parameters": {
        "fiber_diameter": 0.016852842809364547,
        "blade_distance": 0.31070234113712375,
        "elliptical_fiber_ratio": 2.1036789297658864,
        "ratio_droplet_embedded_length": 1.36,
        "droplet_diameter": 0.162,
        "contact_angle": 25.7,
        "fiber_rotation": 45
    },
    "mechanical_parameters": {
        "interface_friction": 0.0,
        "GI": 0.0015,
        "GII,GIII": 0.25745819397993314,
        "blade_friction": 0.0,
        "tI=tII=tIII": 0.5953177257525084
    }
}
