{
    "geometrical_parameters": {
        "fiber_diameter": 0.01895190380761523,
        "blade_distance": 0.3727054108216433,
        "elliptical_fiber_ratio": 2.3286573146292584,
        "ratio_droplet_embedded_length": 1.1638476953907815,
        "droplet_diameter": 0.22975350701402805,
        "contact_angle": 28.225250501002,
        "fiber_rotation": 31.92384769539078
    },
    "mechanical_parameters": {
        "interface_friction": 0.0,
        "tI": 1,
        "tII,tIII": 1.3,
        "GI": 0.01,
        "GII,GIII": 0.15,
        "blade_friction": 0.6
    }
}
