{
    "geometrical_parameters": {
        "fiber_diameter": 0.021,
        "blade_distance": 0.042,
        "elliptical_fiber_ratio": 1.0,
        "ratio_droplet_embedded_length": 1.36,
        "droplet_diameter": 0.162,
        "contact_angle": 25.7,
        "fiber_rotation": 0
    },
    "mechanical_parameters": {
        "interface_friction": 0.5806020066889633,
        "GI": 0.048347826086956515,
        "GII,GIII": 0.4508361204013378,
        "tI=tII=tIII": 1.2023411371237458,
        "blade_friction": 0.3531772575250836
    }
}
