{
    "geometrical_parameters": {
        "fiber_diameter": 0.021,
        "blade_distance": 0.15,
        "elliptical_fiber_ratio": 1.0,
        "ratio_droplet_embedded_length": 1.36,
        "droplet_diameter": 0.162,
        "contact_angle": 25.7,
        "fiber_rotation": 0
    },
    "mechanical_parameters": {
        "interface_friction": 0.7438127090301003,
        "GI": 0.07814715719063546,
        "GII,GIII": 0.35250836120401335,
        "tI=tII=tIII": 1.112040133779264,
        "blade_friction": 0.6287625418060201
    }
}
