{
    "geometrical_parameters": {
        "fiber_diameter": 0.023460921843687376,
        "blade_distance": 0.5904208416833668,
        "elliptical_fiber_ratio": 1.3547094188376754,
        "ratio_droplet_embedded_length": 1.4171543086172345,
        "droplet_diameter": 0.10503406813627254,
        "contact_angle": 30.68657314629258,
        "fiber_rotation": 25.97194388777555
    },
    "mechanical_parameters": {
        "interface_friction": 0.0,
        "tI": 1,
        "tII,tIII": 1.3,
        "GI": 0.01,
        "GII,GIII": 0.15,
        "blade_friction": 0.6
    }
}
