{
    "geometrical_parameters": {
        "fiber_diameter": 0.01718181818181818,
        "blade_distance": 0.07282969655686258,
        "elliptical_fiber_ratio": 1.1616161616161615,
        "ratio_droplet_embedded_length": 1.328080808080808,
        "droplet_diameter": 0.16209090909090912,
        "contact_angle": 26.365656565656565,
        "fiber_rotation": 55.45454545454545
    },
    "mechanical_parameters": {
        "interface_friction": 0.0,
        "GI": 0.015,
        "GII,GIII": 0.3,
        "tI=tII=tIII": 1.3,
        "blade_friction": 0.6
    }
}
