{
    "geometrical_parameters": {
        "fiber_diameter": 0.02481818181818182,
        "blade_distance": 0.07023783074176408,
        "elliptical_fiber_ratio": 2.9595959595959593,
        "ratio_droplet_embedded_length": 1.1793939393939392,
        "droplet_diameter": 0.11709090909090909,
        "contact_angle": 15.937373737373736,
        "fiber_rotation": 46.36363636363636
    },
    "mechanical_parameters": {
        "interface_friction": 0.0,
        "GI": 0.0015,
        "GII,GIII": 0.3,
        "tI=tII=tIII": 1.3,
        "blade_friction": 0.6
    }
}
