{
    "geometrical_parameters": {
        "fiber_diameter": 0.026063545150501674,
        "blade_distance": 0.28227424749163876,
        "elliptical_fiber_ratio": 1.1906354515050168,
        "ratio_droplet_embedded_length": 1.36,
        "droplet_diameter": 0.162,
        "contact_angle": 25.7,
        "fiber_rotation": 0
    },
    "mechanical_parameters": {
        "interface_friction": 0.0,
        "GI": 0.0015,
        "GII,GIII": 0.14274247491638795,
        "blade_friction": 0.0,
        "tI=tII=tIII": 1.1973244147157192
    }
}
