{
    "geometrical_parameters": {
        "fiber_diameter": 0.027086956521739133,
        "blade_distance": 0.1250836120401338,
        "elliptical_fiber_ratio": 1.6070234113712374,
        "ratio_droplet_embedded_length": 1.36,
        "droplet_diameter": 0.162,
        "contact_angle": 25.7,
        "fiber_rotation": 45
    },
    "mechanical_parameters": {
        "interface_friction": 0.0,
        "GI": 0.0015,
        "GII,GIII": 0.014916387959866221,
        "blade_friction": 0.0,
        "tI=tII=tIII": 0.7006688963210702
    }
}
