{
    "geometrical_parameters": {
        "fiber_diameter": 0.024218436873747494,
        "elliptical_fiber_ratio": 1.0,
        "blade_distance": 0.28537074148296593,
        "ratio_droplet_embedded_length": 1.36,
        "droplet_diameter": 0.17835070140280562,
        "contact_angle": 25.7,
        "fiber_rotation": 0
    },
    "mechanical_parameters": {
        "interface_friction": 0.0,
        "GI": 0.0015,
        "GII,GIII": 0.3173547094188377,
        "blade_friction": 0.0,
        "tI=tII=tIII": 1.9579158316633267
    }
}
