{
    "geometrical_parameters": {
        "fiber_diameter": 0.02609090909090909,
        "blade_distance": 0.594949494949495,
        "elliptical_fiber_ratio": 1.8484848484848484,
        "ratio_droplet_embedded_length": 1.2408080808080808,
        "droplet_diameter": 0.16345454545454546,
        "contact_angle": 18.454545454545453,
        "fiber_rotation": 63.63636363636363
    },
    "mechanical_parameters": {
        "interface_friction": 0.0,
        "tI": 0.5,
        "tII,tIII": 1.3,
        "GI": 0.3,
        "GII,GIII": 0.3,
        "blade_friction": 0.6
    }
}
