{
    "geometrical_parameters": {
        "fiber_diameter": 0.02881818181818182,
        "blade_distance": 0.06300512243166957,
        "elliptical_fiber_ratio": 2.898989898989899,
        "ratio_droplet_embedded_length": 1.1923232323232322,
        "droplet_diameter": 0.1648181818181818,
        "contact_angle": 18.993939393939392,
        "fiber_rotation": 60.909090909090914
    },
    "mechanical_parameters": {
        "interface_friction": 0.0,
        "GI": 0.015,
        "GII,GIII": 0.3,
        "tI=tII=tIII": 1.3,
        "blade_friction": 0.6
    }
}
