{
    "geometrical_parameters": {
        "fiber_diameter": 0.020464882943143813,
        "blade_distance": 0.15183946488294314,
        "elliptical_fiber_ratio": 2.334448160535117,
        "ratio_droplet_embedded_length": 1.2434782608695651,
        "droplet_diameter": 0.15308361204013377,
        "contact_angle": 29.55451505016722,
        "fiber_rotation": 86.38795986622073
    },
    "mechanical_parameters": {
        "interface_friction": 0.0,
        "GI": 0.0015,
        "GII,GIII": 0.3,
        "tI=tII=tIII": 1.3,
        "blade_friction": 0.6
    }
}
