{
    "geometrical_parameters": {
        "fiber_diameter": 0.021,
        "blade_distance": 0.15,
        "elliptical_fiber_ratio": 1.0,
        "ratio_droplet_embedded_length": 1.36,
        "droplet_diameter": 0.162,
        "contact_angle": 25.7,
        "fiber_rotation": 0
    },
    "mechanical_parameters": {
        "interface_friction": 0.2862876254180602,
        "tI": 1.368896321070234,
        "tII,tIII": 0.6003344481605352,
        "GI": 0.0175551839464883,
        "GII,GIII": 0.03458193979933111,
        "blade_friction": 0.40936454849498327
    }
}
