{
    "geometrical_parameters": {
        "fiber_diameter": 0.021066889632107025,
        "blade_distance": 0.5013377926421405,
        "elliptical_fiber_ratio": 1.2608695652173914,
        "ratio_droplet_embedded_length": 1.4243478260869564,
        "droplet_diameter": 0.15037458193979933,
        "contact_angle": 25.80401337792642,
        "fiber_rotation": 9.331103678929766
    },
    "mechanical_parameters": {
        "interface_friction": 0.0,
        "GI": 0.0015,
        "GII,GIII": 0.3,
        "tI=tII=tIII": 1.3,
        "blade_friction": 0.6
    }
}
