{
    "geometrical_parameters": {
        "fiber_diameter": 0.019501672240802674,
        "blade_distance": 0.44280936454849495,
        "elliptical_fiber_ratio": 1.3361204013377925,
        "ratio_droplet_embedded_length": 1.4521739130434783,
        "droplet_diameter": 0.14405351170568562,
        "contact_angle": 27.35183946488294,
        "fiber_rotation": 1.2040133779264213
    },
    "mechanical_parameters": {
        "interface_friction": 0.0,
        "tI": 1,
        "tII,tIII": 1.3,
        "GI": 0.01,
        "GII,GIII": 0.15,
        "blade_friction": 0.8
    }
}
