{
    "geometrical_parameters": {
        "fiber_diameter": 0.014989949748743719,
        "blade_distance": 0.48341708542713574,
        "elliptical_fiber_ratio": 2.457286432160804,
        "ratio_droplet_embedded_length": 1.3754773869346733,
        "droplet_diameter": 0.10003517587939699,
        "contact_angle": 23.79698492462311,
        "fiber_rotation": 30.301507537688444
    },
    "mechanical_parameters": {
        "interface_friction": 0.0,
        "GI": 0.0015,
        "GII,GIII": 0.3,
        "tI=tII=tIII": 1.3,
        "blade_friction": 0.6
    }
}
