{
    "geometrical_parameters": {
        "fiber_diameter": 0.021,
        "blade_distance": 0.042,
        "elliptical_fiber_ratio": 1.0,
        "ratio_droplet_embedded_length": 1.36,
        "droplet_diameter": 0.162,
        "contact_angle": 25.7,
        "fiber_rotation": 0
    },
    "mechanical_parameters": {
        "interface_friction": 0.20066889632107024,
        "GI": 0.044374581939799325,
        "GII,GIII": 0.32301003344481605,
        "tI=tII=tIII": 0.8612040133779264,
        "blade_friction": 0.2702341137123746
    }
}
