{
    "geometrical_parameters": {
        "fiber_diameter": 0.018519038076152305,
        "elliptical_fiber_ratio": 1.0,
        "blade_distance": 0.15711422845691383,
        "ratio_droplet_embedded_length": 1.36,
        "droplet_diameter": 0.10530460921843687,
        "contact_angle": 25.7,
        "fiber_rotation": 0
    },
    "mechanical_parameters": {
        "interface_friction": 0.0,
        "GI": 0.0015,
        "GII,GIII": 0.36350701402805613,
        "blade_friction": 0.0,
        "tI=tII=tIII": 0.8937875751503006
    }
}
