{
    "geometrical_parameters": {
        "fiber_diameter": 0.024903807615230464,
        "blade_distance": 0.17314629258517034,
        "elliptical_fiber_ratio": 1.8627254509018036,
        "ratio_droplet_embedded_length": 1.1971943887775551,
        "droplet_diameter": 0.17780961923847696,
        "contact_angle": 23.87334669338677,
        "fiber_rotation": 88.55711422845691
    },
    "mechanical_parameters": {
        "interface_friction": 0.0,
        "tI": 1,
        "tII,tIII": 1.3,
        "GI": 0.015,
        "GII,GIII": 0.1,
        "blade_friction": 0.6
    }
}
