{
    "geometrical_parameters": {
        "fiber_diameter": 0.024090909090909093,
        "blade_distance": 0.15325292099429866,
        "elliptical_fiber_ratio": 1.0606060606060606,
        "ratio_droplet_embedded_length": 1.467070707070707,
        "droplet_diameter": 0.2111818181818182,
        "contact_angle": 24.567676767676765,
        "fiber_rotation": 67.27272727272727
    },
    "mechanical_parameters": {
        "interface_friction": 0.0,
        "GI": 0.0015,
        "GII,GIII": 0.3,
        "tI=tII=tIII": 1.3,
        "blade_friction": 0.6
    }
}
