{
    "geometrical_parameters": {
        "fiber_diameter": 0.021,
        "blade_distance": 0.15,
        "elliptical_fiber_ratio": 1.0,
        "ratio_droplet_embedded_length": 1.36,
        "droplet_diameter": 0.162,
        "contact_angle": 25.7,
        "fiber_rotation": 0
    },
    "mechanical_parameters": {
        "interface_friction": 0.6501672240802676,
        "tI": 0.27792642140468227,
        "tII,tIII": 0.6705685618729097,
        "GI": 0.0019933110367892975,
        "GII,GIII": 0.03130434782608696,
        "blade_friction": 0.47625418060200675
    }
}
