{
    "geometrical_parameters": {
        "fiber_diameter": 0.02768896321070234,
        "blade_distance": 0.6759197324414716,
        "elliptical_fiber_ratio": 2.0501672240802673,
        "ratio_droplet_embedded_length": 1.3933110367892976,
        "droplet_diameter": 0.10477257525083612,
        "contact_angle": 27.41137123745819,
        "fiber_rotation": 4.816053511705685
    },
    "mechanical_parameters": {
        "interface_friction": 0.0,
        "GI": 0.0015,
        "GII,GIII": 0.3,
        "tI=tII=tIII": 1.3,
        "blade_friction": 0.6
    }
}
