{
    "geometrical_parameters": {
        "fiber_diameter": 0.021,
        "blade_distance": 0.15,
        "elliptical_fiber_ratio": 1.0,
        "ratio_droplet_embedded_length": 1.36,
        "droplet_diameter": 0.162,
        "contact_angle": 25.7,
        "fiber_rotation": 0
    },
    "mechanical_parameters": {
        "interface_friction": 0.7491638795986623,
        "tI": 1.0692307692307692,
        "tII,tIII": 1.7341137123745818,
        "GI": 0.013913043478260872,
        "GII,GIII": 0.03294314381270903,
        "blade_friction": 0.08561872909698998
    }
}
