{
    "geometrical_parameters": {
        "fiber_diameter": 0.02582274247491639,
        "blade_distance": 0.24214046822742474,
        "elliptical_fiber_ratio": 1.6020066889632107,
        "ratio_droplet_embedded_length": 1.4778595317725753,
        "droplet_diameter": 0.13592642140468228,
        "contact_angle": 29.971237458193976,
        "fiber_rotation": 55.98662207357859
    },
    "mechanical_parameters": {
        "interface_friction": 0.0,
        "GI": 0.0015,
        "GII,GIII": 0.3,
        "tI=tII=tIII": 1.3,
        "blade_friction": 0.6
    }
}
