{
    "geometrical_parameters": {
        "fiber_diameter": 0.03087959866220736,
        "blade_distance": 0.4294314381270903,
        "elliptical_fiber_ratio": 2.118729096989967,
        "ratio_droplet_embedded_length": 1.36,
        "droplet_diameter": 0.162,
        "contact_angle": 25.7,
        "fiber_rotation": 45
    },
    "mechanical_parameters": {
        "interface_friction": 0.0,
        "GI": 0.0015,
        "GII,GIII": 0.4082274247491639,
        "blade_friction": 0.0,
        "tI=tII=tIII": 1.177257525083612
    }
}
