{
    "geometrical_parameters": {
        "fiber_diameter": 0.021,
        "blade_distance": 0.15,
        "elliptical_fiber_ratio": 1.0,
        "ratio_droplet_embedded_length": 1.36,
        "droplet_diameter": 0.162,
        "contact_angle": 25.7,
        "fiber_rotation": 0
    },
    "mechanical_parameters": {
        "interface_friction": 0.7277591973244147,
        "GI": 0.06622742474916389,
        "GII,GIII": 0.11324414715719064,
        "tI=tII=tIII": 1.4030100334448161,
        "blade_friction": 0.5003344481605352
    }
}
