{
    "geometrical_parameters": {
        "fiber_diameter": 0.019501672240802674,
        "blade_distance": 0.49632107023411376,
        "elliptical_fiber_ratio": 1.0702341137123745,
        "ratio_droplet_embedded_length": 1.445752508361204,
        "droplet_diameter": 0.16075919732441474,
        "contact_angle": 26.220735785953174,
        "fiber_rotation": 6.622073578595317
    },
    "mechanical_parameters": {
        "interface_friction": 0.0,
        "GI": 0.0015,
        "GII,GIII": 0.3,
        "tI=tII=tIII": 1.3,
        "blade_friction": 0.6
    }
}
