{
    "geometrical_parameters": {
        "fiber_diameter": 0.021585170340681362,
        "blade_distance": 0.3435270541082165,
        "elliptical_fiber_ratio": 2.2324649298597192,
        "ratio_droplet_embedded_length": 1.2805611222444888,
        "droplet_diameter": 0.14967334669338678,
        "contact_angle": 25.157515030060118,
        "fiber_rotation": 35.89178356713427
    },
    "mechanical_parameters": {
        "interface_friction": 0.0,
        "tI": 1,
        "tII,tIII": 1.3,
        "GI": 0.01,
        "GII,GIII": 0.15,
        "blade_friction": 0.6
    }
}
