{
    "geometrical_parameters": {
        "fiber_diameter": 0.027727272727272725,
        "blade_distance": 0.11799955729192152,
        "elliptical_fiber_ratio": 2.6767676767676765,
        "ratio_droplet_embedded_length": 1.2892929292929292,
        "droplet_diameter": 0.20981818181818185,
        "contact_angle": 25.826262626262626,
        "fiber_rotation": 50.9090909090909
    },
    "mechanical_parameters": {
        "interface_friction": 0.0,
        "GI": 0.015,
        "GII,GIII": 0.3,
        "tI=tII=tIII": 1.3,
        "blade_friction": 0.6
    }
}
