{
    "geometrical_parameters": {
        "fiber_diameter": 0.02809090909090909,
        "blade_distance": 0.15080048871519178,
        "elliptical_fiber_ratio": 2.9393939393939394,
        "ratio_droplet_embedded_length": 1.2828282828282829,
        "droplet_diameter": 0.17981818181818182,
        "contact_angle": 27.8040404040404,
        "fiber_rotation": 60.00000000000001
    },
    "mechanical_parameters": {
        "interface_friction": 0.0,
        "GI": 0.015,
        "GII,GIII": 0.3,
        "tI=tII=tIII": 1.3,
        "blade_friction": 0.6
    }
}
