{
    "geometrical_parameters": {
        "fiber_diameter": 0.02479933110367893,
        "elliptical_fiber_ratio": 1.0,
        "blade_distance": 0.18862876254180602,
        "ratio_droplet_embedded_length": 1.36,
        "droplet_diameter": 0.23074247491638797,
        "contact_angle": 25.7,
        "fiber_rotation": 0
    },
    "mechanical_parameters": {
        "interface_friction": 0.0,
        "GI": 0.0015,
        "GII,GIII": 0.2853177257525084,
        "blade_friction": 0.0,
        "tI=tII=tIII": 1.2474916387959865
    }
}
