{
    "geometrical_parameters": {
        "fiber_diameter": 0.021066889632107025,
        "blade_distance": 0.11839464882943145,
        "elliptical_fiber_ratio": 2.459866220735786,
        "ratio_droplet_embedded_length": 1.36,
        "droplet_diameter": 0.162,
        "contact_angle": 25.7,
        "fiber_rotation": 45
    },
    "mechanical_parameters": {
        "interface_friction": 0.0,
        "GI": 0.0015,
        "GII,GIII": 0.1394648829431438,
        "blade_friction": 0.0,
        "tI=tII=tIII": 1.0267558528428093
    }
}
