{
    "geometrical_parameters": {
        "fiber_diameter": 0.021,
        "blade_distance": 0.15,
        "elliptical_fiber_ratio": 1.0,
        "ratio_droplet_embedded_length": 1.36,
        "droplet_diameter": 0.162,
        "contact_angle": 25.7,
        "fiber_rotation": 0
    },
    "mechanical_parameters": {
        "interface_friction": 0.12842809364548494,
        "tI": 0.7695652173913042,
        "tII,tIII": 1.0819397993311037,
        "GI": 0.029143812709030104,
        "GII,GIII": 0.255819397993311,
        "blade_friction": 0.02140468227424749
    }
}
