{
    "geometrical_parameters": {
        "fiber_diameter": 0.015272545090180362,
        "blade_distance": 0.18817635270541083,
        "elliptical_fiber_ratio": 2.0430861723446894,
        "ratio_droplet_embedded_length": 1.4524248496993988,
        "droplet_diameter": 0.19945290581162325,
        "contact_angle": 16.311022044088176,
        "fiber_rotation": 0.721442885771543
    },
    "mechanical_parameters": {
        "interface_friction": 0.0,
        "tI": 1,
        "tII,tIII": 1.3,
        "GI": 0.015,
        "GII,GIII": 0.1,
        "blade_friction": 0.6
    }
}
