{
    "geometrical_parameters": {
        "fiber_diameter": 0.021,
        "blade_distance": 0.15,
        "elliptical_fiber_ratio": 1.0,
        "ratio_droplet_embedded_length": 1.36,
        "droplet_diameter": 0.162,
        "contact_angle": 25.7,
        "fiber_rotation": 0
    },
    "mechanical_parameters": {
        "interface_friction": 0.5270903010033445,
        "tI": 0.839799331103679,
        "tII,tIII": 1.9347826086956523,
        "GI": 0.06953846153846155,
        "GII,GIII": 0.22959866220735783,
        "blade_friction": 0.16588628762541804
    }
}
