{
    "geometrical_parameters": {
        "fiber_diameter": 0.021,
        "blade_distance": 0.15,
        "elliptical_fiber_ratio": 1.0,
        "ratio_droplet_embedded_length": 1.36,
        "droplet_diameter": 0.162,
        "contact_angle": 25.7,
        "fiber_rotation": 0
    },
    "mechanical_parameters": {
        "interface_friction": 0.38528428093645484,
        "GI": 0.06291638795986622,
        "GII,GIII": 0.26892976588628764,
        "tI=tII=tIII": 0.951505016722408,
        "blade_friction": 0.032107023411371234
    }
}
