{
    "geometrical_parameters": {
        "fiber_diameter": 0.013545454545454545,
        "blade_distance": 0.08895968593164374,
        "elliptical_fiber_ratio": 1.98989898989899,
        "ratio_droplet_embedded_length": 1.4218181818181819,
        "droplet_diameter": 0.16890909090909093,
        "contact_angle": 29.78181818181818,
        "fiber_rotation": 16.363636363636363
    },
    "mechanical_parameters": {
        "interface_friction": 0.0,
        "GI": 0.015,
        "GII,GIII": 0.3,
        "tI=tII=tIII": 1.3,
        "blade_friction": 0.6
    }
}
