{
    "geometrical_parameters": {
        "fiber_diameter": 0.01768937875751503,
        "elliptical_fiber_ratio": 1.0,
        "blade_distance": 0.4517034068136272,
        "ratio_droplet_embedded_length": 1.36,
        "droplet_diameter": 0.18971342685370743,
        "contact_angle": 25.7,
        "fiber_rotation": 0
    },
    "mechanical_parameters": {
        "interface_friction": 0.0,
        "GI": 0.0015,
        "GII,GIII": 0.4381362725450902,
        "blade_friction": 0.0,
        "tI=tII=tIII": 0.503006012024048
    }
}
