{
    "geometrical_parameters": {
        "fiber_diameter": 0.020946488294314385,
        "blade_distance": 0.4193979933110368,
        "elliptical_fiber_ratio": 2.1337792642140467,
        "ratio_droplet_embedded_length": 1.36,
        "droplet_diameter": 0.162,
        "contact_angle": 25.7,
        "fiber_rotation": 0
    },
    "mechanical_parameters": {
        "interface_friction": 0.0,
        "GI": 0.0015,
        "GII,GIII": 0.4426421404682274,
        "blade_friction": 0.0,
        "tI=tII=tIII": 1.1571906354515051
    }
}
