{
    "geometrical_parameters": {
        "fiber_diameter": 0.028006012024048097,
        "blade_distance": 0.33947895791583166,
        "elliptical_fiber_ratio": 1.408817635270541,
        "ratio_droplet_embedded_length": 1.438316633266533,
        "droplet_diameter": 0.18727855711422847,
        "contact_angle": 15.633266533066132,
        "fiber_rotation": 27.23446893787575
    },
    "mechanical_parameters": {
        "interface_friction": 0.0,
        "tI": 1,
        "tII,tIII": 1.3,
        "GI": 0.015,
        "GII,GIII": 0.1,
        "blade_friction": 0.6
    }
}
