{
    "geometrical_parameters": {
        "fiber_diameter": 0.013541806020066889,
        "blade_distance": 0.579933110367893,
        "elliptical_fiber_ratio": 1.8127090301003346,
        "ratio_droplet_embedded_length": 1.36,
        "droplet_diameter": 0.162,
        "contact_angle": 25.7,
        "fiber_rotation": 45
    },
    "mechanical_parameters": {
        "interface_friction": 0.0,
        "GI": 0.0015,
        "GII,GIII": 0.11816053511705685,
        "blade_friction": 0.0,
        "tI=tII=tIII": 0.9163879598662208
    }
}
