{
    "geometrical_parameters": {
        "fiber_diameter": 0.02695991983967936,
        "blade_distance": 0.4344288577154308,
        "elliptical_fiber_ratio": 2.3136272545090177,
        "ratio_droplet_embedded_length": 1.2940280561122244,
        "droplet_diameter": 0.2008056112224449,
        "contact_angle": 16.45370741482966,
        "fiber_rotation": 16.953907815631265
    },
    "mechanical_parameters": {
        "interface_friction": 0.0,
        "tI": 1,
        "tII,tIII": 1.3,
        "GI": 0.01,
        "GII,GIII": 0.15,
        "blade_friction": 0.6
    }
}
