{
    "geometrical_parameters": {
        "fiber_diameter": 0.02690635451505017,
        "blade_distance": 0.23377926421404682,
        "elliptical_fiber_ratio": 1.1705685618729098,
        "ratio_droplet_embedded_length": 1.36,
        "droplet_diameter": 0.162,
        "contact_angle": 25.7,
        "fiber_rotation": 0
    },
    "mechanical_parameters": {
        "interface_friction": 0.0,
        "GI": 0.0015,
        "GII,GIII": 0.29678929765886286,
        "blade_friction": 0.0,
        "tI=tII=tIII": 1.62876254180602
    }
}
