{
    "geometrical_parameters": {
        "fiber_diameter": 0.025160535117056855,
        "blade_distance": 0.5498327759197325,
        "elliptical_fiber_ratio": 2.3595317725752505,
        "ratio_droplet_embedded_length": 1.36,
        "droplet_diameter": 0.162,
        "contact_angle": 25.7,
        "fiber_rotation": 45
    },
    "mechanical_parameters": {
        "interface_friction": 0.0,
        "GI": 0.0015,
        "GII,GIII": 0.3541471571906355,
        "blade_friction": 0.0,
        "tI=tII=tIII": 1.9849498327759196
    }
}
