{
    "geometrical_parameters": {
        "fiber_diameter": 0.018663326653306615,
        "elliptical_fiber_ratio": 1.0,
        "blade_distance": 0.441683366733467,
        "ratio_droplet_embedded_length": 1.36,
        "droplet_diameter": 0.16157715430861724,
        "contact_angle": 25.7,
        "fiber_rotation": 0
    },
    "mechanical_parameters": {
        "interface_friction": 0.0,
        "GI": 0.0015,
        "GII,GIII": 0.32913827655310623,
        "blade_friction": 0.0,
        "tI=tII=tIII": 1.9999999999999998
    }
}
