{
    "geometrical_parameters": {
        "fiber_diameter": 0.019181818181818182,
        "blade_distance_ratio_to_fiber_diameter": 2.537878787878788,
        "elliptical_fiber_ratio": 2.1717171717171717,
        "ratio_droplet_embedded_length": 1.3151515151515152,
        "droplet_diameter": 0.10072727272727273,
        "contact_angle": 31.220202020202017,
        "fiber_rotation": 61.81818181818181
    },
    "mechanical_parameters": {
        "interface_friction": 0.0,
        "GI": 0.015,
        "GII,GIII": 0.3,
        "tI=tII=tIII": 1.3,
        "blade_friction": 0.6
    }
}
