{
    "geometrical_parameters": {
        "fiber_diameter": 0.025517034068136275,
        "elliptical_fiber_ratio": 1.0,
        "blade_distance": 0.44869739478957915,
        "ratio_droplet_embedded_length": 1.36,
        "droplet_diameter": 0.21433266533066134,
        "contact_angle": 25.7,
        "fiber_rotation": 0
    },
    "mechanical_parameters": {
        "interface_friction": 0.0,
        "GI": 0.0015,
        "GII,GIII": 0.09052104208416833,
        "blade_friction": 0.0,
        "tI=tII=tIII": 1.6032064128256514
    }
}
