{
    "geometrical_parameters": {
        "fiber_diameter": 0.025040133779264215,
        "blade_distance": 0.3625418060200669,
        "elliptical_fiber_ratio": 2.168896321070234,
        "ratio_droplet_embedded_length": 1.36,
        "droplet_diameter": 0.162,
        "contact_angle": 25.7,
        "fiber_rotation": 45
    },
    "mechanical_parameters": {
        "interface_friction": 0.0,
        "GI": 0.0015,
        "GII,GIII": 0.14602006688963212,
        "blade_friction": 0.0,
        "tI=tII=tIII": 0.8963210702341137
    }
}
