{
    "geometrical_parameters": {
        "fiber_diameter": 0.021,
        "blade_distance": 0.15,
        "elliptical_fiber_ratio": 1.0,
        "ratio_droplet_embedded_length": 1.36,
        "droplet_diameter": 0.162,
        "contact_angle": 25.7,
        "fiber_rotation": 0
    },
    "mechanical_parameters": {
        "interface_friction": 0.07759197324414717,
        "GI": 0.07549832775919733,
        "GII,GIII": 0.4049498327759197,
        "tI=tII=tIII": 1.42809364548495,
        "blade_friction": 0.2140468227424749
    }
}
