{
    "geometrical_parameters": {
        "fiber_diameter": 0.021,
        "blade_distance": 0.15,
        "elliptical_fiber_ratio": 1.0,
        "ratio_droplet_embedded_length": 1.36,
        "droplet_diameter": 0.162,
        "contact_angle": 25.7,
        "fiber_rotation": 0
    },
    "mechanical_parameters": {
        "interface_friction": 0.14180602006688964,
        "tI": 1.3454849498327761,
        "tII,tIII": 1.7892976588628764,
        "GI": 0.012919732441471574,
        "GII,GIII": 0.0903010033444816,
        "blade_friction": 0.40401337792642145
    }
}
