{
    "geometrical_parameters": {
        "fiber_diameter": 0.021,
        "blade_distance": 0.15,
        "elliptical_fiber_ratio": 1.0,
        "ratio_droplet_embedded_length": 1.36,
        "droplet_diameter": 0.162,
        "contact_angle": 25.7,
        "fiber_rotation": 0
    },
    "mechanical_parameters": {
        "interface_friction": 0.6608695652173914,
        "tI": 0.6384615384615384,
        "tII,tIII": 1.1070234113712374,
        "GI": 0.02053511705685619,
        "GII,GIII": 0.13127090301003344,
        "blade_friction": 0.23545150501672243
    }
}
