{
    "geometrical_parameters": {
        "fiber_diameter": 0.01715384615384615,
        "blade_distance": 0.5448160535117057,
        "elliptical_fiber_ratio": 1.2909698996655519,
        "ratio_droplet_embedded_length": 1.36,
        "droplet_diameter": 0.162,
        "contact_angle": 25.7,
        "fiber_rotation": 0
    },
    "mechanical_parameters": {
        "interface_friction": 0.0,
        "GI": 0.0015,
        "GII,GIII": 0.10505016722408027,
        "blade_friction": 0.0,
        "tI=tII=tIII": 0.6204013377926422
    }
}
