{
    "geometrical_parameters": {
        "fiber_diameter": 0.018237458193979934,
        "blade_distance": 0.36454849498327757,
        "elliptical_fiber_ratio": 2.311036789297659,
        "ratio_droplet_embedded_length": 1.3494314381270902,
        "droplet_diameter": 0.10070903010033445,
        "contact_angle": 26.220735785953174,
        "fiber_rotation": 68.02675585284283
    },
    "mechanical_parameters": {
        "interface_friction": 0.0,
        "GI": 0.0015,
        "GII,GIII": 0.3,
        "tI=tII=tIII": 1.3,
        "blade_friction": 0.6
    }
}
