{
    "geometrical_parameters": {
        "fiber_diameter": 0.029976588628762547,
        "elliptical_fiber_ratio": 1.0,
        "blade_distance": 0.47792642140468233,
        "ratio_droplet_embedded_length": 1.36,
        "droplet_diameter": 0.16798327759197323,
        "contact_angle": 25.7,
        "fiber_rotation": 0
    },
    "mechanical_parameters": {
        "interface_friction": 0.0,
        "GI": 0.0015,
        "GII,GIII": 0.04441471571906355,
        "blade_friction": 0.0,
        "tI=tII=tIII": 1.9498327759197325
    }
}
