{
    "geometrical_parameters": {
        "fiber_diameter": 0.021,
        "blade_distance": 0.15,
        "elliptical_fiber_ratio": 1.0,
        "ratio_droplet_embedded_length": 1.36,
        "droplet_diameter": 0.162,
        "contact_angle": 25.7,
        "fiber_rotation": 0
    },
    "mechanical_parameters": {
        "interface_friction": 0.2782608695652174,
        "tI": 1.1581939799331105,
        "tII,tIII": 0.8812709030100334,
        "GI": 0.0718561872909699,
        "GII,GIII": 0.23287625418060198,
        "blade_friction": 0.291638795986622
    }
}
