{
    "geometrical_parameters": {
        "fiber_diameter": 0.020454545454545454,
        "blade_distance": 0.5646464646464647,
        "elliptical_fiber_ratio": 2.0606060606060606,
        "ratio_droplet_embedded_length": 1.4185858585858586,
        "droplet_diameter": 0.098,
        "contact_angle": 17.915151515151514,
        "fiber_rotation": 24.545454545454547
    },
    "mechanical_parameters": {
        "interface_friction": 0.0,
        "GI": 0.0015,
        "GII,GIII": 0.3,
        "tI=tII=tIII": 1.25,
        "blade_friction": 0.6
    }
}
