{
    "geometrical_parameters": {
        "fiber_diameter": 0.025625250501002006,
        "blade_distance": 0.2178356713426854,
        "elliptical_fiber_ratio": 2.304609218436874,
        "ratio_droplet_embedded_length": 1.3466132264529058,
        "droplet_diameter": 0.1791623246492986,
        "contact_angle": 17.773547094188373,
        "fiber_rotation": 47.074148296593194
    },
    "mechanical_parameters": {
        "interface_friction": 0.0,
        "tI": 1,
        "tII,tIII": 1.3,
        "GI": 0.01,
        "GII,GIII": 0.15,
        "blade_friction": 0.6
    }
}
