{
    "geometrical_parameters": {
        "fiber_diameter": 0.019817635270541083,
        "blade_distance": 0.5909819639278557,
        "elliptical_fiber_ratio": 1.9048096192384771,
        "ratio_droplet_embedded_length": 1.4671743486973947,
        "droplet_diameter": 0.1715871743486974,
        "contact_angle": 27.012424849699396,
        "fiber_rotation": 21.462925851703407
    },
    "mechanical_parameters": {
        "interface_friction": 0.0,
        "tI": 1,
        "tII,tIII": 1.3,
        "GI": 0.015,
        "GII,GIII": 0.1,
        "blade_friction": 0.6
    }
}
