{
    "geometrical_parameters": {
        "fiber_diameter": 0.021,
        "blade_distance": 0.15,
        "elliptical_fiber_ratio": 1.0,
        "ratio_droplet_embedded_length": 1.36,
        "droplet_diameter": 0.162,
        "contact_angle": 25.7,
        "fiber_rotation": 0
    },
    "mechanical_parameters": {
        "interface_friction": 0.4521739130434783,
        "GI": 0.016230769230769233,
        "GII,GIII": 0.3590635451505017,
        "tI=tII=tIII": 1.9849498327759196,
        "blade_friction": 0.7090301003344482
    }
}
