{
    "geometrical_parameters": {
        "fiber_diameter": 0.02588294314381271,
        "blade_distance": 0.5297658862876254,
        "elliptical_fiber_ratio": 1.1354515050167224,
        "ratio_droplet_embedded_length": 1.36,
        "droplet_diameter": 0.162,
        "contact_angle": 25.7,
        "fiber_rotation": 45
    },
    "mechanical_parameters": {
        "interface_friction": 0.0,
        "GI": 0.0015,
        "GII,GIII": 0.2525418060200668,
        "blade_friction": 0.0,
        "tI=tII=tIII": 0.8662207357859532
    }
}
