{
    "geometrical_parameters": {
        "fiber_diameter": 0.0164314381270903,
        "blade_distance": 0.22207357859531773,
        "elliptical_fiber_ratio": 2.4498327759197327,
        "ratio_droplet_embedded_length": 1.36,
        "droplet_diameter": 0.162,
        "contact_angle": 25.7,
        "fiber_rotation": 0
    },
    "mechanical_parameters": {
        "interface_friction": 0.0,
        "GI": 0.0015,
        "GII,GIII": 0.29842809364548495,
        "blade_friction": 0.0,
        "tI=tII=tIII": 1.7090301003344481
    }
}
