{
    "geometrical_parameters": {
        "fiber_diameter": 0.02299198396793587,
        "blade_distance": 0.4677354709418837,
        "elliptical_fiber_ratio": 1.216432865731463,
        "ratio_droplet_embedded_length": 1.4165130260521042,
        "droplet_diameter": 0.11666733466933868,
        "contact_angle": 20.163527054108215,
        "fiber_rotation": 23.446893787575153
    },
    "mechanical_parameters": {
        "interface_friction": 0.0,
        "tI": 1,
        "tII,tIII": 1.3,
        "GI": 0.015,
        "GII,GIII": 0.1,
        "blade_friction": 0.6
    }
}
