{
    "geometrical_parameters": {
        "fiber_diameter": 0.021,
        "blade_distance": 0.15,
        "elliptical_fiber_ratio": 1.0,
        "ratio_droplet_embedded_length": 1.36,
        "droplet_diameter": 0.162,
        "contact_angle": 25.7,
        "fiber_rotation": 0
    },
    "mechanical_parameters": {
        "interface_friction": 0.7812709030100334,
        "tI": 1.0879598662207357,
        "tII,tIII": 0.5852842809364548,
        "GI": 0.05463879598662208,
        "GII,GIII": 0.15585284280936454,
        "blade_friction": 0.03478260869565218
    }
}
