{
    "geometrical_parameters": {
        "fiber_diameter": 0.02088628762541806,
        "blade_distance": 0.25384615384615383,
        "elliptical_fiber_ratio": 1.3461538461538463,
        "ratio_droplet_embedded_length": 1.423277591973244,
        "droplet_diameter": 0.11696321070234114,
        "contact_angle": 22.29163879598662,
        "fiber_rotation": 62.608695652173914
    },
    "mechanical_parameters": {
        "interface_friction": 0.0,
        "GI": 0.0015,
        "GII,GIII": 0.3,
        "tI=tII=tIII": 1.3,
        "blade_friction": 0.6
    }
}
