{
    "geometrical_parameters": {
        "fiber_diameter": 0.014324414715719063,
        "blade_distance": 0.28394648829431435,
        "elliptical_fiber_ratio": 1.020066889632107,
        "ratio_droplet_embedded_length": 1.36,
        "droplet_diameter": 0.162,
        "contact_angle": 25.7,
        "fiber_rotation": 45
    },
    "mechanical_parameters": {
        "interface_friction": 0.0,
        "GI": 0.0015,
        "GII,GIII": 0.2705685618729097,
        "blade_friction": 0.0,
        "tI=tII=tIII": 1.5585284280936456
    }
}
