{
    "geometrical_parameters": {
        "fiber_diameter": 0.026183946488294314,
        "blade_distance": 0.4043478260869565,
        "elliptical_fiber_ratio": 2.1939799331103678,
        "ratio_droplet_embedded_length": 1.2124414715719063,
        "droplet_diameter": 0.1824314381270903,
        "contact_angle": 23.66086956521739,
        "fiber_rotation": 60.50167224080268
    },
    "mechanical_parameters": {
        "interface_friction": 0.0,
        "tI": 1,
        "tII,tIII": 1.3,
        "GI": 0.01,
        "GII,GIII": 0.15,
        "blade_friction": 0.8
    }
}
