{
    "geometrical_parameters": {
        "fiber_diameter": 0.021,
        "blade_distance": 0.15,
        "elliptical_fiber_ratio": 1.0,
        "ratio_droplet_embedded_length": 1.36,
        "droplet_diameter": 0.162,
        "contact_angle": 25.7,
        "fiber_rotation": 0
    },
    "mechanical_parameters": {
        "interface_friction": 0.545819397993311,
        "GI": 0.009608695652173913,
        "GII,GIII": 0.03458193979933111,
        "tI=tII=tIII": 0.7207357859531772,
        "blade_friction": 0.7250836120401337
    }
}
