{
    "geometrical_parameters": {
        "fiber_diameter": 0.021,
        "blade_distance": 0.042,
        "elliptical_fiber_ratio": 1.0,
        "ratio_droplet_embedded_length": 1.36,
        "droplet_diameter": 0.162,
        "contact_angle": 25.7,
        "fiber_rotation": 0
    },
    "mechanical_parameters": {
        "interface_friction": 0.032107023411371234,
        "GI": 0.08543143812709031,
        "GII,GIII": 0.11324414715719064,
        "tI=tII=tIII": 1.2625418060200668,
        "blade_friction": 0.005351170568561873
    }
}
