{
    "geometrical_parameters": {
        "fiber_diameter": 0.01934869739478958,
        "blade_distance": 0.36484969939879763,
        "elliptical_fiber_ratio": 1.498997995991984,
        "ratio_droplet_embedded_length": 1.2504208416833666,
        "droplet_diameter": 0.2289418837675351,
        "contact_angle": 23.73066132264529,
        "fiber_rotation": 89.81963927855712
    },
    "mechanical_parameters": {
        "interface_friction": 0.0,
        "tI": 1,
        "tII,tIII": 1.3,
        "GI": 0.01,
        "GII,GIII": 0.15,
        "blade_friction": 0.6
    }
}
