{
    "geometrical_parameters": {
        "fiber_diameter": 0.02859197324414716,
        "blade_distance": 0.3411371237458194,
        "elliptical_fiber_ratio": 2.2909698996655514,
        "ratio_droplet_embedded_length": 1.3408695652173912,
        "droplet_diameter": 0.17294983277591974,
        "contact_angle": 29.911705685618728,
        "fiber_rotation": 17.759197324414718
    },
    "mechanical_parameters": {
        "interface_friction": 0.0,
        "GI": 0.0015,
        "GII,GIII": 0.3,
        "tI=tII=tIII": 1.3,
        "blade_friction": 0.6
    }
}
