{
    "geometrical_parameters": {
        "fiber_diameter": 0.014442885771543085,
        "blade_distance": 0.3637274549098196,
        "elliptical_fiber_ratio": 2.0821643286573144,
        "ratio_droplet_embedded_length": 1.2004008016032064,
        "droplet_diameter": 0.20296993987975953,
        "contact_angle": 16.239679358717435,
        "fiber_rotation": 80.62124248496995
    },
    "mechanical_parameters": {
        "interface_friction": 0.0,
        "tI": 1,
        "tII,tIII": 1.3,
        "GI": 0.01,
        "GII,GIII": 0.15,
        "blade_friction": 0.6
    }
}
