{
    "geometrical_parameters": {
        "fiber_diameter": 0.02805016722408027,
        "blade_distance": 0.22876254180602007,
        "elliptical_fiber_ratio": 1.0050167224080269,
        "ratio_droplet_embedded_length": 1.399732441471572,
        "droplet_diameter": 0.19281605351170572,
        "contact_angle": 17.05284280936455,
        "fiber_rotation": 23.47826086956521
    },
    "mechanical_parameters": {
        "interface_friction": 0.0,
        "GI": 0.0015,
        "GII,GIII": 0.3,
        "tI=tII=tIII": 1.3,
        "blade_friction": 0.6
    }
}
