{
    "geometrical_parameters": {
        "fiber_diameter": 0.020539078156312625,
        "elliptical_fiber_ratio": 1.0,
        "blade_distance": 0.5478957915831664,
        "ratio_droplet_embedded_length": 1.36,
        "droplet_diameter": 0.18890180360721442,
        "contact_angle": 25.7,
        "fiber_rotation": 0
    },
    "mechanical_parameters": {
        "interface_friction": 0.0,
        "GI": 0.0015,
        "GII,GIII": 0.37921843687374746,
        "blade_friction": 0.0,
        "tI=tII=tIII": 1.4108216432865732
    }
}
