{
    "geometrical_parameters": {
        "fiber_diameter": 0.015984924623115578,
        "blade_distance": 0.2904522613065327,
        "elliptical_fiber_ratio": 2.517587939698492,
        "ratio_droplet_embedded_length": 1.2404020100502513,
        "droplet_diameter": 0.12174371859296483,
        "contact_angle": 27.10653266331658,
        "fiber_rotation": 41.608040201005025
    },
    "mechanical_parameters": {
        "interface_friction": 0.0,
        "GI": 0.0015,
        "GII,GIII": 0.3,
        "tI=tII=tIII": 1.3,
        "blade_friction": 0.6
    }
}
