{
    "geometrical_parameters": {
        "fiber_diameter": 0.015829431438127088,
        "elliptical_fiber_ratio": 1.0,
        "blade_distance": 0.5347826086956522,
        "ratio_droplet_embedded_length": 1.36,
        "droplet_diameter": 0.19687959866220736,
        "contact_angle": 25.7,
        "fiber_rotation": 0
    },
    "mechanical_parameters": {
        "interface_friction": 0.0,
        "GI": 0.0015,
        "GII,GIII": 0.3082608695652174,
        "blade_friction": 0.0,
        "tI=tII=tIII": 1.9046822742474916
    }
}
