{
    "geometrical_parameters": {
        "fiber_diameter": 0.021,
        "blade_distance": 0.15,
        "elliptical_fiber_ratio": 1.0,
        "ratio_droplet_embedded_length": 1.36,
        "droplet_diameter": 0.162,
        "contact_angle": 25.7,
        "fiber_rotation": 0
    },
    "mechanical_parameters": {
        "interface_friction": 0.11237458193979934,
        "tI": 1.2143812709030102,
        "tII,tIII": 0.6304347826086957,
        "GI": 0.09668896321070235,
        "GII,GIII": 0.2836789297658863,
        "blade_friction": 0.04280936454849498
    }
}
