{
    "geometrical_parameters": {
        "fiber_diameter": 0.03092785571142285,
        "blade_distance": 0.4947895791583167,
        "elliptical_fiber_ratio": 1.778557114228457,
        "ratio_droplet_embedded_length": 1.3292985971943887,
        "droplet_diameter": 0.1272184368737475,
        "contact_angle": 16.846092184368736,
        "fiber_rotation": 35.35070140280561
    },
    "mechanical_parameters": {
        "interface_friction": 0.0,
        "tI": 1,
        "tII,tIII": 1.3,
        "GI": 0.015,
        "GII,GIII": 0.1,
        "blade_friction": 0.6
    }
}
