{
    "geometrical_parameters": {
        "fiber_diameter": 0.01739464882943144,
        "blade_distance": 0.4494983277591973,
        "elliptical_fiber_ratio": 1.551839464882943,
        "ratio_droplet_embedded_length": 1.2060200668896321,
        "droplet_diameter": 0.12689632107023413,
        "contact_angle": 17.350501672240803,
        "fiber_rotation": 70.13377926421406
    },
    "mechanical_parameters": {
        "interface_friction": 0.0,
        "tI": 1,
        "tII,tIII": 1.3,
        "GI": 0.01,
        "GII,GIII": 0.15,
        "blade_friction": 0.8
    }
}
