{
    "geometrical_parameters": {
        "fiber_diameter": 0.030518394648829432,
        "blade_distance": 0.6010033444816054,
        "elliptical_fiber_ratio": 1.8762541806020065,
        "ratio_droplet_embedded_length": 1.2959197324414715,
        "droplet_diameter": 0.10251505016722408,
        "contact_angle": 18.838795986622074,
        "fiber_rotation": 26.78929765886287
    },
    "mechanical_parameters": {
        "interface_friction": 0.0,
        "GI": 0.0015,
        "GII,GIII": 0.3,
        "tI=tII=tIII": 1.3,
        "blade_friction": 0.6
    }
}
