{
    "geometrical_parameters": {
        "fiber_diameter": 0.029881763527054107,
        "blade_distance": 0.18304609218436874,
        "elliptical_fiber_ratio": 1.5921843687374748,
        "ratio_droplet_embedded_length": 1.3607214428857715,
        "droplet_diameter": 0.10584569138276553,
        "contact_angle": 29.402404809619235,
        "fiber_rotation": 71.42284569138276
    },
    "mechanical_parameters": {
        "interface_friction": 0.0,
        "tI": 1,
        "tII,tIII": 1.3,
        "GI": 0.01,
        "GII,GIII": 0.15,
        "blade_friction": 0.6
    }
}
