{
    "geometrical_parameters": {
        "fiber_diameter": 0.025,
        "blade_distance": 0.04862881820048395,
        "elliptical_fiber_ratio": 1.4444444444444444,
        "ratio_droplet_embedded_length": 1.37010101010101,
        "droplet_diameter": 0.12254545454545455,
        "contact_angle": 24.747474747474747,
        "fiber_rotation": 13.636363636363637
    },
    "mechanical_parameters": {
        "interface_friction": 0.0,
        "GI": 0.015,
        "GII,GIII": 0.3,
        "tI=tII=tIII": 1.3,
        "blade_friction": 0.6
    }
}
