{
    "geometrical_parameters": {
        "fiber_diameter": 0.021404809619238477,
        "blade_distance": 0.18617234468937877,
        "elliptical_fiber_ratio": 2.241482965931864,
        "ratio_droplet_embedded_length": 1.3895791583166333,
        "droplet_diameter": 0.17185771543086176,
        "contact_angle": 19.485771543086173,
        "fiber_rotation": 80.08016032064128
    },
    "mechanical_parameters": {
        "interface_friction": 0.0,
        "tI": 1,
        "tII,tIII": 1.3,
        "GI": 0.015,
        "GII,GIII": 0.1,
        "blade_friction": 0.6
    }
}
