{
    "geometrical_parameters": {
        "fiber_diameter": 0.022090301003344484,
        "blade_distance": 0.5494983277591974,
        "elliptical_fiber_ratio": 1.1672240802675584,
        "ratio_droplet_embedded_length": 1.3141137123745819,
        "droplet_diameter": 0.19010702341137126,
        "contact_angle": 30.149832775919734,
        "fiber_rotation": 80.66889632107022
    },
    "mechanical_parameters": {
        "interface_friction": 0.0,
        "GI": 0.0015,
        "GII,GIII": 0.3,
        "tI=tII=tIII": 1.3,
        "blade_friction": 0.6
    }
}
