{
    "geometrical_parameters": {
        "fiber_diameter": 0.022571906354515052,
        "elliptical_fiber_ratio": 1.0,
        "blade_distance": 0.28394648829431435,
        "ratio_droplet_embedded_length": 1.36,
        "droplet_diameter": 0.10432107023411372,
        "contact_angle": 25.7,
        "fiber_rotation": 0
    },
    "mechanical_parameters": {
        "interface_friction": 0.0,
        "GI": 0.0015,
        "GII,GIII": 0.16240802675585286,
        "blade_friction": 0.0,
        "tI=tII=tIII": 1.4531772575250836
    }
}
