{
    "geometrical_parameters": {
        "fiber_diameter": 0.021,
        "blade_distance": 0.15,
        "elliptical_fiber_ratio": 1.0,
        "ratio_droplet_embedded_length": 1.36,
        "droplet_diameter": 0.162,
        "contact_angle": 25.7,
        "fiber_rotation": 0
    },
    "mechanical_parameters": {
        "interface_friction": 0.3665551839464883,
        "GI": 0.050665551839464876,
        "GII,GIII": 0.31973244147157187,
        "tI=tII=tIII": 0.9565217391304347,
        "blade_friction": 0.7946488294314381
    }
}
