{
    "geometrical_parameters": {
        "fiber_diameter": 0.024038076152304612,
        "blade_distance": 0.5549098196392785,
        "elliptical_fiber_ratio": 1.3607214428857715,
        "ratio_droplet_embedded_length": 1.4254909819639279,
        "droplet_diameter": 0.1393927855711423,
        "contact_angle": 21.01963927855711,
        "fiber_rotation": 81.88376753507013
    },
    "mechanical_parameters": {
        "interface_friction": 0.0,
        "tI": 1,
        "tII,tIII": 1.3,
        "GI": 0.015,
        "GII,GIII": 0.1,
        "blade_friction": 0.6
    }
}
