{
    "geometrical_parameters": {
        "fiber_diameter": 0.021849498327759197,
        "blade_distance": 0.11337792642140468,
        "elliptical_fiber_ratio": 1.0702341137123745,
        "ratio_droplet_embedded_length": 1.36,
        "droplet_diameter": 0.162,
        "contact_angle": 25.7,
        "fiber_rotation": 45
    },
    "mechanical_parameters": {
        "interface_friction": 0.0,
        "GI": 0.0015,
        "GII,GIII": 0.1771571906354515,
        "blade_friction": 0.0,
        "tI=tII=tIII": 1.2023411371237458
    }
}
