{
    "geometrical_parameters": {
        "fiber_diameter": 0.021,
        "blade_distance": 0.15,
        "elliptical_fiber_ratio": 1.0,
        "ratio_droplet_embedded_length": 1.36,
        "droplet_diameter": 0.162,
        "contact_angle": 25.7,
        "fiber_rotation": 0
    },
    "mechanical_parameters": {
        "interface_friction": 0.6367892976588629,
        "GI": 0.07284949832775921,
        "GII,GIII": 0.4196989966555184,
        "tI=tII=tIII": 1.112040133779264,
        "blade_friction": 0.4548494983277592
    }
}
