{
    "geometrical_parameters": {
        "fiber_diameter": 0.015181818181818182,
        "blade_distance": 0.5292929292929293,
        "elliptical_fiber_ratio": 1.2727272727272727,
        "ratio_droplet_embedded_length": 1.2343434343434343,
        "droplet_diameter": 0.10481818181818182,
        "contact_angle": 18.274747474747475,
        "fiber_rotation": 68.18181818181819
    },
    "mechanical_parameters": {
        "interface_friction": 0.0,
        "tI": 1.3,
        "tII,tIII": 1.3,
        "GI": 0.3,
        "GII,GIII": 0.3,
        "blade_friction": 0.6
    }
}
