{
    "geometrical_parameters": {
        "fiber_diameter": 0.014264214046822743,
        "blade_distance": 0.3842809364548495,
        "elliptical_fiber_ratio": 2.4297658862876252,
        "ratio_droplet_embedded_length": 1.36,
        "droplet_diameter": 0.162,
        "contact_angle": 25.7,
        "fiber_rotation": 45
    },
    "mechanical_parameters": {
        "interface_friction": 0.0,
        "GI": 0.0015,
        "GII,GIII": 0.36725752508361204,
        "blade_friction": 0.0,
        "tI=tII=tIII": 1.0668896321070234
    }
}
