{
    "geometrical_parameters": {
        "fiber_diameter": 0.02919397993311037,
        "elliptical_fiber_ratio": 1.0,
        "blade_distance": 0.19866220735785955,
        "ratio_droplet_embedded_length": 1.36,
        "droplet_diameter": 0.14676254180602008,
        "contact_angle": 25.7,
        "fiber_rotation": 0
    },
    "mechanical_parameters": {
        "interface_friction": 0.0,
        "GI": 0.0015,
        "GII,GIII": 0.23943143812709025,
        "blade_friction": 0.0,
        "tI=tII=tIII": 0.971571906354515
    }
}
