{
    "geometrical_parameters": {
        "fiber_diameter": 0.021,
        "blade_distance": 0.042,
        "elliptical_fiber_ratio": 1.0,
        "ratio_droplet_embedded_length": 1.36,
        "droplet_diameter": 0.162,
        "contact_angle": 25.7,
        "fiber_rotation": 0
    },
    "mechanical_parameters": {
        "interface_friction": 0.013377926421404682,
        "GI": 0.08410702341137123,
        "GII,GIII": 0.2443478260869565,
        "tI=tII=tIII": 0.5351170568561873,
        "blade_friction": 0.5752508361204014
    }
}
