{
    "geometrical_parameters": {
        "fiber_diameter": 0.021608695652173913,
        "blade_distance": 0.5401337792642141,
        "elliptical_fiber_ratio": 2.7792642140468224,
        "ratio_droplet_embedded_length": 1.2648829431438127,
        "droplet_diameter": 0.10703010033444817,
        "contact_angle": 15.266889632107024,
        "fiber_rotation": 81.57190635451505
    },
    "mechanical_parameters": {
        "interface_friction": 0.0,
        "GI": 0.0015,
        "GII,GIII": 0.3,
        "tI=tII=tIII": 1.3,
        "blade_friction": 0.6
    }
}
