{
    "geometrical_parameters": {
        "fiber_diameter": 0.023113712374581943,
        "elliptical_fiber_ratio": 1.0,
        "blade_distance": 0.36755852842809367,
        "ratio_droplet_embedded_length": 1.36,
        "droplet_diameter": 0.20229765886287626,
        "contact_angle": 25.7,
        "fiber_rotation": 0
    },
    "mechanical_parameters": {
        "interface_friction": 0.0,
        "GI": 0.0015,
        "GII,GIII": 0.35250836120401335,
        "blade_friction": 0.0,
        "tI=tII=tIII": 0.8411371237458194
    }
}
