{
    "geometrical_parameters": {
        "fiber_diameter": 0.021,
        "blade_distance": 0.15,
        "elliptical_fiber_ratio": 1.0,
        "ratio_droplet_embedded_length": 1.36,
        "droplet_diameter": 0.162,
        "contact_angle": 25.7,
        "fiber_rotation": 0
    },
    "mechanical_parameters": {
        "interface_friction": 0.208695652173913,
        "GI": 0.08311371237458194,
        "GII,GIII": 0.08866220735785953,
        "tI=tII=tIII": 1.177257525083612,
        "blade_friction": 0.25418060200668896
    }
}
