{
    "geometrical_parameters": {
        "fiber_diameter": 0.021729458917835672,
        "blade_distance": 0.3585170340681363,
        "elliptical_fiber_ratio": 2.337675350701403,
        "ratio_droplet_embedded_length": 1.2080961923847695,
        "droplet_diameter": 0.1599539078156313,
        "contact_angle": 28.795991983967934,
        "fiber_rotation": 70.34068136272545
    },
    "mechanical_parameters": {
        "interface_friction": 0.0,
        "tI": 1,
        "tII,tIII": 1.3,
        "GI": 0.015,
        "GII,GIII": 0.1,
        "blade_friction": 0.6
    }
}
