{
    "geometrical_parameters": {
        "fiber_diameter": 0.024558528428093647,
        "blade_distance": 0.10167224080267559,
        "elliptical_fiber_ratio": 1.140468227424749,
        "ratio_droplet_embedded_length": 1.4329096989966554,
        "droplet_diameter": 0.1354749163879599,
        "contact_angle": 23.422742474916387,
        "fiber_rotation": 52.976588628762535
    },
    "mechanical_parameters": {
        "interface_friction": 0.0,
        "tI": 1,
        "tII,tIII": 1.3,
        "GI": 0.01,
        "GII,GIII": 0.15,
        "blade_friction": 0.8
    }
}
