{
    "geometrical_parameters": {
        "fiber_diameter": 0.025581939799331103,
        "blade_distance": 0.1903010033444816,
        "elliptical_fiber_ratio": 2.209030100334448,
        "ratio_droplet_embedded_length": 1.36,
        "droplet_diameter": 0.162,
        "contact_angle": 25.7,
        "fiber_rotation": 0
    },
    "mechanical_parameters": {
        "interface_friction": 0.0,
        "GI": 0.0015,
        "GII,GIII": 0.03294314381270903,
        "blade_friction": 0.0,
        "tI=tII=tIII": 0.5551839464882943
    }
}
