{
    "geometrical_parameters": {
        "fiber_diameter": 0.023,
        "blade_distance": 0.07575871824663788,
        "elliptical_fiber_ratio": 2.97979797979798,
        "ratio_droplet_embedded_length": 1.311919191919192,
        "droplet_diameter": 0.21663636363636365,
        "contact_angle": 22.230303030303027,
        "fiber_rotation": 4.545454545454546
    },
    "mechanical_parameters": {
        "interface_friction": 0.0,
        "GI": 0.0015,
        "GII,GIII": 0.3,
        "tI=tII=tIII": 1.3,
        "blade_friction": 0.6
    }
}
