{
    "geometrical_parameters": {
        "fiber_diameter": 0.020272727272727272,
        "blade_distance": 0.5545454545454546,
        "elliptical_fiber_ratio": 1.1515151515151516,
        "ratio_droplet_embedded_length": 1.4573737373737372,
        "droplet_diameter": 0.10345454545454547,
        "contact_angle": 16.117171717171715,
        "fiber_rotation": 25.45454545454545
    },
    "mechanical_parameters": {
        "interface_friction": 0.0,
        "tI": 0.2,
        "tII,tIII": 1.3,
        "GI": 0.1,
        "GII,GIII": 0.15,
        "blade_friction": 0.6
    }
}
