{
    "geometrical_parameters": {
        "fiber_diameter": 0.024618729096989967,
        "blade_distance": 0.4595317725752508,
        "elliptical_fiber_ratio": 2.4247491638795986,
        "ratio_droplet_embedded_length": 1.2563210702341137,
        "droplet_diameter": 0.09890301003344482,
        "contact_angle": 20.029431438127087,
        "fiber_rotation": 67.7257525083612
    },
    "mechanical_parameters": {
        "interface_friction": 0.0,
        "GI": 0.0015,
        "GII,GIII": 0.3,
        "tI=tII=tIII": 1.3,
        "blade_friction": 0.6
    }
}
