{
    "geometrical_parameters": {
        "fiber_diameter": 0.01865886287625418,
        "blade_distance": 0.4494983277591973,
        "elliptical_fiber_ratio": 2.349498327759197,
        "ratio_droplet_embedded_length": 1.36,
        "droplet_diameter": 0.162,
        "contact_angle": 25.7,
        "fiber_rotation": 0
    },
    "mechanical_parameters": {
        "interface_friction": 0.0,
        "GI": 0.0015,
        "GII,GIII": 0.4278929765886288,
        "blade_friction": 0.0,
        "tI=tII=tIII": 0.7709030100334449
    }
}
