{
    "geometrical_parameters": {
        "fiber_diameter": 0.029374581939799332,
        "blade_distance": 0.16187290969899668,
        "elliptical_fiber_ratio": 2.349498327759197,
        "ratio_droplet_embedded_length": 1.36,
        "droplet_diameter": 0.162,
        "contact_angle": 25.7,
        "fiber_rotation": 45
    },
    "mechanical_parameters": {
        "interface_friction": 0.0,
        "GI": 0.0015,
        "GII,GIII": 0.15093645484949833,
        "blade_friction": 0.0,
        "tI=tII=tIII": 1.0869565217391304
    }
}
