{
    "geometrical_parameters": {
        "fiber_diameter": 0.021363636363636362,
        "blade_distance": 0.0671240130296824,
        "elliptical_fiber_ratio": 2.0303030303030303,
        "ratio_droplet_embedded_length": 1.3636363636363635,
        "droplet_diameter": 0.17300000000000001,
        "contact_angle": 30.680808080808077,
        "fiber_rotation": 46.36363636363636
    },
    "mechanical_parameters": {
        "interface_friction": 0.0,
        "GI": 0.015,
        "GII,GIII": 0.3,
        "tI=tII=tIII": 1.3,
        "blade_friction": 0.6
    }
}
