{
    "geometrical_parameters": {
        "fiber_diameter": 0.01390909090909091,
        "blade_distance_ratio_to_fiber_diameter": 4.090909090909091,
        "elliptical_fiber_ratio": 2.7777777777777777,
        "ratio_droplet_embedded_length": 1.202020202020202,
        "droplet_diameter": 0.21254545454545454,
        "contact_angle": 23.488888888888887,
        "fiber_rotation": 70.0
    },
    "mechanical_parameters": {
        "interface_friction": 0.0,
        "GI": 0.015,
        "GII,GIII": 0.3,
        "tI=tII=tIII": 1.3,
        "blade_friction": 0.6
    }
}
