{
    "geometrical_parameters": {
        "fiber_diameter": 0.026454545454545456,
        "blade_distance": 0.08115416104898097,
        "elliptical_fiber_ratio": 2.6161616161616164,
        "ratio_droplet_embedded_length": 1.2634343434343434,
        "droplet_diameter": 0.2289090909090909,
        "contact_angle": 19.353535353535353,
        "fiber_rotation": 62.72727272727272
    },
    "mechanical_parameters": {
        "interface_friction": 0.0,
        "GI": 0.015,
        "GII,GIII": 0.3,
        "tI=tII=tIII": 1.3,
        "blade_friction": 0.6
    }
}
