{
    "geometrical_parameters": {
        "fiber_diameter": 0.016498997995991985,
        "blade_distance": 0.5759519038076152,
        "elliptical_fiber_ratio": 1.2585170340681362,
        "ratio_droplet_embedded_length": 1.2228456913827654,
        "droplet_diameter": 0.21270941883767536,
        "contact_angle": 18.165931863727454,
        "fiber_rotation": 72.14428857715431
    },
    "mechanical_parameters": {
        "interface_friction": 0.0,
        "tI": 1,
        "tII,tIII": 1.3,
        "GI": 0.015,
        "GII,GIII": 0.1,
        "blade_friction": 0.6
    }
}
