{
    "geometrical_parameters": {
        "fiber_diameter": 0.027809364548494985,
        "blade_distance": 0.3508361204013377,
        "elliptical_fiber_ratio": 1.1354515050167224,
        "ratio_droplet_embedded_length": 1.374046822742475,
        "droplet_diameter": 0.13502341137123747,
        "contact_angle": 23.720401337792637,
        "fiber_rotation": 73.7458193979933
    },
    "mechanical_parameters": {
        "interface_friction": 0.0,
        "GI": 0.0015,
        "GII,GIII": 0.3,
        "tI=tII=tIII": 1.3,
        "blade_friction": 0.6
    }
}
