{
    "geometrical_parameters": {
        "fiber_diameter": 0.021,
        "blade_distance": 0.15,
        "elliptical_fiber_ratio": 1.0,
        "ratio_droplet_embedded_length": 1.36,
        "droplet_diameter": 0.162,
        "contact_angle": 25.7,
        "fiber_rotation": 0
    },
    "mechanical_parameters": {
        "interface_friction": 0.4280936454849498,
        "tI": 1.4906354515050166,
        "tII,tIII": 1.1020066889632107,
        "GI": 0.017886287625418062,
        "GII,GIII": 0.11160535117056855,
        "blade_friction": 0.5591973244147157
    }
}
