{
    "geometrical_parameters": {
        "fiber_diameter": 0.02046693386773547,
        "blade_distance": 0.3210821643286573,
        "elliptical_fiber_ratio": 2.3557114228456912,
        "ratio_droplet_embedded_length": 1.2356713426853707,
        "droplet_diameter": 0.22028456913827657,
        "contact_angle": 26.227655310621238,
        "fiber_rotation": 28.49699398797595
    },
    "mechanical_parameters": {
        "interface_friction": 0.0,
        "tI": 1,
        "tII,tIII": 1.3,
        "GI": 0.01,
        "GII,GIII": 0.15,
        "blade_friction": 0.6
    }
}
