{
    "geometrical_parameters": {
        "fiber_diameter": 0.021,
        "blade_distance": 0.15,
        "elliptical_fiber_ratio": 1.0,
        "ratio_droplet_embedded_length": 1.36,
        "droplet_diameter": 0.162,
        "contact_angle": 25.7,
        "fiber_rotation": 0
    },
    "mechanical_parameters": {
        "interface_friction": 0.5217391304347826,
        "GI": 0.0748361204013378,
        "GII,GIII": 0.3541471571906355,
        "tI=tII=tIII": 1.8193979933110367,
        "blade_friction": 0.06956521739130436
    }
}
