{
    "geometrical_parameters": {
        "fiber_diameter": 0.014454545454545454,
        "blade_distance": 0.09670975679146769,
        "elliptical_fiber_ratio": 1.02020202020202,
        "ratio_droplet_embedded_length": 1.298989898989899,
        "droplet_diameter": 0.1470909090909091,
        "contact_angle": 28.882828282828278,
        "fiber_rotation": 64.54545454545455
    },
    "mechanical_parameters": {
        "interface_friction": 0.0,
        "GI": 0.015,
        "GII,GIII": 0.3,
        "tI=tII=tIII": 1.3,
        "blade_friction": 0.6
    }
}
