{
    "geometrical_parameters": {
        "fiber_diameter": 0.018719063545150502,
        "blade_distance": 0.5347826086956522,
        "elliptical_fiber_ratio": 2.294314381270903,
        "ratio_droplet_embedded_length": 1.356923076923077,
        "droplet_diameter": 0.20545819397993312,
        "contact_angle": 20.505685618729096,
        "fiber_rotation": 31.00334448160535
    },
    "mechanical_parameters": {
        "interface_friction": 0.0,
        "GI": 0.0015,
        "GII,GIII": 0.3,
        "tI=tII=tIII": 1.3,
        "blade_friction": 0.6
    }
}
