{
    "geometrical_parameters": {
        "fiber_diameter": 0.013120401337792641,
        "blade_distance": 0.38795986622073586,
        "elliptical_fiber_ratio": 1.7759197324414715,
        "ratio_droplet_embedded_length": 1.185685618729097,
        "droplet_diameter": 0.1377324414715719,
        "contact_angle": 16.933779264214046,
        "fiber_rotation": 44.54849498327759
    },
    "mechanical_parameters": {
        "interface_friction": 0.0,
        "GI": 0.0015,
        "GII,GIII": 0.3,
        "tI=tII=tIII": 1.3,
        "blade_friction": 0.6
    }
}
