{
    "geometrical_parameters": {
        "fiber_diameter": 0.024651302605210423,
        "blade_distance": 0.45462925851703406,
        "elliptical_fiber_ratio": 2.4398797595190382,
        "ratio_droplet_embedded_length": 1.2703006012024047,
        "droplet_diameter": 0.14940280561122246,
        "contact_angle": 29.937474949899794,
        "fiber_rotation": 8.476953907815632
    },
    "mechanical_parameters": {
        "interface_friction": 0.0,
        "tI": 1,
        "tII,tIII": 1.3,
        "GI": 0.01,
        "GII,GIII": 0.15,
        "blade_friction": 0.6
    }
}
