{
    "geometrical_parameters": {
        "fiber_diameter": 0.015363636363636364,
        "blade_distance": 0.11058979176438674,
        "elliptical_fiber_ratio": 1.7474747474747474,
        "ratio_droplet_embedded_length": 1.2246464646464645,
        "droplet_diameter": 0.21936363636363637,
        "contact_angle": 15.757575757575758,
        "fiber_rotation": 25.45454545454545
    },
    "mechanical_parameters": {
        "interface_friction": 0.0,
        "GI": 0.0015,
        "GII,GIII": 0.3,
        "tI=tII=tIII": 1.3,
        "blade_friction": 0.6
    }
}
