{
    "geometrical_parameters": {
        "fiber_diameter": 0.021,
        "blade_distance": 0.15,
        "elliptical_fiber_ratio": 1.0,
        "ratio_droplet_embedded_length": 1.36,
        "droplet_diameter": 0.162,
        "contact_angle": 25.7,
        "fiber_rotation": 0
    },
    "mechanical_parameters": {
        "interface_friction": 0.3237458193979933,
        "tI": 1.0645484949832775,
        "tII,tIII": 1.192307692307692,
        "GI": 0.026826086956521736,
        "GII,GIII": 0.4508361204013378,
        "blade_friction": 0.7464882943143814
    }
}
