{
    "geometrical_parameters": {
        "fiber_diameter": 0.021044088176352706,
        "blade_distance": 0.1991983967935872,
        "elliptical_fiber_ratio": 1.1202404809619237,
        "ratio_droplet_embedded_length": 1.4517835671342685,
        "droplet_diameter": 0.12586573146292585,
        "contact_angle": 18.272945891783564,
        "fiber_rotation": 56.81362725450902
    },
    "mechanical_parameters": {
        "interface_friction": 0.0,
        "tI": 1,
        "tII,tIII": 1.3,
        "GI": 0.015,
        "GII,GIII": 0.1,
        "blade_friction": 0.6
    }
}
