{
    "geometrical_parameters": {
        "fiber_diameter": 0.019983277591973245,
        "blade_distance": 0.5147157190635452,
        "elliptical_fiber_ratio": 1.6622073578595318,
        "ratio_droplet_embedded_length": 1.3280267558528427,
        "droplet_diameter": 0.18423745819397996,
        "contact_angle": 30.864214046822738,
        "fiber_rotation": 35.21739130434782
    },
    "mechanical_parameters": {
        "interface_friction": 0.0,
        "tI": 1,
        "tII,tIII": 1.3,
        "GI": 0.01,
        "GII,GIII": 0.15,
        "blade_friction": 0.8
    }
}
