{
    "geometrical_parameters": {
        "fiber_diameter": 0.021608695652173913,
        "blade_distance": 0.5247491638795987,
        "elliptical_fiber_ratio": 2.4749163879598663,
        "ratio_droplet_embedded_length": 1.36,
        "droplet_diameter": 0.162,
        "contact_angle": 25.7,
        "fiber_rotation": 0
    },
    "mechanical_parameters": {
        "interface_friction": 0.0,
        "GI": 0.0015,
        "GII,GIII": 0.28695652173913044,
        "blade_friction": 0.0,
        "tI=tII=tIII": 1.0668896321070234
    }
}
