{
    "geometrical_parameters": {
        "fiber_diameter": 0.022451505016722408,
        "blade_distance": 0.37090301003344484,
        "elliptical_fiber_ratio": 1.6020066889632107,
        "ratio_droplet_embedded_length": 1.36,
        "droplet_diameter": 0.162,
        "contact_angle": 25.7,
        "fiber_rotation": 45
    },
    "mechanical_parameters": {
        "interface_friction": 0.0,
        "GI": 0.0015,
        "GII,GIII": 0.3836454849498328,
        "blade_friction": 0.0,
        "tI=tII=tIII": 1.7491638795986624
    }
}
