{
    "geometrical_parameters": {
        "fiber_diameter": 0.030090909090909092,
        "blade_distance": 0.2093184296687936,
        "elliptical_fiber_ratio": 1.02020202020202,
        "ratio_droplet_embedded_length": 1.2149494949494948,
        "droplet_diameter": 0.22072727272727274,
        "contact_angle": 15.397979797979797,
        "fiber_rotation": 26.363636363636363
    },
    "mechanical_parameters": {
        "interface_friction": 0.0,
        "GI": 0.015,
        "GII,GIII": 0.3,
        "tI=tII=tIII": 1.3,
        "blade_friction": 0.6
    }
}
