{
    "geometrical_parameters": {
        "fiber_diameter": 0.021545454545454545,
        "blade_distance_ratio_to_fiber_diameter": 4.015151515151516,
        "elliptical_fiber_ratio": 2.212121212121212,
        "ratio_droplet_embedded_length": 1.4573737373737372,
        "droplet_diameter": 0.15254545454545454,
        "contact_angle": 30.321212121212113,
        "fiber_rotation": 24.545454545454547
    },
    "mechanical_parameters": {
        "interface_friction": 0.0,
        "GI": 0.015,
        "GII,GIII": 0.3,
        "tI=tII=tIII": 1.3,
        "blade_friction": 0.6
    }
}
