{
    "geometrical_parameters": {
        "fiber_diameter": 0.027327759197324414,
        "blade_distance": 0.42274247491638794,
        "elliptical_fiber_ratio": 1.2558528428093645,
        "ratio_droplet_embedded_length": 1.36,
        "droplet_diameter": 0.162,
        "contact_angle": 25.7,
        "fiber_rotation": 45
    },
    "mechanical_parameters": {
        "interface_friction": 0.0,
        "GI": 0.0015,
        "GII,GIII": 0.08538461538461539,
        "blade_friction": 0.0,
        "tI=tII=tIII": 1.5735785953177257
    }
}
