{
    "geometrical_parameters": {
        "fiber_diameter": 0.01310821643286573,
        "elliptical_fiber_ratio": 1.0,
        "blade_distance": 0.34248496993987976,
        "ratio_droplet_embedded_length": 1.36,
        "droplet_diameter": 0.1591422845691383,
        "contact_angle": 25.7,
        "fiber_rotation": 0
    },
    "mechanical_parameters": {
        "interface_friction": 0.0,
        "GI": 0.0015,
        "GII,GIII": 0.2633466933867736,
        "blade_friction": 0.0,
        "tI=tII=tIII": 0.6352705410821643
    }
}
