{
    "geometrical_parameters": {
        "fiber_diameter": 0.01336180904522613,
        "blade_distance": 0.664321608040201,
        "elliptical_fiber_ratio": 2.407035175879397,
        "ratio_droplet_embedded_length": 1.4269346733668342,
        "droplet_diameter": 0.19501005025125628,
        "contact_angle": 25.85427135678392,
        "fiber_rotation": 45.22613065326633
    },
    "mechanical_parameters": {
        "interface_friction": 0.0,
        "GI": 0.0015,
        "GII,GIII": 0.3,
        "tI=tII=tIII": 1.3,
        "blade_friction": 0.6
    }
}
