{
    "geometrical_parameters": {
        "fiber_diameter": 0.024498327759197323,
        "elliptical_fiber_ratio": 1.0,
        "blade_distance": 0.41270903010033444,
        "ratio_droplet_embedded_length": 1.36,
        "droplet_diameter": 0.13502341137123747,
        "contact_angle": 25.7,
        "fiber_rotation": 0
    },
    "mechanical_parameters": {
        "interface_friction": 0.0,
        "GI": 0.0015,
        "GII,GIII": 0.26892976588628764,
        "blade_friction": 0.0,
        "tI=tII=tIII": 1.2173913043478262
    }
}
