{
    "geometrical_parameters": {
        "fiber_diameter": 0.02582274247491639,
        "elliptical_fiber_ratio": 1.0,
        "blade_distance": 0.5782608695652174,
        "ratio_droplet_embedded_length": 1.36,
        "droplet_diameter": 0.21087625418060202,
        "contact_angle": 25.7,
        "fiber_rotation": 0
    },
    "mechanical_parameters": {
        "interface_friction": 0.0,
        "GI": 0.0015,
        "GII,GIII": 0.33120401337792643,
        "blade_friction": 0.0,
        "tI=tII=tIII": 0.705685618729097
    }
}
