{
    "geometrical_parameters": {
        "fiber_diameter": 0.01859866220735786,
        "blade_distance": 0.45284280936454846,
        "elliptical_fiber_ratio": 2.34448160535117,
        "ratio_droplet_embedded_length": 1.2841471571906353,
        "droplet_diameter": 0.17294983277591974,
        "contact_angle": 21.51772575250836,
        "fiber_rotation": 72.54180602006689
    },
    "mechanical_parameters": {
        "interface_friction": 0.0,
        "GI": 0.0015,
        "GII,GIII": 0.3,
        "tI=tII=tIII": 1.3,
        "blade_friction": 0.6
    }
}
