{
    "geometrical_parameters": {
        "fiber_diameter": 0.013577154308617233,
        "blade_distance": 0.058858265133482426,
        "elliptical_fiber_ratio": 2.3907815631262523,
        "ratio_droplet_embedded_length": 1.3318637274549099,
        "droplet_diameter": 0.10936272545090181,
        "contact_angle": 15.704609218436874,
        "fiber_rotation": 44.90981963927856
    },
    "mechanical_parameters": {
        "interface_friction": 0.6380761523046092,
        "GI": 0.01925250501002004,
        "GII,GIII": 0.29569138276553103,
        "tI=tII=tIII": 0.8066132264529058,
        "blade_friction": 0.5899799599198396
    }
}
