{
    "geometrical_parameters": {
        "fiber_diameter": 0.021,
        "blade_distance": 0.15,
        "elliptical_fiber_ratio": 1.0,
        "ratio_droplet_embedded_length": 1.36,
        "droplet_diameter": 0.162,
        "contact_angle": 25.7,
        "fiber_rotation": 0
    },
    "mechanical_parameters": {
        "interface_friction": 0.31304347826086953,
        "GI": 0.04040133779264214,
        "GII,GIII": 0.3590635451505017,
        "tI=tII=tIII": 0.6806020066889632,
        "blade_friction": 0.48963210702341137
    }
}
