{
    "geometrical_parameters": {
        "fiber_diameter": 0.01906012024048096,
        "blade_distance": 0.4232064128256513,
        "elliptical_fiber_ratio": 2.208416833667335,
        "ratio_droplet_embedded_length": 1.3209619238476953,
        "droplet_diameter": 0.22650701402805612,
        "contact_angle": 17.060120240480963,
        "fiber_rotation": 61.322645290581164
    },
    "mechanical_parameters": {
        "interface_friction": 0.0,
        "tI": 1,
        "tII,tIII": 1.3,
        "GI": 0.01,
        "GII,GIII": 0.15,
        "blade_friction": 0.6
    }
}
