{
    "geometrical_parameters": {
        "fiber_diameter": 0.027176352705410824,
        "elliptical_fiber_ratio": 1.0,
        "blade_distance": 0.4817635270541082,
        "ratio_droplet_embedded_length": 1.36,
        "droplet_diameter": 0.17645691382765533,
        "contact_angle": 25.7,
        "fiber_rotation": 0
    },
    "mechanical_parameters": {
        "interface_friction": 0.0,
        "GI": 0.0015,
        "GII,GIII": 0.4292985971943888,
        "blade_friction": 0.0,
        "tI=tII=tIII": 1.0921843687374748
    }
}
