{
    "geometrical_parameters": {
        "fiber_diameter": 0.014625418060200669,
        "elliptical_fiber_ratio": 1.0,
        "blade_distance": 0.4494983277591973,
        "ratio_droplet_embedded_length": 1.36,
        "droplet_diameter": 0.23254849498327762,
        "contact_angle": 25.7,
        "fiber_rotation": 0
    },
    "mechanical_parameters": {
        "interface_friction": 0.0,
        "GI": 0.0015,
        "GII,GIII": 0.2443478260869565,
        "blade_friction": 0.0,
        "tI=tII=tIII": 1.4230769230769234
    }
}
