{
    "geometrical_parameters": {
        "fiber_diameter": 0.020404682274247493,
        "elliptical_fiber_ratio": 1.0,
        "blade_distance": 0.3558528428093646,
        "ratio_droplet_embedded_length": 1.36,
        "droplet_diameter": 0.2271304347826087,
        "contact_angle": 25.7,
        "fiber_rotation": 0
    },
    "mechanical_parameters": {
        "interface_friction": 0.0,
        "GI": 0.0015,
        "GII,GIII": 0.432809364548495,
        "blade_friction": 0.0,
        "tI=tII=tIII": 1.5384615384615385
    }
}
