{
    "geometrical_parameters": {
        "fiber_diameter": 0.0164314381270903,
        "blade_distance": 0.28561872909698993,
        "elliptical_fiber_ratio": 1.0501672240802675,
        "ratio_droplet_embedded_length": 1.36,
        "droplet_diameter": 0.162,
        "contact_angle": 25.7,
        "fiber_rotation": 45
    },
    "mechanical_parameters": {
        "interface_friction": 0.0,
        "GI": 0.0015,
        "GII,GIII": 0.3967558528428094,
        "blade_friction": 0.0,
        "tI=tII=tIII": 1.342809364548495
    }
}
