{
    "geometrical_parameters": {
        "fiber_diameter": 0.030531062124248498,
        "elliptical_fiber_ratio": 1.0,
        "blade_distance": 0.5549098196392785,
        "ratio_droplet_embedded_length": 1.36,
        "droplet_diameter": 0.22758917835671344,
        "contact_angle": 25.7,
        "fiber_rotation": 0
    },
    "mechanical_parameters": {
        "interface_friction": 0.0,
        "GI": 0.0015,
        "GII,GIII": 0.4302805611222445,
        "blade_friction": 0.0,
        "tI=tII=tIII": 0.875751503006012
    }
}
