{
    "geometrical_parameters": {
        "fiber_diameter": 0.023363636363636364,
        "blade_distance": 0.07088721796557633,
        "elliptical_fiber_ratio": 2.5555555555555554,
        "ratio_droplet_embedded_length": 1.3765656565656565,
        "droplet_diameter": 0.13481818181818184,
        "contact_angle": 23.848484848484844,
        "fiber_rotation": 3.6363636363636367
    },
    "mechanical_parameters": {
        "interface_friction": 0.0,
        "GI": 0.015,
        "GII,GIII": 0.3,
        "tI=tII=tIII": 1.3,
        "blade_friction": 0.6
    }
}
