{
    "geometrical_parameters": {
        "fiber_diameter": 0.0142625250501002,
        "elliptical_fiber_ratio": 1.0,
        "blade_distance": 0.37855711422845695,
        "ratio_droplet_embedded_length": 1.36,
        "droplet_diameter": 0.17564529058116235,
        "contact_angle": 25.7,
        "fiber_rotation": 0
    },
    "mechanical_parameters": {
        "interface_friction": 0.0,
        "GI": 0.0015,
        "GII,GIII": 0.2810220440881764,
        "blade_friction": 0.0,
        "tI=tII=tIII": 1.4438877755511021
    }
}
