{
    "geometrical_parameters": {
        "fiber_diameter": 0.021,
        "blade_distance": 0.15,
        "elliptical_fiber_ratio": 1.0,
        "ratio_droplet_embedded_length": 1.36,
        "droplet_diameter": 0.162,
        "contact_angle": 25.7,
        "fiber_rotation": 0
    },
    "mechanical_parameters": {
        "interface_friction": 0.04816053511705686,
        "tI": 0.4605351170568561,
        "tII,tIII": 1.4682274247491638,
        "GI": 0.02848160535117057,
        "GII,GIII": 0.0722742474916388,
        "blade_friction": 0.6474916387959867
    }
}
