{
    "geometrical_parameters": {
        "fiber_diameter": 0.019709418837675352,
        "blade_distance": 0.14909819639278557,
        "elliptical_fiber_ratio": 1.0901803607214429,
        "ratio_droplet_embedded_length": 1.4280561122244488,
        "droplet_diameter": 0.13181763527054108,
        "contact_angle": 25.086172344689377,
        "fiber_rotation": 61.68336673346693
    },
    "mechanical_parameters": {
        "interface_friction": 0.0,
        "tI": 1,
        "tII,tIII": 1.3,
        "GI": 0.015,
        "GII,GIII": 0.1,
        "blade_friction": 0.6
    }
}
