{
    "geometrical_parameters": {
        "fiber_diameter": 0.013421404682274247,
        "blade_distance": 0.2471571906354515,
        "elliptical_fiber_ratio": 2.259197324414716,
        "ratio_droplet_embedded_length": 1.36,
        "droplet_diameter": 0.162,
        "contact_angle": 25.7,
        "fiber_rotation": 45
    },
    "mechanical_parameters": {
        "interface_friction": 0.0,
        "GI": 0.0015,
        "GII,GIII": 0.11488294314381271,
        "blade_friction": 0.0,
        "tI=tII=tIII": 0.6605351170568562
    }
}
