{
    "geometrical_parameters": {
        "fiber_diameter": 0.02690635451505017,
        "blade_distance": 0.3036789297658863,
        "elliptical_fiber_ratio": 2.879598662207358,
        "ratio_droplet_embedded_length": 1.3858193979933109,
        "droplet_diameter": 0.18830100334448163,
        "contact_angle": 16.51705685618729,
        "fiber_rotation": 82.47491638795987
    },
    "mechanical_parameters": {
        "interface_friction": 0.0,
        "GI": 0.0015,
        "GII,GIII": 0.3,
        "tI=tII=tIII": 1.3,
        "blade_friction": 0.6
    }
}
