{
    "geometrical_parameters": {
        "fiber_diameter": 0.02518181818181818,
        "blade_distance_ratio_to_fiber_diameter": 3.2196969696969697,
        "elliptical_fiber_ratio": 2.515151515151515,
        "ratio_droplet_embedded_length": 1.2343434343434343,
        "droplet_diameter": 0.13754545454545455,
        "contact_angle": 28.7030303030303,
        "fiber_rotation": 89.0909090909091
    },
    "mechanical_parameters": {
        "interface_friction": 0.0,
        "GI": 0.015,
        "GII,GIII": 0.3,
        "tI=tII=tIII": 1.3,
        "blade_friction": 0.6
    }
}
