{
    "geometrical_parameters": {
        "fiber_diameter": 0.028290969899665553,
        "blade_distance": 0.394314381270903,
        "elliptical_fiber_ratio": 2.023411371237458,
        "ratio_droplet_embedded_length": 1.2595317725752508,
        "droplet_diameter": 0.20049163879598664,
        "contact_angle": 31.340468227424743,
        "fiber_rotation": 7.224080267558528
    },
    "mechanical_parameters": {
        "interface_friction": 0.0,
        "tI": 1,
        "tII,tIII": 1.3,
        "GI": 0.01,
        "GII,GIII": 0.15,
        "blade_friction": 0.8
    }
}
