{
    "geometrical_parameters": {
        "fiber_diameter": 0.01697324414715719,
        "blade_distance": 0.7250836120401338,
        "elliptical_fiber_ratio": 2.2842809364548495,
        "ratio_droplet_embedded_length": 1.183545150501672,
        "droplet_diameter": 0.21223076923076922,
        "contact_angle": 24.018060200668895,
        "fiber_rotation": 30.702341137123742
    },
    "mechanical_parameters": {
        "interface_friction": 0.0,
        "GI": 0.0015,
        "GII,GIII": 0.3,
        "tI=tII=tIII": 1.3,
        "blade_friction": 0.6
    }
}
