{
    "geometrical_parameters": {
        "fiber_diameter": 0.020935871743486975,
        "blade_distance": 0.18080160320641284,
        "elliptical_fiber_ratio": 1.4238476953907815,
        "ratio_droplet_embedded_length": 1.48,
        "droplet_diameter": 0.13073547094188379,
        "contact_angle": 27.083767535070137,
        "fiber_rotation": 18.03607214428858
    },
    "mechanical_parameters": {
        "interface_friction": 0.0,
        "tI": 1,
        "tII,tIII": 1.3,
        "GI": 0.01,
        "GII,GIII": 0.15,
        "blade_friction": 0.6
    }
}
