{
    "geometrical_parameters": {
        "fiber_diameter": 0.030939799331103683,
        "blade_distance": 0.21036789297658864,
        "elliptical_fiber_ratio": 1.9682274247491638,
        "ratio_droplet_embedded_length": 1.36,
        "droplet_diameter": 0.162,
        "contact_angle": 25.7,
        "fiber_rotation": 0
    },
    "mechanical_parameters": {
        "interface_friction": 0.0,
        "GI": 0.0015,
        "GII,GIII": 0.31973244147157187,
        "blade_friction": 0.0,
        "tI=tII=tIII": 1.7842809364548495
    }
}
