{
    "geometrical_parameters": {
        "fiber_diameter": 0.017251256281407036,
        "blade_distance": 0.5286432160804021,
        "elliptical_fiber_ratio": 1.391959798994975,
        "ratio_droplet_embedded_length": 1.3851256281407034,
        "droplet_diameter": 0.10817587939698493,
        "contact_angle": 29.968844221105527,
        "fiber_rotation": 81.85929648241206
    },
    "mechanical_parameters": {
        "interface_friction": 0.0,
        "GI": 0.0015,
        "GII,GIII": 0.3,
        "tI=tII=tIII": 1.3,
        "blade_friction": 0.6
    }
}
