{
    "geometrical_parameters": {
        "fiber_diameter": 0.017545454545454545,
        "blade_distance": 0.04810672768995321,
        "elliptical_fiber_ratio": 2.8383838383838382,
        "ratio_droplet_embedded_length": 1.4638383838383837,
        "droplet_diameter": 0.203,
        "contact_angle": 23.309090909090905,
        "fiber_rotation": 31.818181818181817
    },
    "mechanical_parameters": {
        "interface_friction": 0.0,
        "GI": 0.015,
        "GII,GIII": 0.3,
        "tI=tII=tIII": 1.3,
        "blade_friction": 0.6
    }
}
