{
    "geometrical_parameters": {
        "fiber_diameter": 0.01667935871743487,
        "elliptical_fiber_ratio": 1.0,
        "blade_distance": 0.11402805611222445,
        "ratio_droplet_embedded_length": 1.36,
        "droplet_diameter": 0.15427254509018037,
        "contact_angle": 25.7,
        "fiber_rotation": 0
    },
    "mechanical_parameters": {
        "interface_friction": 0.0,
        "GI": 0.0015,
        "GII,GIII": 0.2319238476953908,
        "blade_friction": 0.0,
        "tI=tII=tIII": 1.0410821643286572
    }
}
