{
    "geometrical_parameters": {
        "fiber_diameter": 0.02678595317725753,
        "blade_distance": 0.2254180602006689,
        "elliptical_fiber_ratio": 1.7424749163879598,
        "ratio_droplet_embedded_length": 1.36,
        "droplet_diameter": 0.162,
        "contact_angle": 25.7,
        "fiber_rotation": 0
    },
    "mechanical_parameters": {
        "interface_friction": 0.0,
        "GI": 0.0015,
        "GII,GIII": 0.4573913043478261,
        "blade_friction": 0.0,
        "tI=tII=tIII": 1.448160535117057
    }
}
