{
    "geometrical_parameters": {
        "fiber_diameter": 0.015046822742474916,
        "blade_distance": 0.24882943143812708,
        "elliptical_fiber_ratio": 1.0250836120401339,
        "ratio_droplet_embedded_length": 1.36,
        "droplet_diameter": 0.162,
        "contact_angle": 25.7,
        "fiber_rotation": 45
    },
    "mechanical_parameters": {
        "interface_friction": 0.0,
        "GI": 0.0015,
        "GII,GIII": 0.15421404682274248,
        "blade_friction": 0.0,
        "tI=tII=tIII": 1.0468227424749164
    }
}
