{
    "geometrical_parameters": {
        "fiber_diameter": 0.013363636363636362,
        "blade_distance": 0.22691944333399444,
        "elliptical_fiber_ratio": 2.2929292929292933,
        "ratio_droplet_embedded_length": 1.2795959595959596,
        "droplet_diameter": 0.2289090909090909,
        "contact_angle": 26.72525252525252,
        "fiber_rotation": 13.636363636363637
    },
    "mechanical_parameters": {
        "interface_friction": 0.0,
        "GI": 0.015,
        "GII,GIII": 0.3,
        "tI=tII=tIII": 1.3,
        "blade_friction": 0.6
    }
}
