{
    "geometrical_parameters": {
        "fiber_diameter": 0.03085571142284569,
        "blade_distance": 0.4557515030060121,
        "elliptical_fiber_ratio": 1.5801603206412826,
        "ratio_droplet_embedded_length": 1.4190781563126253,
        "droplet_diameter": 0.17402204408817634,
        "contact_angle": 14.349098196392784,
        "fiber_rotation": 6.492985971943887
    },
    "mechanical_parameters": {
        "interface_friction": 0.0,
        "tI": 1,
        "tII,tIII": 1.3,
        "GI": 0.01,
        "GII,GIII": 0.15,
        "blade_friction": 0.6
    }
}
