{
    "geometrical_parameters": {
        "fiber_diameter": 0.021,
        "blade_distance": 0.15,
        "elliptical_fiber_ratio": 1.0,
        "ratio_droplet_embedded_length": 1.36,
        "droplet_diameter": 0.162,
        "contact_angle": 25.7,
        "fiber_rotation": 0
    },
    "mechanical_parameters": {
        "interface_friction": 0.018729096989966557,
        "GI": 0.040070234113712376,
        "GII,GIII": 0.09849498327759197,
        "tI=tII=tIII": 1.3578595317725752,
        "blade_friction": 0.21137123745819397
    }
}
