{
    "geometrical_parameters": {
        "fiber_diameter": 0.02485953177257525,
        "blade_distance": 0.4361204013377926,
        "elliptical_fiber_ratio": 1.7926421404682276,
        "ratio_droplet_embedded_length": 1.3537123745819397,
        "droplet_diameter": 0.21223076923076922,
        "contact_angle": 16.040802675585283,
        "fiber_rotation": 16.8561872909699
    },
    "mechanical_parameters": {
        "interface_friction": 0.0,
        "GI": 0.0015,
        "GII,GIII": 0.3,
        "tI=tII=tIII": 1.3,
        "blade_friction": 0.6
    }
}
