{
    "geometrical_parameters": {
        "fiber_diameter": 0.016551839464882943,
        "elliptical_fiber_ratio": 1.0,
        "blade_distance": 0.31906354515050167,
        "ratio_droplet_embedded_length": 1.36,
        "droplet_diameter": 0.2149397993311037,
        "contact_angle": 25.7,
        "fiber_rotation": 0
    },
    "mechanical_parameters": {
        "interface_friction": 0.0,
        "GI": 0.0015,
        "GII,GIII": 0.1329096989966555,
        "blade_friction": 0.0,
        "tI=tII=tIII": 0.6304347826086957
    }
}
