{
    "geometrical_parameters": {
        "fiber_diameter": 0.021727272727272727,
        "blade_distance": 0.0989463915713326,
        "elliptical_fiber_ratio": 2.3939393939393936,
        "ratio_droplet_embedded_length": 1.3345454545454545,
        "droplet_diameter": 0.2302727272727273,
        "contact_angle": 28.52323232323232,
        "fiber_rotation": 32.72727272727273
    },
    "mechanical_parameters": {
        "interface_friction": 0.0,
        "GI": 0.0015,
        "GII,GIII": 0.3,
        "tI=tII=tIII": 1.3,
        "blade_friction": 0.6
    }
}
