{
    "geometrical_parameters": {
        "fiber_diameter": 0.017695652173913043,
        "blade_distance": 0.5765886287625418,
        "elliptical_fiber_ratio": 1.7675585284280935,
        "ratio_droplet_embedded_length": 1.36,
        "droplet_diameter": 0.162,
        "contact_angle": 25.7,
        "fiber_rotation": 0
    },
    "mechanical_parameters": {
        "interface_friction": 0.0,
        "GI": 0.0015,
        "GII,GIII": 0.2918729096989967,
        "blade_friction": 0.0,
        "tI=tII=tIII": 1.031772575250836
    }
}
