{
    "geometrical_parameters": {
        "fiber_diameter": 0.016250836120401336,
        "blade_distance": 0.3341137123745819,
        "elliptical_fiber_ratio": 2.0133779264214047,
        "ratio_droplet_embedded_length": 1.36,
        "droplet_diameter": 0.162,
        "contact_angle": 25.7,
        "fiber_rotation": 0
    },
    "mechanical_parameters": {
        "interface_friction": 0.0,
        "GI": 0.0015,
        "GII,GIII": 0.03785953177257525,
        "blade_friction": 0.0,
        "tI=tII=tIII": 1.9147157190635453
    }
}
