{
    "geometrical_parameters": {
        "fiber_diameter": 0.021,
        "blade_distance": 0.12527272727272729,
        "elliptical_fiber_ratio": 2.878787878787879,
        "ratio_droplet_embedded_length": 1.412121212121212,
        "droplet_diameter": 0.12527272727272729,
        "contact_angle": 15.397979797979797,
        "fiber_rotation": 0.0
    },
    "mechanical_parameters": {
        "interface_friction": 0.0,
        "GI": 0.015,
        "GII,GIII": 0.3,
        "tI=tII=tIII": 1.3,
        "blade_friction": 0.6
    }
}
