{
    "geometrical_parameters": {
        "fiber_diameter": 0.030337792642140468,
        "elliptical_fiber_ratio": 1.0,
        "blade_distance": 0.2053511705685619,
        "ratio_droplet_embedded_length": 1.36,
        "droplet_diameter": 0.18107692307692308,
        "contact_angle": 25.7,
        "fiber_rotation": 0
    },
    "mechanical_parameters": {
        "interface_friction": 0.0,
        "GI": 0.0015,
        "GII,GIII": 0.3574247491638796,
        "blade_friction": 0.0,
        "tI=tII=tIII": 0.8561872909698997
    }
}
