{
    "geometrical_parameters": {
        "fiber_diameter": 0.023896321070234115,
        "blade_distance": 0.22207357859531773,
        "elliptical_fiber_ratio": 2.2391304347826084,
        "ratio_droplet_embedded_length": 1.468227424749164,
        "droplet_diameter": 0.19462207357859534,
        "contact_angle": 27.94715719063545,
        "fiber_rotation": 37.324414715719065
    },
    "mechanical_parameters": {
        "interface_friction": 0.0,
        "tI": 1,
        "tII,tIII": 1.3,
        "GI": 0.01,
        "GII,GIII": 0.15,
        "blade_friction": 0.8
    }
}
