{
    "geometrical_parameters": {
        "fiber_diameter": 0.014947895791583166,
        "blade_distance": 0.5185971943887776,
        "elliptical_fiber_ratio": 1.1442885771543085,
        "ratio_droplet_embedded_length": 1.3228857715430862,
        "droplet_diameter": 0.21325050100200402,
        "contact_angle": 22.125450901803603,
        "fiber_rotation": 3.967935871743487
    },
    "mechanical_parameters": {
        "interface_friction": 0.0,
        "tI": 1,
        "tII,tIII": 1.3,
        "GI": 0.01,
        "GII,GIII": 0.15,
        "blade_friction": 0.6
    }
}
