{
    "geometrical_parameters": {
        "fiber_diameter": 0.021,
        "blade_distance": 0.15,
        "elliptical_fiber_ratio": 1.0,
        "ratio_droplet_embedded_length": 1.36,
        "droplet_diameter": 0.162,
        "contact_angle": 25.7,
        "fiber_rotation": 0
    },
    "mechanical_parameters": {
        "interface_friction": 0.5244147157190636,
        "tI": 1.125418060200669,
        "tII,tIII": 1.4732441471571907,
        "GI": 0.05397658862876254,
        "GII,GIII": 0.34759197324414715,
        "blade_friction": 0.0
    }
}
