{
    "geometrical_parameters": {
        "fiber_diameter": 0.02809090909090909,
        "blade_distance_ratio_to_fiber_diameter": 2.8030303030303028,
        "elliptical_fiber_ratio": 2.595959595959596,
        "ratio_droplet_embedded_length": 1.4767676767676767,
        "droplet_diameter": 0.14981818181818182,
        "contact_angle": 30.14141414141414,
        "fiber_rotation": 80.9090909090909
    },
    "mechanical_parameters": {
        "interface_friction": 0.0,
        "GI": 0.015,
        "GII,GIII": 0.3,
        "tI=tII=tIII": 1.3,
        "blade_friction": 0.6
    }
}
