{
    "geometrical_parameters": {
        "fiber_diameter": 0.027181818181818182,
        "blade_distance": 0.09382606655101665,
        "elliptical_fiber_ratio": 2.3737373737373737,
        "ratio_droplet_embedded_length": 1.189090909090909,
        "droplet_diameter": 0.15936363636363637,
        "contact_angle": 30.14141414141414,
        "fiber_rotation": 34.54545454545455
    },
    "mechanical_parameters": {
        "interface_friction": 0.0,
        "GI": 0.015,
        "GII,GIII": 0.3,
        "tI=tII=tIII": 1.3,
        "blade_friction": 0.6
    }
}
