{
    "geometrical_parameters": {
        "fiber_diameter": 0.022847695390781565,
        "elliptical_fiber_ratio": 1.0,
        "blade_distance": 0.4927855711422846,
        "ratio_droplet_embedded_length": 1.36,
        "droplet_diameter": 0.1864669338677355,
        "contact_angle": 25.7,
        "fiber_rotation": 0
    },
    "mechanical_parameters": {
        "interface_friction": 0.0,
        "GI": 0.0015,
        "GII,GIII": 0.1838076152304609,
        "blade_friction": 0.0,
        "tI=tII=tIII": 0.5661322645290581
    }
}
