{
    "geometrical_parameters": {
        "fiber_diameter": 0.013144288577154307,
        "blade_distance": 0.5498997995991984,
        "elliptical_fiber_ratio": 1.8266533066132267,
        "ratio_droplet_embedded_length": 1.2638877755511022,
        "droplet_diameter": 0.21541482965931863,
        "contact_angle": 15.811623246492985,
        "fiber_rotation": 57.35470941883768
    },
    "mechanical_parameters": {
        "interface_friction": 0.0,
        "tI": 1,
        "tII,tIII": 1.3,
        "GI": 0.015,
        "GII,GIII": 0.1,
        "blade_friction": 0.6
    }
}
