{
    "geometrical_parameters": {
        "fiber_diameter": 0.025521739130434783,
        "blade_distance": 0.42274247491638794,
        "elliptical_fiber_ratio": 2.1939799331103678,
        "ratio_droplet_embedded_length": 1.36,
        "droplet_diameter": 0.162,
        "contact_angle": 25.7,
        "fiber_rotation": 0
    },
    "mechanical_parameters": {
        "interface_friction": 0.0,
        "GI": 0.0015,
        "GII,GIII": 0.16732441471571904,
        "blade_friction": 0.0,
        "tI=tII=tIII": 1.5635451505016722
    }
}
