{
    "geometrical_parameters": {
        "fiber_diameter": 0.016715430861723446,
        "blade_distance": 0.4220841683366734,
        "elliptical_fiber_ratio": 1.0751503006012024,
        "ratio_droplet_embedded_length": 1.3119839679358716,
        "droplet_diameter": 0.19187775551102204,
        "contact_angle": 14.09939879759519,
        "fiber_rotation": 50.14028056112225
    },
    "mechanical_parameters": {
        "interface_friction": 0.0,
        "tI": 1,
        "tII,tIII": 1.3,
        "GI": 0.01,
        "GII,GIII": 0.15,
        "blade_friction": 0.6
    }
}
