{
    "geometrical_parameters": {
        "fiber_diameter": 0.017,
        "blade_distance": 0.04536423951984027,
        "elliptical_fiber_ratio": 2.070707070707071,
        "ratio_droplet_embedded_length": 1.3668686868686868,
        "droplet_diameter": 0.1020909090909091,
        "contact_angle": 20.43232323232323,
        "fiber_rotation": 55.45454545454545
    },
    "mechanical_parameters": {
        "interface_friction": 0.0,
        "GI": 0.015,
        "GII,GIII": 0.3,
        "tI=tII=tIII": 1.3,
        "blade_friction": 0.6
    }
}
