{
    "geometrical_parameters": {
        "fiber_diameter": 0.015181818181818182,
        "blade_distance_ratio_to_fiber_diameter": 4.545454545454546,
        "elliptical_fiber_ratio": 1.7676767676767677,
        "ratio_droplet_embedded_length": 1.3345454545454545,
        "droplet_diameter": 0.19481818181818183,
        "contact_angle": 21.15151515151515,
        "fiber_rotation": 16.363636363636363
    },
    "mechanical_parameters": {
        "interface_friction": 0.0,
        "GI": 0.015,
        "GII,GIII": 0.3,
        "tI=tII=tIII": 1.3,
        "blade_friction": 0.6
    }
}
