{
    "geometrical_parameters": {
        "fiber_diameter": 0.021621242484969938,
        "elliptical_fiber_ratio": 1.0,
        "blade_distance": 0.30741482965931866,
        "ratio_droplet_embedded_length": 1.36,
        "droplet_diameter": 0.15346092184368737,
        "contact_angle": 25.7,
        "fiber_rotation": 0
    },
    "mechanical_parameters": {
        "interface_friction": 0.0,
        "GI": 0.0015,
        "GII,GIII": 0.156312625250501,
        "blade_friction": 0.0,
        "tI=tII=tIII": 1.9488977955911824
    }
}
