{
    "geometrical_parameters": {
        "fiber_diameter": 0.02805016722408027,
        "blade_distance": 0.539799331103679,
        "elliptical_fiber_ratio": 1.3210702341137124,
        "ratio_droplet_embedded_length": 1.36,
        "droplet_diameter": 0.162,
        "contact_angle": 25.7,
        "fiber_rotation": 0
    },
    "mechanical_parameters": {
        "interface_friction": 0.0,
        "GI": 0.0015,
        "GII,GIII": 0.4623076923076923,
        "blade_friction": 0.0,
        "tI=tII=tIII": 1.4581939799331103
    }
}
