{
    "geometrical_parameters": {
        "fiber_diameter": 0.02519238476953908,
        "blade_distance": 0.3098597194388778,
        "elliptical_fiber_ratio": 1.5501002004008015,
        "ratio_droplet_embedded_length": 1.4145891783567135,
        "droplet_diameter": 0.10151703406813628,
        "contact_angle": 22.33947895791583,
        "fiber_rotation": 28.857715430861724
    },
    "mechanical_parameters": {
        "interface_friction": 0.0,
        "tI": 1,
        "tII,tIII": 1.3,
        "GI": 0.01,
        "GII,GIII": 0.15,
        "blade_friction": 0.6
    }
}
