{
    "geometrical_parameters": {
        "fiber_diameter": 0.018478260869565215,
        "blade_distance": 0.34080267558528426,
        "elliptical_fiber_ratio": 2.2040133779264215,
        "ratio_droplet_embedded_length": 1.2498996655518395,
        "droplet_diameter": 0.22396989966555186,
        "contact_angle": 23.363210702341135,
        "fiber_rotation": 27.69230769230769
    },
    "mechanical_parameters": {
        "interface_friction": 0.0,
        "tI": 1,
        "tII,tIII": 1.3,
        "GI": 0.01,
        "GII,GIII": 0.15,
        "blade_friction": 0.8
    }
}
