{
    "geometrical_parameters": {
        "fiber_diameter": 0.03081818181818182,
        "blade_distance": 0.0807900351073527,
        "elliptical_fiber_ratio": 2.757575757575758,
        "ratio_droplet_embedded_length": 1.4638383838383837,
        "droplet_diameter": 0.1539090909090909,
        "contact_angle": 14.139393939393939,
        "fiber_rotation": 83.63636363636364
    },
    "mechanical_parameters": {
        "interface_friction": 0.0,
        "GI": 0.0015,
        "GII,GIII": 0.3,
        "tI=tII=tIII": 1.3,
        "blade_friction": 0.6
    }
}
