{
    "geometrical_parameters": {
        "fiber_diameter": 0.026725752508361206,
        "blade_distance": 0.4043478260869565,
        "elliptical_fiber_ratio": 1.6571906354515051,
        "ratio_droplet_embedded_length": 1.2638127090301003,
        "droplet_diameter": 0.10251505016722408,
        "contact_angle": 23.66086956521739,
        "fiber_rotation": 72.24080267558529
    },
    "mechanical_parameters": {
        "interface_friction": 0.0,
        "GI": 0.0015,
        "GII,GIII": 0.3,
        "tI=tII=tIII": 1.3,
        "blade_friction": 0.6
    }
}
