{
    "geometrical_parameters": {
        "fiber_diameter": 0.029494983277591973,
        "elliptical_fiber_ratio": 1.0,
        "blade_distance": 0.4946488294314382,
        "ratio_droplet_embedded_length": 1.36,
        "droplet_diameter": 0.17972240802675588,
        "contact_angle": 25.7,
        "fiber_rotation": 0
    },
    "mechanical_parameters": {
        "interface_friction": 0.0,
        "GI": 0.0015,
        "GII,GIII": 0.03949832775919732,
        "blade_friction": 0.0,
        "tI=tII=tIII": 1.5484949832775918
    }
}
