{
    "geometrical_parameters": {
        "fiber_diameter": 0.01739464882943144,
        "blade_distance": 0.15852842809364548,
        "elliptical_fiber_ratio": 1.2508361204013378,
        "ratio_droplet_embedded_length": 1.36,
        "droplet_diameter": 0.162,
        "contact_angle": 25.7,
        "fiber_rotation": 45
    },
    "mechanical_parameters": {
        "interface_friction": 0.0,
        "GI": 0.0015,
        "GII,GIII": 0.25909698996655517,
        "blade_friction": 0.0,
        "tI=tII=tIII": 0.6906354515050167
    }
}
