{
    "geometrical_parameters": {
        "fiber_diameter": 0.028547094188376754,
        "blade_distance": 0.10561122244488978,
        "elliptical_fiber_ratio": 1.2705410821643286,
        "ratio_droplet_embedded_length": 1.268376753507014,
        "droplet_diameter": 0.12072545090180362,
        "contact_angle": 14.848496993987975,
        "fiber_rotation": 67.63527054108216
    },
    "mechanical_parameters": {
        "interface_friction": 0.0,
        "tI": 1,
        "tII,tIII": 1.3,
        "GI": 0.01,
        "GII,GIII": 0.15,
        "blade_friction": 0.6
    }
}
