{
    "geometrical_parameters": {
        "fiber_diameter": 0.030090909090909092,
        "blade_distance": 0.10446207450987399,
        "elliptical_fiber_ratio": 1.5050505050505052,
        "ratio_droplet_embedded_length": 1.3313131313131312,
        "droplet_diameter": 0.13618181818181818,
        "contact_angle": 22.589898989898987,
        "fiber_rotation": 25.45454545454545
    },
    "mechanical_parameters": {
        "interface_friction": 0.0,
        "GI": 0.015,
        "GII,GIII": 0.3,
        "tI=tII=tIII": 1.3,
        "blade_friction": 0.6
    }
}
