{
    "geometrical_parameters": {
        "fiber_diameter": 0.01945691382765531,
        "blade_distance": 0.5646092184368738,
        "elliptical_fiber_ratio": 1.1803607214428857,
        "ratio_droplet_embedded_length": 1.1709018036072143,
        "droplet_diameter": 0.17699799599198396,
        "contact_angle": 20.520240480961924,
        "fiber_rotation": 15.69138276553106
    },
    "mechanical_parameters": {
        "interface_friction": 0.0,
        "tI": 1,
        "tII,tIII": 1.3,
        "GI": 0.01,
        "GII,GIII": 0.15,
        "blade_friction": 0.6
    }
}
