{
    "geometrical_parameters": {
        "fiber_diameter": 0.014272727272727272,
        "blade_distance": 0.498989898989899,
        "elliptical_fiber_ratio": 2.424242424242424,
        "ratio_droplet_embedded_length": 1.1987878787878787,
        "droplet_diameter": 0.12118181818181818,
        "contact_angle": 13.959595959595958,
        "fiber_rotation": 10.90909090909091
    },
    "mechanical_parameters": {
        "interface_friction": 0.0,
        "tI": 0.5,
        "tII,tIII": 1.3,
        "GI": 0.005,
        "GII,GIII": 0.3,
        "blade_friction": 0.6
    }
}
