{
    "geometrical_parameters": {
        "fiber_diameter": 0.018959866220735786,
        "blade_distance": 0.4511705685618729,
        "elliptical_fiber_ratio": 1.6755852842809364,
        "ratio_droplet_embedded_length": 1.4350501672240803,
        "droplet_diameter": 0.1318628762541806,
        "contact_angle": 29.792642140468224,
        "fiber_rotation": 81.87290969899666
    },
    "mechanical_parameters": {
        "interface_friction": 0.0,
        "GI": 0.0015,
        "GII,GIII": 0.3,
        "tI=tII=tIII": 1.3,
        "blade_friction": 0.6
    }
}
