{
    "geometrical_parameters": {
        "fiber_diameter": 0.019381270903010034,
        "elliptical_fiber_ratio": 1.0,
        "blade_distance": 0.27224080267558526,
        "ratio_droplet_embedded_length": 1.36,
        "droplet_diameter": 0.14811705685618728,
        "contact_angle": 25.7,
        "fiber_rotation": 0
    },
    "mechanical_parameters": {
        "interface_friction": 0.0,
        "GI": 0.0015,
        "GII,GIII": 0.42133779264214044,
        "blade_friction": 0.0,
        "tI=tII=tIII": 1.7240802675585283
    }
}
