{
    "geometrical_parameters": {
        "fiber_diameter": 0.01863636363636364,
        "blade_distance": 0.20459630352622804,
        "elliptical_fiber_ratio": 2.4141414141414144,
        "ratio_droplet_embedded_length": 1.399191919191919,
        "droplet_diameter": 0.22754545454545455,
        "contact_angle": 30.501010101010095,
        "fiber_rotation": 85.45454545454545
    },
    "mechanical_parameters": {
        "interface_friction": 0.0,
        "GI": 0.0015,
        "GII,GIII": 0.3,
        "tI=tII=tIII": 1.3,
        "blade_friction": 0.6
    }
}
