{
    "geometrical_parameters": {
        "fiber_diameter": 0.021,
        "blade_distance": 0.15,
        "elliptical_fiber_ratio": 1.0,
        "ratio_droplet_embedded_length": 1.36,
        "droplet_diameter": 0.162,
        "contact_angle": 25.7,
        "fiber_rotation": 0
    },
    "mechanical_parameters": {
        "interface_friction": 0.36387959866220737,
        "GI": 0.055963210702341136,
        "GII,GIII": 0.2017391304347826,
        "tI=tII=tIII": 1.4782608695652173,
        "blade_friction": 0.13377926421404684
    }
}
