{
    "geometrical_parameters": {
        "fiber_diameter": 0.02566132264529058,
        "blade_distance": 0.6296993987975952,
        "elliptical_fiber_ratio": 1.8927855711422845,
        "ratio_droplet_embedded_length": 1.4658917835671343,
        "droplet_diameter": 0.14913226452905812,
        "contact_angle": 15.098196392785571,
        "fiber_rotation": 61.14228456913828
    },
    "mechanical_parameters": {
        "interface_friction": 0.0,
        "tI": 1,
        "tII,tIII": 1.3,
        "GI": 0.01,
        "GII,GIII": 0.15,
        "blade_friction": 0.6
    }
}
