{
    "geometrical_parameters": {
        "fiber_diameter": 0.021,
        "blade_distance": 0.042,
        "elliptical_fiber_ratio": 1.0,
        "ratio_droplet_embedded_length": 1.36,
        "droplet_diameter": 0.162,
        "contact_angle": 25.7,
        "fiber_rotation": 0
    },
    "mechanical_parameters": {
        "interface_friction": 0.7518394648829432,
        "GI": 0.0427190635451505,
        "GII,GIII": 0.46886287625418055,
        "tI=tII=tIII": 1.2123745819397993,
        "blade_friction": 0.208695652173913
    }
}
