{
    "geometrical_parameters": {
        "fiber_diameter": 0.01718436873747495,
        "blade_distance": 0.25486973947895797,
        "elliptical_fiber_ratio": 1.2044088176352705,
        "ratio_droplet_embedded_length": 1.4626853707414829,
        "droplet_diameter": 0.18240881763527056,
        "contact_angle": 17.55951903807615,
        "fiber_rotation": 54.829659318637276
    },
    "mechanical_parameters": {
        "interface_friction": 0.0,
        "tI": 1,
        "tII,tIII": 1.3,
        "GI": 0.01,
        "GII,GIII": 0.15,
        "blade_friction": 0.6
    }
}
