{
    "geometrical_parameters": {
        "fiber_diameter": 0.024636363636363637,
        "blade_distance_ratio_to_fiber_diameter": 4.848484848484849,
        "elliptical_fiber_ratio": 2.4545454545454546,
        "ratio_droplet_embedded_length": 1.2505050505050503,
        "droplet_diameter": 0.2261818181818182,
        "contact_angle": 14.858585858585858,
        "fiber_rotation": 58.18181818181819
    },
    "mechanical_parameters": {
        "interface_friction": 0.0,
        "GI": 0.015,
        "GII,GIII": 0.3,
        "tI=tII=tIII": 1.3,
        "blade_friction": 0.6
    }
}
