{
    "geometrical_parameters": {
        "fiber_diameter": 0.021,
        "blade_distance": 0.15,
        "elliptical_fiber_ratio": 1.0,
        "ratio_droplet_embedded_length": 1.36,
        "droplet_diameter": 0.162,
        "contact_angle": 25.7,
        "fiber_rotation": 0
    },
    "mechanical_parameters": {
        "interface_friction": 0.5297658862876254,
        "tI": 0.33411371237458193,
        "tII,tIII": 0.991638795986622,
        "GI": 0.0016622073578595317,
        "GII,GIII": 0.3902006688963211,
        "blade_friction": 0.12575250836120402
    }
}
