{
    "geometrical_parameters": {
        "fiber_diameter": 0.019709418837675352,
        "elliptical_fiber_ratio": 1.0,
        "blade_distance": 0.3384769539078156,
        "ratio_droplet_embedded_length": 1.36,
        "droplet_diameter": 0.19404208416833668,
        "contact_angle": 25.7,
        "fiber_rotation": 0
    },
    "mechanical_parameters": {
        "interface_friction": 0.0,
        "GI": 0.0015,
        "GII,GIII": 0.14845691382765533,
        "blade_friction": 0.0,
        "tI=tII=tIII": 0.7434869739478958
    }
}
