{
    "geometrical_parameters": {
        "fiber_diameter": 0.02299198396793587,
        "elliptical_fiber_ratio": 1.0,
        "blade_distance": 0.28036072144288576,
        "ratio_droplet_embedded_length": 1.36,
        "droplet_diameter": 0.22190781563126255,
        "contact_angle": 25.7,
        "fiber_rotation": 0
    },
    "mechanical_parameters": {
        "interface_friction": 0.0,
        "GI": 0.0015,
        "GII,GIII": 0.11212424849699398,
        "blade_friction": 0.0,
        "tI=tII=tIII": 1.939879759519038
    }
}
