{
    "geometrical_parameters": {
        "fiber_diameter": 0.014659318637274548,
        "elliptical_fiber_ratio": 1.0,
        "blade_distance": 0.18617234468937877,
        "ratio_droplet_embedded_length": 1.36,
        "droplet_diameter": 0.19566533066132263,
        "contact_angle": 25.7,
        "fiber_rotation": 0
    },
    "mechanical_parameters": {
        "interface_friction": 0.0,
        "GI": 0.0015,
        "GII,GIII": 0.24665330661322646,
        "blade_friction": 0.0,
        "tI=tII=tIII": 1.9158316633266532
    }
}
