{
    "geometrical_parameters": {
        "fiber_diameter": 0.0175752508361204,
        "blade_distance": 0.5541806020066891,
        "elliptical_fiber_ratio": 1.334448160535117,
        "ratio_droplet_embedded_length": 1.1824749163879598,
        "droplet_diameter": 0.19642809364548497,
        "contact_angle": 28.125752508361202,
        "fiber_rotation": 10.836120401337793
    },
    "mechanical_parameters": {
        "interface_friction": 0.0,
        "GI": 0.0015,
        "GII,GIII": 0.3,
        "tI=tII=tIII": 1.3,
        "blade_friction": 0.6
    }
}
