{
    "geometrical_parameters": {
        "fiber_diameter": 0.020946488294314385,
        "blade_distance": 0.5732441471571906,
        "elliptical_fiber_ratio": 2.34448160535117,
        "ratio_droplet_embedded_length": 1.2894983277591971,
        "droplet_diameter": 0.22983946488294316,
        "contact_angle": 25.74448160535117,
        "fiber_rotation": 81.27090301003344
    },
    "mechanical_parameters": {
        "interface_friction": 0.0,
        "tI": 1,
        "tII,tIII": 1.3,
        "GI": 0.01,
        "GII,GIII": 0.15,
        "blade_friction": 0.8
    }
}
