{
    "geometrical_parameters": {
        "fiber_diameter": 0.01819438877755511,
        "blade_distance": 0.5455310621242486,
        "elliptical_fiber_ratio": 1.7184368737474949,
        "ratio_droplet_embedded_length": 1.4395991983967935,
        "droplet_diameter": 0.12045490981963929,
        "contact_angle": 19.878156312625247,
        "fiber_rotation": 4.148296593186372
    },
    "mechanical_parameters": {
        "interface_friction": 0.0,
        "tI": 1,
        "tII,tIII": 1.3,
        "GI": 0.01,
        "GII,GIII": 0.15,
        "blade_friction": 0.6
    }
}
