{
    "geometrical_parameters": {
        "fiber_diameter": 0.021,
        "blade_distance": 0.042,
        "elliptical_fiber_ratio": 1.0,
        "ratio_droplet_embedded_length": 1.36,
        "droplet_diameter": 0.162,
        "contact_angle": 25.7,
        "fiber_rotation": 0
    },
    "mechanical_parameters": {
        "interface_friction": 0.1899665551839465,
        "GI": 0.016230769230769233,
        "GII,GIII": 0.19354515050167223,
        "tI=tII=tIII": 1.4381270903010033,
        "blade_friction": 0.29966555183946486
    }
}
