{
    "geometrical_parameters": {
        "fiber_diameter": 0.02365551839464883,
        "elliptical_fiber_ratio": 1.0,
        "blade_distance": 0.1551839464882943,
        "ratio_droplet_embedded_length": 1.36,
        "droplet_diameter": 0.16843478260869565,
        "contact_angle": 25.7,
        "fiber_rotation": 0
    },
    "mechanical_parameters": {
        "interface_friction": 0.0,
        "GI": 0.0015,
        "GII,GIII": 0.4262541806020067,
        "blade_friction": 0.0,
        "tI=tII=tIII": 1.6036789297658864
    }
}
