{
    "geometrical_parameters": {
        "fiber_diameter": 0.015181818181818182,
        "blade_distance": 0.07318351359765693,
        "elliptical_fiber_ratio": 1.3434343434343434,
        "ratio_droplet_embedded_length": 1.3959595959595958,
        "droplet_diameter": 0.158,
        "contact_angle": 22.05050505050505,
        "fiber_rotation": 60.00000000000001
    },
    "mechanical_parameters": {
        "interface_friction": 0.0,
        "GI": 0.015,
        "GII,GIII": 0.3,
        "tI=tII=tIII": 1.3,
        "blade_friction": 0.6
    }
}
