{
    "geometrical_parameters": {
        "fiber_diameter": 0.02590909090909091,
        "blade_distance": 0.1016226182590418,
        "elliptical_fiber_ratio": 2.111111111111111,
        "ratio_droplet_embedded_length": 1.437979797979798,
        "droplet_diameter": 0.14027272727272727,
        "contact_angle": 26.0060606060606,
        "fiber_rotation": 53.63636363636363
    },
    "mechanical_parameters": {
        "interface_friction": 0.0,
        "GI": 0.0015,
        "GII,GIII": 0.3,
        "tI=tII=tIII": 1.3,
        "blade_friction": 0.6
    }
}
