{
    "geometrical_parameters": {
        "fiber_diameter": 0.019923076923076922,
        "blade_distance": 0.7227424749163881,
        "elliptical_fiber_ratio": 1.0535117056856187,
        "ratio_droplet_embedded_length": 1.437190635451505,
        "droplet_diameter": 0.20590969899665554,
        "contact_angle": 29.137792642140464,
        "fiber_rotation": 51.77257525083612
    },
    "mechanical_parameters": {
        "interface_friction": 0.0,
        "GI": 0.0015,
        "GII,GIII": 0.3,
        "tI=tII=tIII": 1.3,
        "blade_friction": 0.6
    }
}
