{
    "geometrical_parameters": {
        "fiber_diameter": 0.02714715719063545,
        "blade_distance": 0.13846153846153847,
        "elliptical_fiber_ratio": 1.265886287625418,
        "ratio_droplet_embedded_length": 1.36,
        "droplet_diameter": 0.162,
        "contact_angle": 25.7,
        "fiber_rotation": 0
    },
    "mechanical_parameters": {
        "interface_friction": 0.0,
        "GI": 0.0015,
        "GII,GIII": 0.1279933110367893,
        "blade_friction": 0.0,
        "tI=tII=tIII": 1.6387959866220736
    }
}
