{
    "geometrical_parameters": {
        "fiber_diameter": 0.019420841683366732,
        "blade_distance": 0.5892985971943888,
        "elliptical_fiber_ratio": 1.3817635270541082,
        "ratio_droplet_embedded_length": 1.3959919839679358,
        "droplet_diameter": 0.16428256513026052,
        "contact_angle": 30.329859719438872,
        "fiber_rotation": 35.170340681362724
    },
    "mechanical_parameters": {
        "interface_friction": 0.0,
        "tI": 1,
        "tII,tIII": 1.3,
        "GI": 0.01,
        "GII,GIII": 0.15,
        "blade_friction": 0.6
    }
}
