{
    "geometrical_parameters": {
        "fiber_diameter": 0.021,
        "blade_distance": 0.042,
        "elliptical_fiber_ratio": 1.0,
        "ratio_droplet_embedded_length": 1.36,
        "droplet_diameter": 0.162,
        "contact_angle": 25.7,
        "fiber_rotation": 0
    },
    "mechanical_parameters": {
        "interface_friction": 0.7143812709030101,
        "GI": 0.00828428093645485,
        "GII,GIII": 0.32628762541806017,
        "tI=tII=tIII": 1.4581939799331103,
        "blade_friction": 0.2836120401337793
    }
}
