{
    "geometrical_parameters": {
        "fiber_diameter": 0.020765886287625417,
        "blade_distance": 0.25050167224080266,
        "elliptical_fiber_ratio": 1.1153846153846154,
        "ratio_droplet_embedded_length": 1.36,
        "droplet_diameter": 0.162,
        "contact_angle": 25.7,
        "fiber_rotation": 45
    },
    "mechanical_parameters": {
        "interface_friction": 0.0,
        "GI": 0.0015,
        "GII,GIII": 0.0476923076923077,
        "blade_friction": 0.0,
        "tI=tII=tIII": 1.3177257525083612
    }
}
