{
    "geometrical_parameters": {
        "fiber_diameter": 0.01390909090909091,
        "blade_distance": 0.16899757596495404,
        "elliptical_fiber_ratio": 2.313131313131313,
        "ratio_droplet_embedded_length": 1.3313131313131312,
        "droplet_diameter": 0.19618181818181818,
        "contact_angle": 19.892929292929292,
        "fiber_rotation": 79.0909090909091
    },
    "mechanical_parameters": {
        "interface_friction": 0.0,
        "GI": 0.0015,
        "GII,GIII": 0.3,
        "tI=tII=tIII": 1.3,
        "blade_friction": 0.6
    }
}
