{
    "geometrical_parameters": {
        "fiber_diameter": 0.014083612040133779,
        "elliptical_fiber_ratio": 1.0,
        "blade_distance": 0.237123745819398,
        "ratio_droplet_embedded_length": 1.36,
        "droplet_diameter": 0.1657257525083612,
        "contact_angle": 25.7,
        "fiber_rotation": 0
    },
    "mechanical_parameters": {
        "interface_friction": 0.0,
        "GI": 0.0015,
        "GII,GIII": 0.3623411371237458,
        "blade_friction": 0.0,
        "tI=tII=tIII": 0.8913043478260869
    }
}
