{
    "geometrical_parameters": {
        "fiber_diameter": 0.024110220440881763,
        "blade_distance": 0.03435420440557972,
        "elliptical_fiber_ratio": 1.0440881763527055,
        "ratio_droplet_embedded_length": 1.30749498997996,
        "droplet_diameter": 0.11747895791583167,
        "contact_angle": 27.297795591182364,
        "fiber_rotation": 41.84368737474951
    },
    "mechanical_parameters": {
        "interface_friction": 0.1218436873747495,
        "GI": 0.03690981963927856,
        "GII,GIII": 0.9087374749498999,
        "tI=tII=tIII": 0.9448897795591182,
        "blade_friction": 0.14589178356713428
    }
}
