{
    "geometrical_parameters": {
        "fiber_diameter": 0.02744816053511706,
        "blade_distance": 0.17525083612040132,
        "elliptical_fiber_ratio": 2.0334448160535117,
        "ratio_droplet_embedded_length": 1.3183946488294314,
        "droplet_diameter": 0.14044147157190634,
        "contact_angle": 16.63612040133779,
        "fiber_rotation": 65.91973244147157
    },
    "mechanical_parameters": {
        "interface_friction": 0.0,
        "tI": 1,
        "tII,tIII": 1.3,
        "GI": 0.01,
        "GII,GIII": 0.15,
        "blade_friction": 0.8
    }
}
