{
    "geometrical_parameters": {
        "fiber_diameter": 0.019622073578595318,
        "blade_distance": 0.11505016722408028,
        "elliptical_fiber_ratio": 2.4046822742474916,
        "ratio_droplet_embedded_length": 1.36,
        "droplet_diameter": 0.162,
        "contact_angle": 25.7,
        "fiber_rotation": 45
    },
    "mechanical_parameters": {
        "interface_friction": 0.0,
        "GI": 0.0015,
        "GII,GIII": 0.3590635451505017,
        "blade_friction": 0.0,
        "tI=tII=tIII": 1.568561872909699
    }
}
