{
    "geometrical_parameters": {
        "fiber_diameter": 0.021,
        "blade_distance": 0.042,
        "elliptical_fiber_ratio": 1.0,
        "ratio_droplet_embedded_length": 1.36,
        "droplet_diameter": 0.162,
        "contact_angle": 25.7,
        "fiber_rotation": 0
    },
    "mechanical_parameters": {
        "interface_friction": 0.04548494983277592,
        "GI": 0.016561872909699,
        "GII,GIII": 0.41642140468227423,
        "tI=tII=tIII": 1.4531772575250836,
        "blade_friction": 0.465551839464883
    }
}
