{
    "geometrical_parameters": {
        "fiber_diameter": 0.021,
        "blade_distance": 0.15,
        "elliptical_fiber_ratio": 1.0,
        "ratio_droplet_embedded_length": 1.36,
        "droplet_diameter": 0.162,
        "contact_angle": 25.7,
        "fiber_rotation": 0
    },
    "mechanical_parameters": {
        "interface_friction": 0.25418060200668896,
        "tI": 0.877257525083612,
        "tII,tIII": 0.6806020066889632,
        "GI": 0.015568561872909698,
        "GII,GIII": 0.18207357859531773,
        "blade_friction": 0.5565217391304349
    }
}
