{
    "geometrical_parameters": {
        "fiber_diameter": 0.020645484949832777,
        "blade_distance": 0.4076923076923077,
        "elliptical_fiber_ratio": 1.9130434782608696,
        "ratio_droplet_embedded_length": 1.240267558528428,
        "droplet_diameter": 0.2090702341137124,
        "contact_angle": 29.435451505016722,
        "fiber_rotation": 33.11036789297659
    },
    "mechanical_parameters": {
        "interface_friction": 0.0,
        "tI": 1,
        "tII,tIII": 1.3,
        "GI": 0.01,
        "GII,GIII": 0.15,
        "blade_friction": 0.8
    }
}
