{
    "geometrical_parameters": {
        "fiber_diameter": 0.02883277591973244,
        "blade_distance": 0.5983277591973244,
        "elliptical_fiber_ratio": 1.1906354515050168,
        "ratio_droplet_embedded_length": 1.3922408026755853,
        "droplet_diameter": 0.12418729096989967,
        "contact_angle": 24.911036789297658,
        "fiber_rotation": 60.200668896321076
    },
    "mechanical_parameters": {
        "interface_friction": 0.0,
        "tI": 1,
        "tII,tIII": 1.3,
        "GI": 0.01,
        "GII,GIII": 0.15,
        "blade_friction": 0.8
    }
}
