{
    "geometrical_parameters": {
        "fiber_diameter": 0.014926421404682274,
        "blade_distance": 0.565886287625418,
        "elliptical_fiber_ratio": 1.9698996655518395,
        "ratio_droplet_embedded_length": 1.3815384615384616,
        "droplet_diameter": 0.20997324414715718,
        "contact_angle": 19.374581939799327,
        "fiber_rotation": 3.0100334448160533
    },
    "mechanical_parameters": {
        "interface_friction": 0.0,
        "GI": 0.0015,
        "GII,GIII": 0.3,
        "tI=tII=tIII": 1.3,
        "blade_friction": 0.6
    }
}
