{
    "geometrical_parameters": {
        "fiber_diameter": 0.02762876254180602,
        "blade_distance": 0.3153846153846154,
        "elliptical_fiber_ratio": 1.3879598662207357,
        "ratio_droplet_embedded_length": 1.237056856187291,
        "droplet_diameter": 0.10432107023411372,
        "contact_angle": 21.160535117056853,
        "fiber_rotation": 13.545150501672241
    },
    "mechanical_parameters": {
        "interface_friction": 0.0,
        "GI": 0.0015,
        "GII,GIII": 0.3,
        "tI=tII=tIII": 1.3,
        "blade_friction": 0.6
    }
}
