{
    "geometrical_parameters": {
        "fiber_diameter": 0.026272727272727274,
        "blade_distance": 0.09561019379007477,
        "elliptical_fiber_ratio": 1.404040404040404,
        "ratio_droplet_embedded_length": 1.3474747474747475,
        "droplet_diameter": 0.22072727272727274,
        "contact_angle": 27.26464646464646,
        "fiber_rotation": 33.63636363636363
    },
    "mechanical_parameters": {
        "interface_friction": 0.0,
        "GI": 0.015,
        "GII,GIII": 0.3,
        "tI=tII=tIII": 1.3,
        "blade_friction": 0.6
    }
}
