{
    "geometrical_parameters": {
        "fiber_diameter": 0.013181818181818182,
        "blade_distance": 0.04205431839972606,
        "elliptical_fiber_ratio": 1.8484848484848486,
        "ratio_droplet_embedded_length": 1.2634343434343434,
        "droplet_diameter": 0.14436363636363636,
        "contact_angle": 24.567676767676765,
        "fiber_rotation": 88.18181818181817
    },
    "mechanical_parameters": {
        "interface_friction": 0.0,
        "GI": 0.015,
        "GII,GIII": 0.3,
        "tI=tII=tIII": 1.3,
        "blade_friction": 0.6
    }
}
