{
    "geometrical_parameters": {
        "fiber_diameter": 0.02696655518394649,
        "blade_distance": 0.44113712374581937,
        "elliptical_fiber_ratio": 1.411371237458194,
        "ratio_droplet_embedded_length": 1.36,
        "droplet_diameter": 0.162,
        "contact_angle": 25.7,
        "fiber_rotation": 0
    },
    "mechanical_parameters": {
        "interface_friction": 0.0,
        "GI": 0.0015,
        "GII,GIII": 0.18698996655518396,
        "blade_friction": 0.0,
        "tI=tII=tIII": 1.3528428093645486
    }
}
