{
    "geometrical_parameters": {
        "fiber_diameter": 0.028366733466933868,
        "elliptical_fiber_ratio": 1.0,
        "blade_distance": 0.5609218436873747,
        "ratio_droplet_embedded_length": 1.36,
        "droplet_diameter": 0.10476352705410821,
        "contact_angle": 25.7,
        "fiber_rotation": 0
    },
    "mechanical_parameters": {
        "interface_friction": 0.0,
        "GI": 0.0015,
        "GII,GIII": 0.44304609218436874,
        "blade_friction": 0.0,
        "tI=tII=tIII": 1.6092184368737474
    }
}
