{
    "geometrical_parameters": {
        "fiber_diameter": 0.028015075376884423,
        "blade_distance": 0.25728643216080405,
        "elliptical_fiber_ratio": 2.6884422110552766,
        "ratio_droplet_embedded_length": 1.48,
        "droplet_diameter": 0.21129145728643217,
        "contact_angle": 14.852261306532663,
        "fiber_rotation": 66.48241206030151
    },
    "mechanical_parameters": {
        "interface_friction": 0.0,
        "GI": 0.0015,
        "GII,GIII": 0.3,
        "tI=tII=tIII": 1.3,
        "blade_friction": 0.6
    }
}
