{
    "geometrical_parameters": {
        "fiber_diameter": 0.03075919732441472,
        "blade_distance": 0.31404682274247486,
        "elliptical_fiber_ratio": 1.6973244147157192,
        "ratio_droplet_embedded_length": 1.168561872909699,
        "droplet_diameter": 0.21177926421404683,
        "contact_angle": 18.54113712374582,
        "fiber_rotation": 11.1371237458194
    },
    "mechanical_parameters": {
        "interface_friction": 0.0,
        "GI": 0.0015,
        "GII,GIII": 0.3,
        "tI=tII=tIII": 1.3,
        "blade_friction": 0.6
    }
}
