{
    "geometrical_parameters": {
        "fiber_diameter": 0.028402805611222444,
        "elliptical_fiber_ratio": 1.0,
        "blade_distance": 0.24629258517034067,
        "ratio_droplet_embedded_length": 1.36,
        "droplet_diameter": 0.13614629258517036,
        "contact_angle": 25.7,
        "fiber_rotation": 0
    },
    "mechanical_parameters": {
        "interface_friction": 0.0,
        "GI": 0.0015,
        "GII,GIII": 0.4175150300601202,
        "blade_friction": 0.0,
        "tI=tII=tIII": 1.9879759519038076
    }
}
