{
    "geometrical_parameters": {
        "fiber_diameter": 0.0175752508361204,
        "blade_distance": 0.5230769230769231,
        "elliptical_fiber_ratio": 1.5969899665551839,
        "ratio_droplet_embedded_length": 1.4500334448160535,
        "droplet_diameter": 0.1873979933110368,
        "contact_angle": 16.874247491638794,
        "fiber_rotation": 56.58862876254181
    },
    "mechanical_parameters": {
        "interface_friction": 0.0,
        "tI": 1,
        "tII,tIII": 1.3,
        "GI": 0.01,
        "GII,GIII": 0.15,
        "blade_friction": 0.8
    }
}
