{
    "geometrical_parameters": {
        "fiber_diameter": 0.020404682274247493,
        "blade_distance": 0.19197324414715722,
        "elliptical_fiber_ratio": 1.591973244147157,
        "ratio_droplet_embedded_length": 1.1888963210702341,
        "droplet_diameter": 0.18468896321070233,
        "contact_angle": 14.96923076923077,
        "fiber_rotation": 53.57859531772576
    },
    "mechanical_parameters": {
        "interface_friction": 0.0,
        "tI": 1,
        "tII,tIII": 1.3,
        "GI": 0.01,
        "GII,GIII": 0.15,
        "blade_friction": 0.8
    }
}
