{
    "geometrical_parameters": {
        "fiber_diameter": 0.021729096989966556,
        "blade_distance": 0.2254180602006689,
        "elliptical_fiber_ratio": 1.9732441471571907,
        "ratio_droplet_embedded_length": 1.36,
        "droplet_diameter": 0.162,
        "contact_angle": 25.7,
        "fiber_rotation": 45
    },
    "mechanical_parameters": {
        "interface_friction": 0.0,
        "GI": 0.0015,
        "GII,GIII": 0.03130434782608696,
        "blade_friction": 0.0,
        "tI=tII=tIII": 1.0668896321070234
    }
}
