{
    "geometrical_parameters": {
        "fiber_diameter": 0.014334669338677355,
        "blade_distance": 0.46248496993987975,
        "elliptical_fiber_ratio": 1.066132264529058,
        "ratio_droplet_embedded_length": 1.2555511022044088,
        "droplet_diameter": 0.1864669338677355,
        "contact_angle": 30.36553106212424,
        "fiber_rotation": 51.9438877755511
    },
    "mechanical_parameters": {
        "interface_friction": 0.0,
        "tI": 1,
        "tII,tIII": 1.3,
        "GI": 0.01,
        "GII,GIII": 0.15,
        "blade_friction": 0.6
    }
}
