{
    "geometrical_parameters": {
        "fiber_diameter": 0.020326633165829146,
        "blade_distance": 0.2512562814070352,
        "elliptical_fiber_ratio": 2.507537688442211,
        "ratio_droplet_embedded_length": 1.3256281407035175,
        "droplet_diameter": 0.1543065326633166,
        "contact_angle": 24.51256281407035,
        "fiber_rotation": 0.0
    },
    "mechanical_parameters": {
        "interface_friction": 0.0,
        "GI": 0.0015,
        "GII,GIII": 0.3,
        "tI=tII=tIII": 1.3,
        "blade_friction": 0.6
    }
}
