{
    "geometrical_parameters": {
        "fiber_diameter": 0.018374749498997995,
        "blade_distance": 0.3951503006012025,
        "elliptical_fiber_ratio": 1.156312625250501,
        "ratio_droplet_embedded_length": 1.2747895791583166,
        "droplet_diameter": 0.19052505010020043,
        "contact_angle": 21.412024048096193,
        "fiber_rotation": 39.3186372745491
    },
    "mechanical_parameters": {
        "interface_friction": 0.0,
        "tI": 1,
        "tII,tIII": 1.3,
        "GI": 0.01,
        "GII,GIII": 0.15,
        "blade_friction": 0.6
    }
}
