{
    "geometrical_parameters": {
        "fiber_diameter": 0.015561122244488978,
        "elliptical_fiber_ratio": 1.0,
        "blade_distance": 0.39058116232464923,
        "ratio_droplet_embedded_length": 1.36,
        "droplet_diameter": 0.1818677354709419,
        "contact_angle": 25.7,
        "fiber_rotation": 0
    },
    "mechanical_parameters": {
        "interface_friction": 0.0,
        "GI": 0.0015,
        "GII,GIII": 0.27905811623246496,
        "blade_friction": 0.0,
        "tI=tII=tIII": 1.6062124248496994
    }
}
