{
    "geometrical_parameters": {
        "fiber_diameter": 0.027809364548494985,
        "blade_distance": 0.43712374581939806,
        "elliptical_fiber_ratio": 1.4013377926421404,
        "ratio_droplet_embedded_length": 1.1642809364548494,
        "droplet_diameter": 0.1828829431438127,
        "contact_angle": 16.159866220735786,
        "fiber_rotation": 31.30434782608695
    },
    "mechanical_parameters": {
        "interface_friction": 0.0,
        "GI": 0.0015,
        "GII,GIII": 0.3,
        "tI=tII=tIII": 1.3,
        "blade_friction": 0.6
    }
}
