{
    "geometrical_parameters": {
        "fiber_diameter": 0.021,
        "blade_distance": 0.15,
        "elliptical_fiber_ratio": 1.0,
        "ratio_droplet_embedded_length": 1.36,
        "droplet_diameter": 0.162,
        "contact_angle": 25.7,
        "fiber_rotation": 0
    },
    "mechanical_parameters": {
        "interface_friction": 0.48963210702341137,
        "GI": 0.02053511705685619,
        "GII,GIII": 0.3049832775919733,
        "tI=tII=tIII": 1.5284280936454848,
        "blade_friction": 0.548494983277592
    }
}
