{
    "geometrical_parameters": {
        "fiber_diameter": 0.022571906354515052,
        "blade_distance": 0.3290969899665552,
        "elliptical_fiber_ratio": 1.145484949832776,
        "ratio_droplet_embedded_length": 1.2124414715719063,
        "droplet_diameter": 0.1372809364548495,
        "contact_angle": 18.303010033444814,
        "fiber_rotation": 5.418060200668896
    },
    "mechanical_parameters": {
        "interface_friction": 0.0,
        "GI": 0.0015,
        "GII,GIII": 0.3,
        "tI=tII=tIII": 1.3,
        "blade_friction": 0.6
    }
}
