{
    "geometrical_parameters": {
        "fiber_diameter": 0.030819397993311036,
        "elliptical_fiber_ratio": 1.0,
        "blade_distance": 0.45284280936454846,
        "ratio_droplet_embedded_length": 1.36,
        "droplet_diameter": 0.13953846153846156,
        "contact_angle": 25.7,
        "fiber_rotation": 0
    },
    "mechanical_parameters": {
        "interface_friction": 0.0,
        "GI": 0.0015,
        "GII,GIII": 0.4672240802675585,
        "blade_friction": 0.0,
        "tI=tII=tIII": 0.7107023411371238
    }
}
