{
    "geometrical_parameters": {
        "fiber_diameter": 0.017292585170340682,
        "blade_distance": 0.26160320641282564,
        "elliptical_fiber_ratio": 2.3256513026052104,
        "ratio_droplet_embedded_length": 1.3344288577154308,
        "droplet_diameter": 0.18890180360721442,
        "contact_angle": 24.72945891783567,
        "fiber_rotation": 84.9498997995992
    },
    "mechanical_parameters": {
        "interface_friction": 0.0,
        "tI": 1,
        "tII,tIII": 1.3,
        "GI": 0.01,
        "GII,GIII": 0.15,
        "blade_friction": 0.6
    }
}
