{
    "geometrical_parameters": {
        "fiber_diameter": 0.019363636363636364,
        "blade_distance": 0.09202547622049215,
        "elliptical_fiber_ratio": 1.3636363636363638,
        "ratio_droplet_embedded_length": 1.2052525252525252,
        "droplet_diameter": 0.10754545454545456,
        "contact_angle": 21.15151515151515,
        "fiber_rotation": 17.272727272727273
    },
    "mechanical_parameters": {
        "interface_friction": 0.0,
        "GI": 0.015,
        "GII,GIII": 0.3,
        "tI=tII=tIII": 1.3,
        "blade_friction": 0.6
    }
}
