{
    "geometrical_parameters": {
        "fiber_diameter": 0.02576254180602007,
        "blade_distance": 0.5030100334448161,
        "elliptical_fiber_ratio": 1.6471571906354514,
        "ratio_droplet_embedded_length": 1.36,
        "droplet_diameter": 0.162,
        "contact_angle": 25.7,
        "fiber_rotation": 0
    },
    "mechanical_parameters": {
        "interface_friction": 0.0,
        "GI": 0.0015,
        "GII,GIII": 0.06735785953177256,
        "blade_friction": 0.0,
        "tI=tII=tIII": 1.3177257525083612
    }
}
