{
    "geometrical_parameters": {
        "fiber_diameter": 0.021,
        "blade_distance": 0.15,
        "elliptical_fiber_ratio": 1.0,
        "ratio_droplet_embedded_length": 1.36,
        "droplet_diameter": 0.162,
        "contact_angle": 25.7,
        "fiber_rotation": 0
    },
    "mechanical_parameters": {
        "interface_friction": 0.5698996655518395,
        "tI": 1.176923076923077,
        "tII,tIII": 0.7608695652173914,
        "GI": 0.010933110367892976,
        "GII,GIII": 0.2705685618729097,
        "blade_friction": 0.6528428093645485
    }
}
