{
    "geometrical_parameters": {
        "fiber_diameter": 0.019923076923076922,
        "blade_distance": 0.3224080267558528,
        "elliptical_fiber_ratio": 2.294314381270903,
        "ratio_droplet_embedded_length": 1.36,
        "droplet_diameter": 0.162,
        "contact_angle": 25.7,
        "fiber_rotation": 45
    },
    "mechanical_parameters": {
        "interface_friction": 0.0,
        "GI": 0.0015,
        "GII,GIII": 0.45903010033444813,
        "blade_friction": 0.0,
        "tI=tII=tIII": 1.4732441471571907
    }
}
