{
    "geometrical_parameters": {
        "fiber_diameter": 0.026545150501672242,
        "blade_distance": 0.31237458193979933,
        "elliptical_fiber_ratio": 1.7575250836120402,
        "ratio_droplet_embedded_length": 1.4040133779264214,
        "droplet_diameter": 0.09980602006688964,
        "contact_angle": 23.720401337792637,
        "fiber_rotation": 16.254180602006688
    },
    "mechanical_parameters": {
        "interface_friction": 0.0,
        "tI": 1,
        "tII,tIII": 1.3,
        "GI": 0.01,
        "GII,GIII": 0.15,
        "blade_friction": 0.8
    }
}
