{
    "geometrical_parameters": {
        "fiber_diameter": 0.021,
        "blade_distance": 0.15,
        "elliptical_fiber_ratio": 1.0,
        "ratio_droplet_embedded_length": 1.36,
        "droplet_diameter": 0.162,
        "contact_angle": 25.7,
        "fiber_rotation": 0
    },
    "mechanical_parameters": {
        "interface_friction": 0.6234113712374583,
        "tI": 1.2939799331103679,
        "tII,tIII": 1.7240802675585283,
        "GI": 0.019872909698996657,
        "GII,GIII": 0.10013377926421405,
        "blade_friction": 0.4923076923076924
    }
}
