{
    "geometrical_parameters": {
        "fiber_diameter": 0.013120401337792641,
        "elliptical_fiber_ratio": 1.0,
        "blade_distance": 0.5882943143812709,
        "ratio_droplet_embedded_length": 1.36,
        "droplet_diameter": 0.18559197324414717,
        "contact_angle": 25.7,
        "fiber_rotation": 0
    },
    "mechanical_parameters": {
        "interface_friction": 0.0,
        "GI": 0.0015,
        "GII,GIII": 0.05916387959866221,
        "blade_friction": 0.0,
        "tI=tII=tIII": 1.0418060200668897
    }
}
