{
    "geometrical_parameters": {
        "fiber_diameter": 0.021,
        "blade_distance": 0.042,
        "elliptical_fiber_ratio": 1.0,
        "ratio_droplet_embedded_length": 1.36,
        "droplet_diameter": 0.162,
        "contact_angle": 25.7,
        "fiber_rotation": 0
    },
    "mechanical_parameters": {
        "interface_friction": 0.1765886287625418,
        "GI": 0.029806020066889632,
        "GII,GIII": 0.4246153846153846,
        "tI=tII=tIII": 1.9347826086956523,
        "blade_friction": 0.7304347826086958
    }
}
