{
    "geometrical_parameters": {
        "fiber_diameter": 0.021,
        "blade_distance": 0.042,
        "elliptical_fiber_ratio": 1.0,
        "ratio_droplet_embedded_length": 1.36,
        "droplet_diameter": 0.162,
        "contact_angle": 25.7,
        "fiber_rotation": 0
    },
    "mechanical_parameters": {
        "interface_friction": 0.6929765886287627,
        "GI": 0.08741806020066889,
        "GII,GIII": 0.11488294314381271,
        "tI=tII=tIII": 0.7909698996655519,
        "blade_friction": 0.2782608695652174
    }
}
