{
    "geometrical_parameters": {
        "fiber_diameter": 0.021,
        "blade_distance": 0.15,
        "elliptical_fiber_ratio": 1.0,
        "ratio_droplet_embedded_length": 1.36,
        "droplet_diameter": 0.162,
        "contact_angle": 25.7,
        "fiber_rotation": 0
    },
    "mechanical_parameters": {
        "interface_friction": 0.040133779264214055,
        "GI": 0.09966889632107025,
        "GII,GIII": 0.3820066889632107,
        "tI=tII=tIII": 1.2775919732441472,
        "blade_friction": 0.3879598662207358
    }
}
