{
    "geometrical_parameters": {
        "fiber_diameter": 0.026818181818181817,
        "blade_distance": 0.08415412679840198,
        "elliptical_fiber_ratio": 1.7676767676767677,
        "ratio_droplet_embedded_length": 1.2537373737373736,
        "droplet_diameter": 0.10345454545454547,
        "contact_angle": 20.61212121212121,
        "fiber_rotation": 72.72727272727273
    },
    "mechanical_parameters": {
        "interface_friction": 0.0,
        "GI": 0.015,
        "GII,GIII": 0.3,
        "tI=tII=tIII": 1.3,
        "blade_friction": 0.6
    }
}
