{
    "geometrical_parameters": {
        "fiber_diameter": 0.02774916387959866,
        "blade_distance": 0.43110367892976587,
        "elliptical_fiber_ratio": 1.7274247491638794,
        "ratio_droplet_embedded_length": 1.36,
        "droplet_diameter": 0.162,
        "contact_angle": 25.7,
        "fiber_rotation": 45
    },
    "mechanical_parameters": {
        "interface_friction": 0.0,
        "GI": 0.0015,
        "GII,GIII": 0.10668896321070234,
        "blade_friction": 0.0,
        "tI=tII=tIII": 1.5785953177257523
    }
}
