{
    "geometrical_parameters": {
        "fiber_diameter": 0.01960120240480962,
        "blade_distance": 0.1060120240480962,
        "elliptical_fiber_ratio": 1.2885771543086173,
        "ratio_droplet_embedded_length": 1.4299799599198397,
        "droplet_diameter": 0.11287975951903809,
        "contact_angle": 26.62004008016032,
        "fiber_rotation": 59.338677354709425
    },
    "mechanical_parameters": {
        "interface_friction": 0.0,
        "tI": 1,
        "tII,tIII": 1.3,
        "GI": 0.015,
        "GII,GIII": 0.1,
        "blade_friction": 0.6
    }
}
