{
    "geometrical_parameters": {
        "fiber_diameter": 0.021,
        "blade_distance": 0.15,
        "elliptical_fiber_ratio": 1.0,
        "ratio_droplet_embedded_length": 1.36,
        "droplet_diameter": 0.162,
        "contact_angle": 25.7,
        "fiber_rotation": 0
    },
    "mechanical_parameters": {
        "interface_friction": 0.14180602006688964,
        "GI": 0.004642140468227425,
        "GII,GIII": 0.18698996655518396,
        "tI=tII=tIII": 1.9347826086956523,
        "blade_friction": 0.3745819397993311
    }
}
