{
    "geometrical_parameters": {
        "fiber_diameter": 0.013541082164328656,
        "blade_distance": 0.22008016032064132,
        "elliptical_fiber_ratio": 1.6973947895791583,
        "ratio_droplet_embedded_length": 1.2343887775551101,
        "droplet_diameter": 0.11802004008016033,
        "contact_angle": 30.294188376753503,
        "fiber_rotation": 10.64128256513026
    },
    "mechanical_parameters": {
        "interface_friction": 0.0,
        "tI": 1,
        "tII,tIII": 1.3,
        "GI": 0.01,
        "GII,GIII": 0.15,
        "blade_friction": 0.6
    }
}
