{
    "geometrical_parameters": {
        "fiber_diameter": 0.021,
        "blade_distance": 0.15,
        "elliptical_fiber_ratio": 1.0,
        "ratio_droplet_embedded_length": 1.36,
        "droplet_diameter": 0.162,
        "contact_angle": 25.7,
        "fiber_rotation": 0
    },
    "mechanical_parameters": {
        "interface_friction": 0.6474916387959867,
        "GI": 0.0029866220735785954,
        "GII,GIII": 0.04441471571906355,
        "tI=tII=tIII": 1.8394648829431437,
        "blade_friction": 0.17391304347826086
    }
}
