{
    "geometrical_parameters": {
        "fiber_diameter": 0.02112709030100334,
        "blade_distance": 0.1585284280936455,
        "elliptical_fiber_ratio": 1.060200668896321,
        "ratio_droplet_embedded_length": 1.1674916387959866,
        "droplet_diameter": 0.18468896321070233,
        "contact_angle": 24.732441471571903,
        "fiber_rotation": 0.903010033444816
    },
    "mechanical_parameters": {
        "interface_friction": 0.0,
        "GI": 0.0015,
        "GII,GIII": 0.3,
        "tI=tII=tIII": 1.3,
        "blade_friction": 0.6
    }
}
