{
    "geometrical_parameters": {
        "fiber_diameter": 0.026545150501672242,
        "elliptical_fiber_ratio": 1.0,
        "blade_distance": 0.4829431438127091,
        "ratio_droplet_embedded_length": 1.36,
        "droplet_diameter": 0.14044147157190634,
        "contact_angle": 25.7,
        "fiber_rotation": 0
    },
    "mechanical_parameters": {
        "interface_friction": 0.0,
        "GI": 0.0015,
        "GII,GIII": 0.27384615384615385,
        "blade_friction": 0.0,
        "tI=tII=tIII": 0.9414715719063544
    }
}
