{
    "geometrical_parameters": {
        "fiber_diameter": 0.016672240802675584,
        "blade_distance": 0.24046822742474916,
        "elliptical_fiber_ratio": 1.9230769230769234,
        "ratio_droplet_embedded_length": 1.36,
        "droplet_diameter": 0.162,
        "contact_angle": 25.7,
        "fiber_rotation": 45
    },
    "mechanical_parameters": {
        "interface_friction": 0.0,
        "GI": 0.0015,
        "GII,GIII": 0.36561872909699,
        "blade_friction": 0.0,
        "tI=tII=tIII": 1.979933110367893
    }
}
