{
    "geometrical_parameters": {
        "fiber_diameter": 0.01541683366733467,
        "blade_distance": 0.10374820105431003,
        "elliptical_fiber_ratio": 2.070140280561122,
        "ratio_droplet_embedded_length": 1.228617234468938,
        "droplet_diameter": 0.17104609218436875,
        "contact_angle": 26.227655310621238,
        "fiber_rotation": 28.13627254509018
    },
    "mechanical_parameters": {
        "interface_friction": 0.7663326653306614,
        "GI": 0.09027855711422847,
        "GII,GIII": 0.3056112224448898,
        "tI=tII=tIII": 0.5601202404809619,
        "blade_friction": 0.4120240480961924
    }
}
