{
    "geometrical_parameters": {
        "fiber_diameter": 0.02407692307692308,
        "blade_distance": 0.7906354515050168,
        "elliptical_fiber_ratio": 2.431438127090301,
        "ratio_droplet_embedded_length": 1.4757190635451505,
        "droplet_diameter": 0.1485685618729097,
        "contact_angle": 29.018729096989965,
        "fiber_rotation": 75.25083612040133
    },
    "mechanical_parameters": {
        "interface_friction": 0.0,
        "GI": 0.0015,
        "GII,GIII": 0.3,
        "tI=tII=tIII": 1.3,
        "blade_friction": 0.6
    }
}
