{
    "geometrical_parameters": {
        "fiber_diameter": 0.013685370741482966,
        "blade_distance": 0.07948031750343756,
        "elliptical_fiber_ratio": 2.8597194388777556,
        "ratio_droplet_embedded_length": 1.4203607214428857,
        "droplet_diameter": 0.16644689378757516,
        "contact_angle": 20.48456913827655,
        "fiber_rotation": 22.004008016032063
    },
    "mechanical_parameters": {
        "interface_friction": 0.5835671342685371,
        "GI": 0.08670741482965932,
        "GII,GIII": 0.33338677354709423,
        "tI=tII=tIII": 1.2004008016032066,
        "blade_friction": 0.06733466933867735
    }
}
