{
    "geometrical_parameters": {
        "fiber_diameter": 0.02670741482965932,
        "blade_distance": 0.4527054108216433,
        "elliptical_fiber_ratio": 1.1713426853707416,
        "ratio_droplet_embedded_length": 1.4767935871743487,
        "droplet_diameter": 0.15697795591182365,
        "contact_angle": 21.554709418837675,
        "fiber_rotation": 44.72945891783567
    },
    "mechanical_parameters": {
        "interface_friction": 0.0,
        "tI": 1,
        "tII,tIII": 1.3,
        "GI": 0.015,
        "GII,GIII": 0.1,
        "blade_friction": 0.6
    }
}
