{
    "geometrical_parameters": {
        "fiber_diameter": 0.027789579158316632,
        "blade_distance": 0.14021048084898116,
        "elliptical_fiber_ratio": 1.1683366733466933,
        "ratio_droplet_embedded_length": 1.3068537074148296,
        "droplet_diameter": 0.1469679358717435,
        "contact_angle": 27.58316633266533,
        "fiber_rotation": 42.02404809619239
    },
    "mechanical_parameters": {
        "interface_friction": 0.04809619238476954,
        "GI": 0.08869138276553107,
        "GII,GIII": 0.5913026052104209,
        "tI=tII=tIII": 1.5761523046092183,
        "blade_friction": 0.20681362725450905
    }
}
