{
    "geometrical_parameters": {
        "fiber_diameter": 0.02190909090909091,
        "blade_distance": 0.1350969250271028,
        "elliptical_fiber_ratio": 2.9595959595959593,
        "ratio_droplet_embedded_length": 1.3894949494949493,
        "droplet_diameter": 0.20027272727272727,
        "contact_angle": 15.577777777777778,
        "fiber_rotation": 44.54545454545455
    },
    "mechanical_parameters": {
        "interface_friction": 0.0,
        "GI": 0.015,
        "GII,GIII": 0.3,
        "tI=tII=tIII": 1.3,
        "blade_friction": 0.6
    }
}
