{
    "geometrical_parameters": {
        "fiber_diameter": 0.026454545454545456,
        "blade_distance_ratio_to_fiber_diameter": 2.3484848484848486,
        "elliptical_fiber_ratio": 1.808080808080808,
        "ratio_droplet_embedded_length": 1.4056565656565656,
        "droplet_diameter": 0.1893636363636364,
        "contact_angle": 27.8040404040404,
        "fiber_rotation": 8.181818181818183
    },
    "mechanical_parameters": {
        "interface_friction": 0.0,
        "GI": 0.015,
        "GII,GIII": 0.3,
        "tI=tII=tIII": 1.3,
        "blade_friction": 0.6
    }
}
