{
    "geometrical_parameters": {
        "fiber_diameter": 0.030638795986622072,
        "blade_distance": 0.45451505016722404,
        "elliptical_fiber_ratio": 1.406354515050167,
        "ratio_droplet_embedded_length": 1.3761872909698996,
        "droplet_diameter": 0.11289966555183947,
        "contact_angle": 22.29163879598662,
        "fiber_rotation": 46.053511705685615
    },
    "mechanical_parameters": {
        "interface_friction": 0.0,
        "tI": 1,
        "tII,tIII": 1.3,
        "GI": 0.01,
        "GII,GIII": 0.15,
        "blade_friction": 0.8
    }
}
