{
    "geometrical_parameters": {
        "fiber_diameter": 0.020043478260869566,
        "blade_distance": 0.28227424749163876,
        "elliptical_fiber_ratio": 1.511705685618729,
        "ratio_droplet_embedded_length": 1.4072240802675584,
        "droplet_diameter": 0.14631103678929766,
        "contact_angle": 23.60133779264214,
        "fiber_rotation": 25.886287625418056
    },
    "mechanical_parameters": {
        "interface_friction": 0.0,
        "GI": 0.0015,
        "GII,GIII": 0.3,
        "tI=tII=tIII": 1.3,
        "blade_friction": 0.6
    }
}
