{
    "geometrical_parameters": {
        "fiber_diameter": 0.013,
        "blade_distance": 0.4060200668896321,
        "elliptical_fiber_ratio": 1.672240802675585,
        "ratio_droplet_embedded_length": 1.2894983277591971,
        "droplet_diameter": 0.22442140468227426,
        "contact_angle": 25.08963210702341,
        "fiber_rotation": 60.80267558528428
    },
    "mechanical_parameters": {
        "interface_friction": 0.0,
        "GI": 0.0015,
        "GII,GIII": 0.3,
        "tI=tII=tIII": 1.3,
        "blade_friction": 0.6
    }
}
