{
    "geometrical_parameters": {
        "fiber_diameter": 0.022872909698996656,
        "blade_distance": 0.2454849498327759,
        "elliptical_fiber_ratio": 1.2107023411371238,
        "ratio_droplet_embedded_length": 1.36,
        "droplet_diameter": 0.162,
        "contact_angle": 25.7,
        "fiber_rotation": 45
    },
    "mechanical_parameters": {
        "interface_friction": 0.0,
        "GI": 0.0015,
        "GII,GIII": 0.19026755852842808,
        "blade_friction": 0.0,
        "tI=tII=tIII": 1.979933110367893
    }
}
