{
    "geometrical_parameters": {
        "fiber_diameter": 0.014625418060200669,
        "blade_distance": 0.559866220735786,
        "elliptical_fiber_ratio": 1.7474916387959865,
        "ratio_droplet_embedded_length": 1.36,
        "droplet_diameter": 0.162,
        "contact_angle": 25.7,
        "fiber_rotation": 0
    },
    "mechanical_parameters": {
        "interface_friction": 0.0,
        "GI": 0.0015,
        "GII,GIII": 0.18535117056856187,
        "blade_friction": 0.0,
        "tI=tII=tIII": 0.8511705685618729
    }
}
