{
    "geometrical_parameters": {
        "fiber_diameter": 0.017876254180602007,
        "blade_distance": 0.20702341137123748,
        "elliptical_fiber_ratio": 1.591973244147157,
        "ratio_droplet_embedded_length": 1.36,
        "droplet_diameter": 0.162,
        "contact_angle": 25.7,
        "fiber_rotation": 45
    },
    "mechanical_parameters": {
        "interface_friction": 0.0,
        "GI": 0.0015,
        "GII,GIII": 0.3410367892976589,
        "blade_friction": 0.0,
        "tI=tII=tIII": 0.6354515050167224
    }
}
