{
    "geometrical_parameters": {
        "fiber_diameter": 0.028979959919839676,
        "blade_distance": 0.6027655310621243,
        "elliptical_fiber_ratio": 1.3907815631262526,
        "ratio_droplet_embedded_length": 1.3600801603206412,
        "droplet_diameter": 0.16049498997995992,
        "contact_angle": 30.650901803607212,
        "fiber_rotation": 66.55310621242485
    },
    "mechanical_parameters": {
        "interface_friction": 0.0,
        "tI": 1,
        "tII,tIII": 1.3,
        "GI": 0.01,
        "GII,GIII": 0.15,
        "blade_friction": 0.6
    }
}
