{
    "geometrical_parameters": {
        "fiber_diameter": 0.01691304347826087,
        "blade_distance": 0.3177257525083612,
        "elliptical_fiber_ratio": 1.2408026755852843,
        "ratio_droplet_embedded_length": 1.2723745819397994,
        "droplet_diameter": 0.1860434782608696,
        "contact_angle": 29.971237458193976,
        "fiber_rotation": 35.21739130434782
    },
    "mechanical_parameters": {
        "interface_friction": 0.0,
        "GI": 0.0015,
        "GII,GIII": 0.3,
        "tI=tII=tIII": 1.3,
        "blade_friction": 0.6
    }
}
