{
    "geometrical_parameters": {
        "fiber_diameter": 0.02147695390781563,
        "blade_distance": 0.19090180360721443,
        "elliptical_fiber_ratio": 2.025050100200401,
        "ratio_droplet_embedded_length": 1.1644889779559118,
        "droplet_diameter": 0.098,
        "contact_angle": 27.22645290581162,
        "fiber_rotation": 52.124248496993985
    },
    "mechanical_parameters": {
        "interface_friction": 0.0,
        "tI": 1,
        "tII,tIII": 1.3,
        "GI": 0.01,
        "GII,GIII": 0.15,
        "blade_friction": 0.6
    }
}
