{
    "geometrical_parameters": {
        "fiber_diameter": 0.025160535117056855,
        "elliptical_fiber_ratio": 1.0,
        "blade_distance": 0.5949832775919732,
        "ratio_droplet_embedded_length": 1.36,
        "droplet_diameter": 0.18830100334448163,
        "contact_angle": 25.7,
        "fiber_rotation": 0
    },
    "mechanical_parameters": {
        "interface_friction": 0.0,
        "GI": 0.0015,
        "GII,GIII": 0.24270903010033443,
        "blade_friction": 0.0,
        "tI=tII=tIII": 1.9849498327759196
    }
}
