{
    "geometrical_parameters": {
        "fiber_diameter": 0.01811705685618729,
        "elliptical_fiber_ratio": 1.0,
        "blade_distance": 0.4177257525083612,
        "ratio_droplet_embedded_length": 1.36,
        "droplet_diameter": 0.21403678929765887,
        "contact_angle": 25.7,
        "fiber_rotation": 0
    },
    "mechanical_parameters": {
        "interface_friction": 0.0,
        "GI": 0.0015,
        "GII,GIII": 0.4475585284280936,
        "blade_friction": 0.0,
        "tI=tII=tIII": 0.9866220735785953
    }
}
