{
    "geometrical_parameters": {
        "fiber_diameter": 0.026238476953907817,
        "blade_distance": 0.4333066132264529,
        "elliptical_fiber_ratio": 1.6342685370741483,
        "ratio_droplet_embedded_length": 1.2222044088176351,
        "droplet_diameter": 0.11747895791583167,
        "contact_angle": 17.702204408817636,
        "fiber_rotation": 34.98997995991984
    },
    "mechanical_parameters": {
        "interface_friction": 0.0,
        "tI": 1,
        "tII,tIII": 1.3,
        "GI": 0.01,
        "GII,GIII": 0.15,
        "blade_friction": 0.6
    }
}
