{
    "geometrical_parameters": {
        "fiber_diameter": 0.02497993311036789,
        "blade_distance": 0.5648829431438127,
        "elliptical_fiber_ratio": 2.379598662207358,
        "ratio_droplet_embedded_length": 1.3034113712374582,
        "droplet_diameter": 0.220809364548495,
        "contact_angle": 20.14849498327759,
        "fiber_rotation": 89.09698996655518
    },
    "mechanical_parameters": {
        "interface_friction": 0.0,
        "GI": 0.0015,
        "GII,GIII": 0.3,
        "tI=tII=tIII": 1.3,
        "blade_friction": 0.6
    }
}
