{
    "geometrical_parameters": {
        "fiber_diameter": 0.014384615384615385,
        "blade_distance": 0.36086956521739133,
        "elliptical_fiber_ratio": 2.108695652173913,
        "ratio_droplet_embedded_length": 1.3312374581939799,
        "droplet_diameter": 0.14179598662207357,
        "contact_angle": 26.101672240802674,
        "fiber_rotation": 53.27759197324416
    },
    "mechanical_parameters": {
        "interface_friction": 0.0,
        "GI": 0.0015,
        "GII,GIII": 0.3,
        "tI=tII=tIII": 1.3,
        "blade_friction": 0.6
    }
}
