{
    "geometrical_parameters": {
        "fiber_diameter": 0.01607537688442211,
        "blade_distance": 0.6130653266331658,
        "elliptical_fiber_ratio": 1.2412060301507537,
        "ratio_droplet_embedded_length": 1.2613065326633166,
        "droplet_diameter": 0.11360301507537689,
        "contact_angle": 20.129648241206027,
        "fiber_rotation": 47.48743718592965
    },
    "mechanical_parameters": {
        "interface_friction": 0.0,
        "GI": 0.0015,
        "GII,GIII": 0.3,
        "tI=tII=tIII": 1.3,
        "blade_friction": 0.6
    }
}
