{
    "geometrical_parameters": {
        "fiber_diameter": 0.024182364729458918,
        "blade_distance": 0.12004008016032064,
        "elliptical_fiber_ratio": 2.1152304609218437,
        "ratio_droplet_embedded_length": 1.3793186372745492,
        "droplet_diameter": 0.15319038076152305,
        "contact_angle": 20.127855711422846,
        "fiber_rotation": 42.56513026052104
    },
    "mechanical_parameters": {
        "interface_friction": 0.0,
        "tI": 1,
        "tII,tIII": 1.3,
        "GI": 0.015,
        "GII,GIII": 0.1,
        "blade_friction": 0.6
    }
}
