{
    "geometrical_parameters": {
        "fiber_diameter": 0.031,
        "blade_distance": 0.10100200400801604,
        "elliptical_fiber_ratio": 1.6402805611222444,
        "ratio_droplet_embedded_length": 1.2215631262525048,
        "droplet_diameter": 0.13993386773547095,
        "contact_angle": 21.269338677354707,
        "fiber_rotation": 41.66332665330662
    },
    "mechanical_parameters": {
        "interface_friction": 0.0,
        "tI": 1,
        "tII,tIII": 1.3,
        "GI": 0.015,
        "GII,GIII": 0.1,
        "blade_friction": 0.6
    }
}
