{
    "geometrical_parameters": {
        "fiber_diameter": 0.02187374749498998,
        "blade_distance": 0.44869739478957915,
        "elliptical_fiber_ratio": 2.4819639278557117,
        "ratio_droplet_embedded_length": 1.4267735470941885,
        "droplet_diameter": 0.12992384769539078,
        "contact_angle": 20.34188376753507,
        "fiber_rotation": 40.22044088176353
    },
    "mechanical_parameters": {
        "interface_friction": 0.0,
        "tI": 1,
        "tII,tIII": 1.3,
        "GI": 0.015,
        "GII,GIII": 0.1,
        "blade_friction": 0.6
    }
}
