{
    "geometrical_parameters": {
        "fiber_diameter": 0.013421404682274247,
        "elliptical_fiber_ratio": 1.0,
        "blade_distance": 0.41438127090301,
        "ratio_droplet_embedded_length": 1.36,
        "droplet_diameter": 0.13637792642140467,
        "contact_angle": 25.7,
        "fiber_rotation": 0
    },
    "mechanical_parameters": {
        "interface_friction": 0.0,
        "GI": 0.0015,
        "GII,GIII": 0.19846153846153847,
        "blade_friction": 0.0,
        "tI=tII=tIII": 1.5585284280936456
    }
}
