{
    "geometrical_parameters": {
        "fiber_diameter": 0.021,
        "blade_distance": 0.042,
        "elliptical_fiber_ratio": 1.0,
        "ratio_droplet_embedded_length": 1.36,
        "droplet_diameter": 0.162,
        "contact_angle": 25.7,
        "fiber_rotation": 0
    },
    "mechanical_parameters": {
        "interface_friction": 0.6983277591973245,
        "GI": 0.020866220735785954,
        "GII,GIII": 0.3344816053511706,
        "tI=tII=tIII": 0.9765886287625418,
        "blade_friction": 0.19531772575250836
    }
}
