{
    "geometrical_parameters": {
        "fiber_diameter": 0.021,
        "blade_distance": 0.15,
        "elliptical_fiber_ratio": 1.0,
        "ratio_droplet_embedded_length": 1.36,
        "droplet_diameter": 0.162,
        "contact_angle": 25.7,
        "fiber_rotation": 0
    },
    "mechanical_parameters": {
        "interface_friction": 0.4147157190635452,
        "GI": 0.03808361204013378,
        "GII,GIII": 0.29842809364548495,
        "tI=tII=tIII": 1.9297658862876255,
        "blade_friction": 0.44682274247491643
    }
}
