{
    "geometrical_parameters": {
        "fiber_diameter": 0.029557114228456915,
        "blade_distance": 0.1078557114228457,
        "elliptical_fiber_ratio": 2.1663326653306614,
        "ratio_droplet_embedded_length": 1.2869739478957916,
        "droplet_diameter": 0.22867134268537073,
        "contact_angle": 16.275350701402804,
        "fiber_rotation": 53.02605210420841
    },
    "mechanical_parameters": {
        "interface_friction": 0.0,
        "tI": 1,
        "tII,tIII": 1.3,
        "GI": 0.01,
        "GII,GIII": 0.15,
        "blade_friction": 0.6
    }
}
