{
    "geometrical_parameters": {
        "fiber_diameter": 0.02811036789297659,
        "blade_distance": 0.35919732441471575,
        "elliptical_fiber_ratio": 1.0351170568561874,
        "ratio_droplet_embedded_length": 1.2252842809364548,
        "droplet_diameter": 0.09890301003344482,
        "contact_angle": 25.268227424749163,
        "fiber_rotation": 41.23745819397993
    },
    "mechanical_parameters": {
        "interface_friction": 0.0,
        "tI": 1,
        "tII,tIII": 1.3,
        "GI": 0.01,
        "GII,GIII": 0.15,
        "blade_friction": 0.8
    }
}
