{
    "geometrical_parameters": {
        "fiber_diameter": 0.029845691382765535,
        "blade_distance": 0.5769539078156313,
        "elliptical_fiber_ratio": 2.2685370741482966,
        "ratio_droplet_embedded_length": 1.2029659318637274,
        "droplet_diameter": 0.18700801603206413,
        "contact_angle": 23.837675350701403,
        "fiber_rotation": 84.58917835671343
    },
    "mechanical_parameters": {
        "interface_friction": 0.0,
        "tI": 1,
        "tII,tIII": 1.3,
        "GI": 0.015,
        "GII,GIII": 0.1,
        "blade_friction": 0.6
    }
}
