{
    "geometrical_parameters": {
        "fiber_diameter": 0.01790909090909091,
        "blade_distance": 0.36262626262626263,
        "elliptical_fiber_ratio": 1.7727272727272727,
        "ratio_droplet_embedded_length": 1.3927272727272726,
        "droplet_diameter": 0.17845454545454548,
        "contact_angle": 15.577777777777778,
        "fiber_rotation": 61.81818181818181
    },
    "mechanical_parameters": {
        "interface_friction": 0.0,
        "tI": 0.5,
        "tII,tIII": 1.3,
        "GI": 0.3,
        "GII,GIII": 0.3,
        "blade_friction": 0.6
    }
}
