{
    "geometrical_parameters": {
        "fiber_diameter": 0.01325250501002004,
        "elliptical_fiber_ratio": 1.0,
        "blade_distance": 0.15811623246492987,
        "ratio_droplet_embedded_length": 1.36,
        "droplet_diameter": 0.10395190380761524,
        "contact_angle": 25.7,
        "fiber_rotation": 0
    },
    "mechanical_parameters": {
        "interface_friction": 0.0,
        "GI": 0.0015,
        "GII,GIII": 0.01589178356713427,
        "blade_friction": 0.0,
        "tI=tII=tIII": 1.2334669338677355
    }
}
