{
    "geometrical_parameters": {
        "fiber_diameter": 0.029675585284280936,
        "elliptical_fiber_ratio": 1.0,
        "blade_distance": 0.18695652173913044,
        "ratio_droplet_embedded_length": 1.36,
        "droplet_diameter": 0.22983946488294316,
        "contact_angle": 25.7,
        "fiber_rotation": 0
    },
    "mechanical_parameters": {
        "interface_friction": 0.0,
        "GI": 0.0015,
        "GII,GIII": 0.20337792642140468,
        "blade_friction": 0.0,
        "tI=tII=tIII": 1.9648829431438126
    }
}
