{
    "geometrical_parameters": {
        "fiber_diameter": 0.026923847695390784,
        "blade_distance": 0.584809619238477,
        "elliptical_fiber_ratio": 1.1683366733466933,
        "ratio_droplet_embedded_length": 1.4389579158316632,
        "droplet_diameter": 0.11450300601202405,
        "contact_angle": 23.052905811623248,
        "fiber_rotation": 86.39278557114228
    },
    "mechanical_parameters": {
        "interface_friction": 0.0,
        "tI": 1,
        "tII,tIII": 1.3,
        "GI": 0.01,
        "GII,GIII": 0.15,
        "blade_friction": 0.6
    }
}
