{
    "geometrical_parameters": {
        "fiber_diameter": 0.02919397993311037,
        "blade_distance": 0.39498327759197327,
        "elliptical_fiber_ratio": 1.020066889632107,
        "ratio_droplet_embedded_length": 1.423277591973244,
        "droplet_diameter": 0.20681270903010035,
        "contact_angle": 22.29163879598662,
        "fiber_rotation": 48.76254180602007
    },
    "mechanical_parameters": {
        "interface_friction": 0.0,
        "GI": 0.0015,
        "GII,GIII": 0.3,
        "tI=tII=tIII": 1.3,
        "blade_friction": 0.6
    }
}
