{
    "geometrical_parameters": {
        "fiber_diameter": 0.021,
        "blade_distance": 0.15,
        "elliptical_fiber_ratio": 1.0,
        "ratio_droplet_embedded_length": 1.36,
        "droplet_diameter": 0.162,
        "contact_angle": 25.7,
        "fiber_rotation": 0
    },
    "mechanical_parameters": {
        "interface_friction": 0.2301003344481605,
        "GI": 0.08046488294314381,
        "GII,GIII": 0.31317725752508363,
        "tI=tII=tIII": 1.5936454849498327,
        "blade_friction": 0.5351170568561874
    }
}
