{
    "geometrical_parameters": {
        "fiber_diameter": 0.021,
        "blade_distance": 0.15,
        "elliptical_fiber_ratio": 1.0,
        "ratio_droplet_embedded_length": 1.36,
        "droplet_diameter": 0.162,
        "contact_angle": 25.7,
        "fiber_rotation": 0
    },
    "mechanical_parameters": {
        "interface_friction": 0.5297658862876254,
        "GI": 0.024177257525083616,
        "GII,GIII": 0.36561872909699,
        "tI=tII=tIII": 1.6387959866220736,
        "blade_friction": 0.5672240802675586
    }
}
