{
    "geometrical_parameters": {
        "fiber_diameter": 0.021,
        "blade_distance": 0.15,
        "elliptical_fiber_ratio": 1.0,
        "ratio_droplet_embedded_length": 1.36,
        "droplet_diameter": 0.162,
        "contact_angle": 25.7,
        "fiber_rotation": 0
    },
    "mechanical_parameters": {
        "interface_friction": 0.7892976588628763,
        "GI": 0.012588628762541808,
        "GII,GIII": 0.32956521739130434,
        "tI=tII=tIII": 0.725752508361204,
        "blade_friction": 0.5083612040133779
    }
}
