{
    "geometrical_parameters": {
        "fiber_diameter": 0.013727272727272727,
        "blade_distance": 0.19283509436174076,
        "elliptical_fiber_ratio": 2.1313131313131315,
        "ratio_droplet_embedded_length": 1.4606060606060605,
        "droplet_diameter": 0.19618181818181818,
        "contact_angle": 18.814141414141414,
        "fiber_rotation": 10.90909090909091
    },
    "mechanical_parameters": {
        "interface_friction": 0.0,
        "GI": 0.015,
        "GII,GIII": 0.3,
        "tI=tII=tIII": 1.3,
        "blade_friction": 0.6
    }
}
