{
    "geometrical_parameters": {
        "fiber_diameter": 0.021,
        "blade_distance": 0.15,
        "elliptical_fiber_ratio": 1.0,
        "ratio_droplet_embedded_length": 1.36,
        "droplet_diameter": 0.162,
        "contact_angle": 25.7,
        "fiber_rotation": 0
    },
    "mechanical_parameters": {
        "interface_friction": 0.2862876254180602,
        "GI": 0.03576588628762542,
        "GII,GIII": 0.4295317725752509,
        "tI=tII=tIII": 0.9113712374581939,
        "blade_friction": 0.3451505016722408
    }
}
