{
    "geometrical_parameters": {
        "fiber_diameter": 0.029555183946488296,
        "elliptical_fiber_ratio": 1.0,
        "blade_distance": 0.354180602006689,
        "ratio_droplet_embedded_length": 1.36,
        "droplet_diameter": 0.1697892976588629,
        "contact_angle": 25.7,
        "fiber_rotation": 0
    },
    "mechanical_parameters": {
        "interface_friction": 0.0,
        "GI": 0.0015,
        "GII,GIII": 0.47050167224080264,
        "blade_friction": 0.0,
        "tI=tII=tIII": 1.1421404682274248
    }
}
