{
    "geometrical_parameters": {
        "fiber_diameter": 0.02190969899665552,
        "elliptical_fiber_ratio": 1.0,
        "blade_distance": 0.40936454849498327,
        "ratio_droplet_embedded_length": 1.36,
        "droplet_diameter": 0.10703010033444817,
        "contact_angle": 25.7,
        "fiber_rotation": 0
    },
    "mechanical_parameters": {
        "interface_friction": 0.0,
        "GI": 0.0015,
        "GII,GIII": 0.26401337792642143,
        "blade_friction": 0.0,
        "tI=tII=tIII": 1.8494983277591974
    }
}
