{
    "geometrical_parameters": {
        "fiber_diameter": 0.0229559118236473,
        "blade_distance": 0.1340681362725451,
        "elliptical_fiber_ratio": 1.3577154308617234,
        "ratio_droplet_embedded_length": 1.1882164328657314,
        "droplet_diameter": 0.22731863727454912,
        "contact_angle": 28.653306613226448,
        "fiber_rotation": 88.91783567134269
    },
    "mechanical_parameters": {
        "interface_friction": 0.0,
        "tI": 1,
        "tII,tIII": 1.3,
        "GI": 0.015,
        "GII,GIII": 0.1,
        "blade_friction": 0.6
    }
}
