{
    "geometrical_parameters": {
        "fiber_diameter": 0.021,
        "blade_distance": 0.15,
        "elliptical_fiber_ratio": 1.0,
        "ratio_droplet_embedded_length": 1.36,
        "droplet_diameter": 0.162,
        "contact_angle": 25.7,
        "fiber_rotation": 0
    },
    "mechanical_parameters": {
        "interface_friction": 0.4254180602006689,
        "GI": 0.062254180602006694,
        "GII,GIII": 0.48688963210702346,
        "tI=tII=tIII": 0.5702341137123745,
        "blade_friction": 0.6555183946488294
    }
}
