{
    "geometrical_parameters": {
        "fiber_diameter": 0.025156312625250504,
        "elliptical_fiber_ratio": 1.0,
        "blade_distance": 0.3575150300601202,
        "ratio_droplet_embedded_length": 1.36,
        "droplet_diameter": 0.1734809619238477,
        "contact_angle": 25.7,
        "fiber_rotation": 0
    },
    "mechanical_parameters": {
        "interface_friction": 0.0,
        "GI": 0.0015,
        "GII,GIII": 0.045350701402805615,
        "blade_friction": 0.0,
        "tI=tII=tIII": 1.1703406813627255
    }
}
