{
    "geometrical_parameters": {
        "fiber_diameter": 0.013396793587174348,
        "blade_distance": 0.20324649298597197,
        "elliptical_fiber_ratio": 1.399799599198397,
        "ratio_droplet_embedded_length": 1.3806012024048095,
        "droplet_diameter": 0.13749899799599197,
        "contact_angle": 24.19438877755511,
        "fiber_rotation": 0.18036072144288576
    },
    "mechanical_parameters": {
        "interface_friction": 0.0,
        "tI": 1,
        "tII,tIII": 1.3,
        "GI": 0.01,
        "GII,GIII": 0.15,
        "blade_friction": 0.6
    }
}
