{
    "geometrical_parameters": {
        "fiber_diameter": 0.024016722408026756,
        "blade_distance": 0.2555183946488294,
        "elliptical_fiber_ratio": 1.591973244147157,
        "ratio_droplet_embedded_length": 1.36,
        "droplet_diameter": 0.162,
        "contact_angle": 25.7,
        "fiber_rotation": 0
    },
    "mechanical_parameters": {
        "interface_friction": 0.0,
        "GI": 0.0015,
        "GII,GIII": 0.01983277591973244,
        "blade_friction": 0.0,
        "tI=tII=tIII": 1.754180602006689
    }
}
