{
    "geometrical_parameters": {
        "fiber_diameter": 0.024257525083612043,
        "blade_distance": 0.14916387959866223,
        "elliptical_fiber_ratio": 2.4581939799331103,
        "ratio_droplet_embedded_length": 1.2616722408026755,
        "droplet_diameter": 0.11064214046822743,
        "contact_angle": 23.958528428093643,
        "fiber_rotation": 74.94983277591973
    },
    "mechanical_parameters": {
        "interface_friction": 0.0,
        "GI": 0.0015,
        "GII,GIII": 0.3,
        "tI=tII=tIII": 1.3,
        "blade_friction": 0.6
    }
}
