{
    "geometrical_parameters": {
        "fiber_diameter": 0.029909090909090913,
        "blade_distance": 0.08331044831161914,
        "elliptical_fiber_ratio": 2.7373737373737375,
        "ratio_droplet_embedded_length": 1.1761616161616162,
        "droplet_diameter": 0.13072727272727272,
        "contact_angle": 25.286868686868686,
        "fiber_rotation": 44.54545454545455
    },
    "mechanical_parameters": {
        "interface_friction": 0.0,
        "GI": 0.0015,
        "GII,GIII": 0.3,
        "tI=tII=tIII": 1.3,
        "blade_friction": 0.6
    }
}
