{
    "geometrical_parameters": {
        "fiber_diameter": 0.021549098196392787,
        "elliptical_fiber_ratio": 1.0,
        "blade_distance": 0.31843687374749496,
        "ratio_droplet_embedded_length": 1.36,
        "droplet_diameter": 0.22731863727454912,
        "contact_angle": 25.7,
        "fiber_rotation": 0
    },
    "mechanical_parameters": {
        "interface_friction": 0.0,
        "GI": 0.0015,
        "GII,GIII": 0.09444889779559117,
        "blade_friction": 0.0,
        "tI=tII=tIII": 0.593186372745491
    }
}
