{
    "geometrical_parameters": {
        "fiber_diameter": 0.02293311036789298,
        "blade_distance": 0.5130434782608696,
        "elliptical_fiber_ratio": 1.652173913043478,
        "ratio_droplet_embedded_length": 1.3933110367892976,
        "droplet_diameter": 0.1770133779264214,
        "contact_angle": 21.874916387959864,
        "fiber_rotation": 24.682274247491637
    },
    "mechanical_parameters": {
        "interface_friction": 0.0,
        "tI": 1,
        "tII,tIII": 1.3,
        "GI": 0.01,
        "GII,GIII": 0.15,
        "blade_friction": 0.8
    }
}
