{
    "geometrical_parameters": {
        "fiber_diameter": 0.028531772575250837,
        "blade_distance": 0.5531772575250836,
        "elliptical_fiber_ratio": 1.9782608695652173,
        "ratio_droplet_embedded_length": 1.248829431438127,
        "droplet_diameter": 0.20094314381270906,
        "contact_angle": 23.006020066889633,
        "fiber_rotation": 41.83946488294314
    },
    "mechanical_parameters": {
        "interface_friction": 0.0,
        "GI": 0.0015,
        "GII,GIII": 0.3,
        "tI=tII=tIII": 1.3,
        "blade_friction": 0.6
    }
}
