{
    "geometrical_parameters": {
        "fiber_diameter": 0.016390781563126254,
        "blade_distance": 0.19118236472945893,
        "elliptical_fiber_ratio": 2.1603206412825653,
        "ratio_droplet_embedded_length": 1.2517034068136272,
        "droplet_diameter": 0.17131663326653307,
        "contact_angle": 16.810420841683367,
        "fiber_rotation": 50.50100200400802
    },
    "mechanical_parameters": {
        "interface_friction": 0.0,
        "tI": 1,
        "tII,tIII": 1.3,
        "GI": 0.015,
        "GII,GIII": 0.1,
        "blade_friction": 0.6
    }
}
