{
    "geometrical_parameters": {
        "fiber_diameter": 0.013963210702341137,
        "blade_distance": 0.6,
        "elliptical_fiber_ratio": 1.8377926421404682,
        "ratio_droplet_embedded_length": 1.3622742474916387,
        "droplet_diameter": 0.17746488294314383,
        "contact_angle": 14.731103678929765,
        "fiber_rotation": 50.568561872909704
    },
    "mechanical_parameters": {
        "interface_friction": 0.0,
        "tI": 1,
        "tII,tIII": 1.3,
        "GI": 0.01,
        "GII,GIII": 0.15,
        "blade_friction": 0.8
    }
}
