{
    "geometrical_parameters": {
        "fiber_diameter": 0.021,
        "blade_distance": 0.042,
        "elliptical_fiber_ratio": 1.0,
        "ratio_droplet_embedded_length": 1.36,
        "droplet_diameter": 0.162,
        "contact_angle": 25.7,
        "fiber_rotation": 0
    },
    "mechanical_parameters": {
        "interface_friction": 0.15785953177257525,
        "GI": 0.019872909698996657,
        "GII,GIII": 0.321371237458194,
        "tI=tII=tIII": 1.4030100334448161,
        "blade_friction": 0.24080267558528426
    }
}
