{
    "geometrical_parameters": {
        "fiber_diameter": 0.017725450901803608,
        "blade_distance": 0.5669338677354709,
        "elliptical_fiber_ratio": 1.3697394789579158,
        "ratio_droplet_embedded_length": 1.2542685370741482,
        "droplet_diameter": 0.17077555110220444,
        "contact_angle": 28.01122244488978,
        "fiber_rotation": 23.266533066132265
    },
    "mechanical_parameters": {
        "interface_friction": 0.0,
        "tI": 1,
        "tII,tIII": 1.3,
        "GI": 0.015,
        "GII,GIII": 0.1,
        "blade_friction": 0.6
    }
}
