{
    "geometrical_parameters": {
        "fiber_diameter": 0.017936454849498327,
        "blade_distance": 0.29899665551839466,
        "elliptical_fiber_ratio": 1.9531772575250836,
        "ratio_droplet_embedded_length": 1.36,
        "droplet_diameter": 0.162,
        "contact_angle": 25.7,
        "fiber_rotation": 45
    },
    "mechanical_parameters": {
        "interface_friction": 0.0,
        "GI": 0.0015,
        "GII,GIII": 0.08210702341137123,
        "blade_friction": 0.0,
        "tI=tII=tIII": 1.0367892976588626
    }
}
