{
    "geometrical_parameters": {
        "fiber_diameter": 0.030638795986622072,
        "blade_distance": 0.13177257525083613,
        "elliptical_fiber_ratio": 2.4297658862876252,
        "ratio_droplet_embedded_length": 1.36,
        "droplet_diameter": 0.162,
        "contact_angle": 25.7,
        "fiber_rotation": 0
    },
    "mechanical_parameters": {
        "interface_friction": 0.0,
        "GI": 0.0015,
        "GII,GIII": 0.04605351170568562,
        "blade_friction": 0.0,
        "tI=tII=tIII": 0.560200668896321
    }
}
