{
    "geometrical_parameters": {
        "fiber_diameter": 0.02497993311036789,
        "elliptical_fiber_ratio": 1.0,
        "blade_distance": 0.5130434782608696,
        "ratio_droplet_embedded_length": 1.36,
        "droplet_diameter": 0.16662876254180603,
        "contact_angle": 25.7,
        "fiber_rotation": 0
    },
    "mechanical_parameters": {
        "interface_friction": 0.0,
        "GI": 0.0015,
        "GII,GIII": 0.14602006688963212,
        "blade_friction": 0.0,
        "tI=tII=tIII": 1.2625418060200668
    }
}
