{
    "geometrical_parameters": {
        "fiber_diameter": 0.01823046092184369,
        "blade_distance": 0.10901803607214429,
        "elliptical_fiber_ratio": 1.8386773547094188,
        "ratio_droplet_embedded_length": 1.216432865731463,
        "droplet_diameter": 0.1583306613226453,
        "contact_angle": 16.59639278557114,
        "fiber_rotation": 23.086172344689377
    },
    "mechanical_parameters": {
        "interface_friction": 0.0,
        "tI": 1,
        "tII,tIII": 1.3,
        "GI": 0.015,
        "GII,GIII": 0.1,
        "blade_friction": 0.6
    }
}
