{
    "geometrical_parameters": {
        "fiber_diameter": 0.028727454909819643,
        "blade_distance": 0.1336673346693387,
        "elliptical_fiber_ratio": 1.0090180360721444,
        "ratio_droplet_embedded_length": 1.3331462925851703,
        "droplet_diameter": 0.20242885771543087,
        "contact_angle": 26.156312625250496,
        "fiber_rotation": 68.89779559118237
    },
    "mechanical_parameters": {
        "interface_friction": 0.0,
        "tI": 1,
        "tII,tIII": 1.3,
        "GI": 0.01,
        "GII,GIII": 0.15,
        "blade_friction": 0.6
    }
}
