{
    "geometrical_parameters": {
        "fiber_diameter": 0.019874371859296483,
        "blade_distance": 0.24522613065326634,
        "elliptical_fiber_ratio": 2.306532663316583,
        "ratio_droplet_embedded_length": 1.359396984924623,
        "droplet_diameter": 0.20518592964824123,
        "contact_angle": 20.845226130653266,
        "fiber_rotation": 69.19597989949749
    },
    "mechanical_parameters": {
        "interface_friction": 0.0,
        "GI": 0.0015,
        "GII,GIII": 0.3,
        "tI=tII=tIII": 1.3,
        "blade_friction": 0.6
    }
}
