{
    "geometrical_parameters": {
        "fiber_diameter": 0.01572727272727273,
        "blade_distance": 0.17575757575757578,
        "elliptical_fiber_ratio": 1.9393939393939394,
        "ratio_droplet_embedded_length": 1.172929292929293,
        "droplet_diameter": 0.13345454545454546,
        "contact_angle": 30.501010101010095,
        "fiber_rotation": 22.727272727272727
    },
    "mechanical_parameters": {
        "interface_friction": 0.0,
        "GI": 0.0015,
        "GII,GIII": 0.3,
        "tI=tII=tIII": 1.25,
        "blade_friction": 0.6
    }
}
