{
    "geometrical_parameters": {
        "fiber_diameter": 0.028953177257525088,
        "blade_distance": 0.17357859531772574,
        "elliptical_fiber_ratio": 1.3260869565217392,
        "ratio_droplet_embedded_length": 1.2691638795986622,
        "droplet_diameter": 0.10657859531772576,
        "contact_angle": 25.863545150501672,
        "fiber_rotation": 72.54180602006689
    },
    "mechanical_parameters": {
        "interface_friction": 0.0,
        "tI": 1,
        "tII,tIII": 1.3,
        "GI": 0.01,
        "GII,GIII": 0.15,
        "blade_friction": 0.8
    }
}
