{
    "geometrical_parameters": {
        "fiber_diameter": 0.018297658862876254,
        "blade_distance": 0.31906354515050167,
        "elliptical_fiber_ratio": 1.7976588628762542,
        "ratio_droplet_embedded_length": 1.36,
        "droplet_diameter": 0.162,
        "contact_angle": 25.7,
        "fiber_rotation": 45
    },
    "mechanical_parameters": {
        "interface_friction": 0.0,
        "GI": 0.0015,
        "GII,GIII": 0.321371237458194,
        "blade_friction": 0.0,
        "tI=tII=tIII": 0.7357859531772575
    }
}
