{
    "geometrical_parameters": {
        "fiber_diameter": 0.024678929765886287,
        "blade_distance": 0.5364548494983278,
        "elliptical_fiber_ratio": 1.511705685618729,
        "ratio_droplet_embedded_length": 1.36,
        "droplet_diameter": 0.162,
        "contact_angle": 25.7,
        "fiber_rotation": 0
    },
    "mechanical_parameters": {
        "interface_friction": 0.0,
        "GI": 0.0015,
        "GII,GIII": 0.16076923076923078,
        "blade_friction": 0.0,
        "tI=tII=tIII": 0.9063545150501671
    }
}
