{
    "geometrical_parameters": {
        "fiber_diameter": 0.021,
        "blade_distance": 0.15,
        "elliptical_fiber_ratio": 1.0,
        "ratio_droplet_embedded_length": 1.36,
        "droplet_diameter": 0.162,
        "contact_angle": 25.7,
        "fiber_rotation": 0
    },
    "mechanical_parameters": {
        "interface_friction": 0.05618729096989967,
        "GI": 0.09404013377926422,
        "GII,GIII": 0.12307692307692307,
        "tI=tII=tIII": 1.8846153846153846,
        "blade_friction": 0.3290969899665552
    }
}
