{
    "geometrical_parameters": {
        "fiber_diameter": 0.017695652173913043,
        "blade_distance": 0.18862876254180602,
        "elliptical_fiber_ratio": 1.8779264214046822,
        "ratio_droplet_embedded_length": 1.334448160535117,
        "droplet_diameter": 0.20545819397993312,
        "contact_angle": 18.18394648829431,
        "fiber_rotation": 23.779264214046822
    },
    "mechanical_parameters": {
        "interface_friction": 0.0,
        "tI": 1,
        "tII,tIII": 1.3,
        "GI": 0.01,
        "GII,GIII": 0.15,
        "blade_friction": 0.8
    }
}
