{
    "geometrical_parameters": {
        "fiber_diameter": 0.014803607214428856,
        "elliptical_fiber_ratio": 1.0,
        "blade_distance": 0.21422845691382766,
        "ratio_droplet_embedded_length": 1.36,
        "droplet_diameter": 0.18024448897795592,
        "contact_angle": 25.7,
        "fiber_rotation": 0
    },
    "mechanical_parameters": {
        "interface_friction": 0.0,
        "GI": 0.0015,
        "GII,GIII": 0.25549098196392783,
        "blade_friction": 0.0,
        "tI=tII=tIII": 1.7294589178356712
    }
}
