{
    "geometrical_parameters": {
        "fiber_diameter": 0.026123745819397994,
        "blade_distance": 0.3876254180602007,
        "elliptical_fiber_ratio": 2.1337792642140467,
        "ratio_droplet_embedded_length": 1.36,
        "droplet_diameter": 0.162,
        "contact_angle": 25.7,
        "fiber_rotation": 45
    },
    "mechanical_parameters": {
        "interface_friction": 0.0,
        "GI": 0.0015,
        "GII,GIII": 0.3393979933110368,
        "blade_friction": 0.0,
        "tI=tII=tIII": 1.1321070234113713
    }
}
