{
    "geometrical_parameters": {
        "fiber_diameter": 0.02419732441471572,
        "blade_distance": 0.2732441471571907,
        "elliptical_fiber_ratio": 2.719063545150502,
        "ratio_droplet_embedded_length": 1.3397993311036789,
        "droplet_diameter": 0.13908695652173914,
        "contact_angle": 22.17257525083612,
        "fiber_rotation": 71.63879598662207
    },
    "mechanical_parameters": {
        "interface_friction": 0.0,
        "GI": 0.0015,
        "GII,GIII": 0.3,
        "tI=tII=tIII": 1.3,
        "blade_friction": 0.6
    }
}
