{
    "geometrical_parameters": {
        "fiber_diameter": 0.029909090909090913,
        "blade_distance": 0.10169545454545455,
        "elliptical_fiber_ratio": 1.0,
        "ratio_droplet_embedded_length": 1.2214141414141413,
        "droplet_diameter": 0.11436363636363636,
        "contact_angle": 24.208080808080805,
        "fiber_rotation": 90.0
    },
    "mechanical_parameters": {
        "interface_friction": 0.0,
        "GI": 0.015,
        "GII,GIII": 0.3,
        "tI=tII=tIII": 1.3,
        "blade_friction": 0.6
    }
}
