{
    "geometrical_parameters": {
        "fiber_diameter": 0.017256513026052103,
        "blade_distance": 0.4807615230460922,
        "elliptical_fiber_ratio": 1.219438877755511,
        "ratio_droplet_embedded_length": 1.1939879759519036,
        "droplet_diameter": 0.21460320641282565,
        "contact_angle": 29.723446893787575,
        "fiber_rotation": 68.3567134268537
    },
    "mechanical_parameters": {
        "interface_friction": 0.0,
        "tI": 1,
        "tII,tIII": 1.3,
        "GI": 0.015,
        "GII,GIII": 0.1,
        "blade_friction": 0.6
    }
}
