{
    "geometrical_parameters": {
        "fiber_diameter": 0.017214046822742475,
        "blade_distance": 0.5163879598662208,
        "elliptical_fiber_ratio": 1.8528428093645486,
        "ratio_droplet_embedded_length": 1.36,
        "droplet_diameter": 0.162,
        "contact_angle": 25.7,
        "fiber_rotation": 0
    },
    "mechanical_parameters": {
        "interface_friction": 0.0,
        "GI": 0.0015,
        "GII,GIII": 0.3148160535117057,
        "blade_friction": 0.0,
        "tI=tII=tIII": 1.0468227424749164
    }
}
