{
    "geometrical_parameters": {
        "fiber_diameter": 0.021608695652173913,
        "blade_distance": 0.571571906354515,
        "elliptical_fiber_ratio": 1.8678929765886287,
        "ratio_droplet_embedded_length": 1.36,
        "droplet_diameter": 0.162,
        "contact_angle": 25.7,
        "fiber_rotation": 45
    },
    "mechanical_parameters": {
        "interface_friction": 0.0,
        "GI": 0.0015,
        "GII,GIII": 0.30989966555183945,
        "blade_friction": 0.0,
        "tI=tII=tIII": 0.8160535117056857
    }
}
