{
    "geometrical_parameters": {
        "fiber_diameter": 0.01817725752508361,
        "blade_distance": 0.4578595317725752,
        "elliptical_fiber_ratio": 2.34448160535117,
        "ratio_droplet_embedded_length": 1.36,
        "droplet_diameter": 0.162,
        "contact_angle": 25.7,
        "fiber_rotation": 0
    },
    "mechanical_parameters": {
        "interface_friction": 0.0,
        "GI": 0.0015,
        "GII,GIII": 0.3836454849498328,
        "blade_friction": 0.0,
        "tI=tII=tIII": 1.8795986622073577
    }
}
