{
    "geometrical_parameters": {
        "fiber_diameter": 0.024636363636363637,
        "blade_distance": 0.09984235857862742,
        "elliptical_fiber_ratio": 2.3333333333333335,
        "ratio_droplet_embedded_length": 1.3636363636363635,
        "droplet_diameter": 0.18254545454545457,
        "contact_angle": 26.905050505050504,
        "fiber_rotation": 52.72727272727273
    },
    "mechanical_parameters": {
        "interface_friction": 0.0,
        "GI": 0.015,
        "GII,GIII": 0.3,
        "tI=tII=tIII": 1.3,
        "blade_friction": 0.6
    }
}
