{
    "geometrical_parameters": {
        "fiber_diameter": 0.016732441471571907,
        "blade_distance": 0.10836120401337793,
        "elliptical_fiber_ratio": 1.225752508361204,
        "ratio_droplet_embedded_length": 1.2103010033444814,
        "droplet_diameter": 0.11335117056856188,
        "contact_angle": 24.137123745819395,
        "fiber_rotation": 2.4080267558528425
    },
    "mechanical_parameters": {
        "interface_friction": 0.0,
        "tI": 1,
        "tII,tIII": 1.3,
        "GI": 0.01,
        "GII,GIII": 0.15,
        "blade_friction": 0.8
    }
}
