{
    "geometrical_parameters": {
        "fiber_diameter": 0.022993311036789296,
        "blade_distance": 0.16020066889632106,
        "elliptical_fiber_ratio": 1.1555183946488294,
        "ratio_droplet_embedded_length": 1.4093645484949833,
        "droplet_diameter": 0.19101003344481604,
        "contact_angle": 24.911036789297658,
        "fiber_rotation": 90.0
    },
    "mechanical_parameters": {
        "interface_friction": 0.0,
        "GI": 0.0015,
        "GII,GIII": 0.3,
        "tI=tII=tIII": 1.3,
        "blade_friction": 0.6
    }
}
