{
    "geometrical_parameters": {
        "fiber_diameter": 0.014023411371237457,
        "blade_distance": 0.297324414715719,
        "elliptical_fiber_ratio": 1.37123745819398,
        "ratio_droplet_embedded_length": 1.36,
        "droplet_diameter": 0.162,
        "contact_angle": 25.7,
        "fiber_rotation": 45
    },
    "mechanical_parameters": {
        "interface_friction": 0.0,
        "GI": 0.0015,
        "GII,GIII": 0.1525752508361204,
        "blade_friction": 0.0,
        "tI=tII=tIII": 1.919732441471572
    }
}
