{
    "geometrical_parameters": {
        "fiber_diameter": 0.023909090909090908,
        "blade_distance": 0.32222222222222224,
        "elliptical_fiber_ratio": 1.893939393939394,
        "ratio_droplet_embedded_length": 1.189090909090909,
        "droplet_diameter": 0.11163636363636364,
        "contact_angle": 24.567676767676765,
        "fiber_rotation": 30.000000000000004
    },
    "mechanical_parameters": {
        "interface_friction": 0.0,
        "tI": 0.5,
        "tII,tIII": 1.3,
        "GI": 0.05,
        "GII,GIII": 0.1,
        "blade_friction": 0.6
    }
}
