{
    "geometrical_parameters": {
        "fiber_diameter": 0.01468561872909699,
        "blade_distance": 0.29899665551839466,
        "elliptical_fiber_ratio": 1.085284280936455,
        "ratio_droplet_embedded_length": 1.36,
        "droplet_diameter": 0.162,
        "contact_angle": 25.7,
        "fiber_rotation": 0
    },
    "mechanical_parameters": {
        "interface_friction": 0.0,
        "GI": 0.0015,
        "GII,GIII": 0.023110367892976588,
        "blade_friction": 0.0,
        "tI=tII=tIII": 0.9163879598662208
    }
}
