{
    "geometrical_parameters": {
        "fiber_diameter": 0.024377926421404683,
        "blade_distance": 0.14013377926421405,
        "elliptical_fiber_ratio": 1.120401337792642,
        "ratio_droplet_embedded_length": 1.36,
        "droplet_diameter": 0.162,
        "contact_angle": 25.7,
        "fiber_rotation": 45
    },
    "mechanical_parameters": {
        "interface_friction": 0.0,
        "GI": 0.0015,
        "GII,GIII": 0.11324414715719064,
        "blade_friction": 0.0,
        "tI=tII=tIII": 0.5652173913043478
    }
}
