{
    "geometrical_parameters": {
        "fiber_diameter": 0.024507014028056114,
        "elliptical_fiber_ratio": 1.0,
        "blade_distance": 0.3414829659318637,
        "ratio_droplet_embedded_length": 1.36,
        "droplet_diameter": 0.14859118236472946,
        "contact_angle": 25.7,
        "fiber_rotation": 0
    },
    "mechanical_parameters": {
        "interface_friction": 0.0,
        "GI": 0.0015,
        "GII,GIII": 0.45188376753507015,
        "blade_friction": 0.0,
        "tI=tII=tIII": 1.5851703406813626
    }
}
