{
    "geometrical_parameters": {
        "fiber_diameter": 0.021,
        "blade_distance": 0.15,
        "elliptical_fiber_ratio": 1.0,
        "ratio_droplet_embedded_length": 1.36,
        "droplet_diameter": 0.162,
        "contact_angle": 25.7,
        "fiber_rotation": 0
    },
    "mechanical_parameters": {
        "interface_friction": 0.5939799331103679,
        "tI": 1.2471571906354515,
        "tII,tIII": 0.5250836120401338,
        "GI": 0.052652173913043485,
        "GII,GIII": 0.32628762541806017,
        "blade_friction": 0.42006688963210703
    }
}
