{
    "geometrical_parameters": {
        "fiber_diameter": 0.016732441471571907,
        "blade_distance": 0.511371237458194,
        "elliptical_fiber_ratio": 1.6220735785953178,
        "ratio_droplet_embedded_length": 1.2359866220735785,
        "droplet_diameter": 0.13050836120401338,
        "contact_angle": 15.505016722408026,
        "fiber_rotation": 6.321070234113713
    },
    "mechanical_parameters": {
        "interface_friction": 0.0,
        "GI": 0.0015,
        "GII,GIII": 0.3,
        "tI=tII=tIII": 1.3,
        "blade_friction": 0.6
    }
}
