{
    "geometrical_parameters": {
        "fiber_diameter": 0.021187290969899665,
        "elliptical_fiber_ratio": 1.0,
        "blade_distance": 0.2454849498327759,
        "ratio_droplet_embedded_length": 1.36,
        "droplet_diameter": 0.19778260869565217,
        "contact_angle": 25.7,
        "fiber_rotation": 0
    },
    "mechanical_parameters": {
        "interface_friction": 0.0,
        "GI": 0.0015,
        "GII,GIII": 0.477056856187291,
        "blade_friction": 0.0,
        "tI=tII=tIII": 1.4080267558528428
    }
}
