{
    "geometrical_parameters": {
        "fiber_diameter": 0.01974247491638796,
        "blade_distance": 0.23043478260869563,
        "elliptical_fiber_ratio": 1.9531772575250836,
        "ratio_droplet_embedded_length": 1.36,
        "droplet_diameter": 0.162,
        "contact_angle": 25.7,
        "fiber_rotation": 45
    },
    "mechanical_parameters": {
        "interface_friction": 0.0,
        "GI": 0.0015,
        "GII,GIII": 0.14438127090301003,
        "blade_friction": 0.0,
        "tI=tII=tIII": 1.62876254180602
    }
}
