{
    "geometrical_parameters": {
        "fiber_diameter": 0.021,
        "blade_distance": 0.042,
        "elliptical_fiber_ratio": 1.0,
        "ratio_droplet_embedded_length": 1.36,
        "droplet_diameter": 0.162,
        "contact_angle": 25.7,
        "fiber_rotation": 0
    },
    "mechanical_parameters": {
        "interface_friction": 0.10167224080267559,
        "GI": 0.04139464882943143,
        "GII,GIII": 0.08046822742474917,
        "tI=tII=tIII": 1.0719063545150502,
        "blade_friction": 0.4548494983277592
    }
}
