{
    "geometrical_parameters": {
        "fiber_diameter": 0.024919732441471575,
        "blade_distance": 0.39096989966555185,
        "elliptical_fiber_ratio": 2.1237458193979935,
        "ratio_droplet_embedded_length": 1.36,
        "droplet_diameter": 0.162,
        "contact_angle": 25.7,
        "fiber_rotation": 45
    },
    "mechanical_parameters": {
        "interface_friction": 0.0,
        "GI": 0.0015,
        "GII,GIII": 0.10668896321070234,
        "blade_friction": 0.0,
        "tI=tII=tIII": 1.112040133779264
    }
}
