{
    "geometrical_parameters": {
        "fiber_diameter": 0.016272727272727272,
        "blade_distance": 0.11326351098241463,
        "elliptical_fiber_ratio": 2.97979797979798,
        "ratio_droplet_embedded_length": 1.3313131313131312,
        "droplet_diameter": 0.128,
        "contact_angle": 25.466666666666665,
        "fiber_rotation": 19.09090909090909
    },
    "mechanical_parameters": {
        "interface_friction": 0.0,
        "GI": 0.015,
        "GII,GIII": 0.3,
        "tI=tII=tIII": 1.3,
        "blade_friction": 0.6
    }
}
