{
    "geometrical_parameters": {
        "fiber_diameter": 0.015,
        "blade_distance_ratio_to_fiber_diameter": 2.7651515151515147,
        "elliptical_fiber_ratio": 1.202020202020202,
        "ratio_droplet_embedded_length": 1.341010101010101,
        "droplet_diameter": 0.10754545454545456,
        "contact_angle": 25.107070707070704,
        "fiber_rotation": 10.90909090909091
    },
    "mechanical_parameters": {
        "interface_friction": 0.0,
        "GI": 0.015,
        "GII,GIII": 0.3,
        "tI=tII=tIII": 1.3,
        "blade_friction": 0.6
    }
}
