{
    "geometrical_parameters": {
        "fiber_diameter": 0.0221505016722408,
        "blade_distance": 0.4812709030100334,
        "elliptical_fiber_ratio": 1.4214046822742474,
        "ratio_droplet_embedded_length": 1.36,
        "droplet_diameter": 0.162,
        "contact_angle": 25.7,
        "fiber_rotation": 45
    },
    "mechanical_parameters": {
        "interface_friction": 0.0,
        "GI": 0.0015,
        "GII,GIII": 0.013277591973244147,
        "blade_friction": 0.0,
        "tI=tII=tIII": 0.5903010033444817
    }
}
