{
    "geometrical_parameters": {
        "fiber_diameter": 0.021,
        "blade_distance": 0.15,
        "elliptical_fiber_ratio": 1.0,
        "ratio_droplet_embedded_length": 1.36,
        "droplet_diameter": 0.162,
        "contact_angle": 25.7,
        "fiber_rotation": 0
    },
    "mechanical_parameters": {
        "interface_friction": 0.22474916387959862,
        "tI": 1.2986622073578598,
        "tII,tIII": 1.62876254180602,
        "GI": 0.06126086956521739,
        "GII,GIII": 0.2509030100334448,
        "blade_friction": 0.47892976588628766
    }
}
