{
    "geometrical_parameters": {
        "fiber_diameter": 0.015308617234468937,
        "blade_distance": 0.5589178356713427,
        "elliptical_fiber_ratio": 1.6793587174348699,
        "ratio_droplet_embedded_length": 1.3786773547094189,
        "droplet_diameter": 0.14263927855711422,
        "contact_angle": 16.41803607214429,
        "fiber_rotation": 73.04609218436875
    },
    "mechanical_parameters": {
        "interface_friction": 0.0,
        "tI": 1,
        "tII,tIII": 1.3,
        "GI": 0.015,
        "GII,GIII": 0.1,
        "blade_friction": 0.6
    }
}
