{
    "geometrical_parameters": {
        "fiber_diameter": 0.016250836120401336,
        "blade_distance": 0.7086956521739132,
        "elliptical_fiber_ratio": 1.4682274247491638,
        "ratio_droplet_embedded_length": 1.2466889632107023,
        "droplet_diameter": 0.16798327759197323,
        "contact_angle": 18.00535117056856,
        "fiber_rotation": 62.608695652173914
    },
    "mechanical_parameters": {
        "interface_friction": 0.0,
        "GI": 0.0015,
        "GII,GIII": 0.3,
        "tI=tII=tIII": 1.3,
        "blade_friction": 0.6
    }
}
