{
    "geometrical_parameters": {
        "fiber_diameter": 0.021,
        "blade_distance": 0.15,
        "elliptical_fiber_ratio": 1.0,
        "ratio_droplet_embedded_length": 1.36,
        "droplet_diameter": 0.162,
        "contact_angle": 25.7,
        "fiber_rotation": 0
    },
    "mechanical_parameters": {
        "interface_friction": 0.14448160535117055,
        "tI": 1.382943143812709,
        "tII,tIII": 1.979933110367893,
        "GI": 0.010270903010033448,
        "GII,GIII": 0.4426421404682274,
        "blade_friction": 0.3317725752508361
    }
}
