{
    "geometrical_parameters": {
        "fiber_diameter": 0.0152876254180602,
        "blade_distance": 0.6595317725752509,
        "elliptical_fiber_ratio": 1.963210702341137,
        "ratio_droplet_embedded_length": 1.257391304347826,
        "droplet_diameter": 0.10657859531772576,
        "contact_angle": 30.745150501672235,
        "fiber_rotation": 61.70568561872909
    },
    "mechanical_parameters": {
        "interface_friction": 0.0,
        "GI": 0.0015,
        "GII,GIII": 0.3,
        "tI=tII=tIII": 1.3,
        "blade_friction": 0.6
    }
}
