{
    "geometrical_parameters": {
        "fiber_diameter": 0.030518394648829432,
        "blade_distance": 0.5916387959866221,
        "elliptical_fiber_ratio": 2.254180602006689,
        "ratio_droplet_embedded_length": 1.36,
        "droplet_diameter": 0.162,
        "contact_angle": 25.7,
        "fiber_rotation": 0
    },
    "mechanical_parameters": {
        "interface_friction": 0.0,
        "GI": 0.0015,
        "GII,GIII": 0.3967558528428094,
        "blade_friction": 0.0,
        "tI=tII=tIII": 1.8494983277591974
    }
}
