{
    "geometrical_parameters": {
        "fiber_diameter": 0.022949748743718593,
        "blade_distance": 0.4442211055276382,
        "elliptical_fiber_ratio": 1.1105527638190955,
        "ratio_droplet_embedded_length": 1.3738693467336682,
        "droplet_diameter": 0.13734673366834171,
        "contact_angle": 29.4321608040201,
        "fiber_rotation": 56.98492462311558
    },
    "mechanical_parameters": {
        "interface_friction": 0.0,
        "GI": 0.0015,
        "GII,GIII": 0.3,
        "tI=tII=tIII": 1.3,
        "blade_friction": 0.6
    }
}
