{
    "geometrical_parameters": {
        "fiber_diameter": 0.02580561122244489,
        "elliptical_fiber_ratio": 1.0,
        "blade_distance": 0.5108216432865731,
        "ratio_droplet_embedded_length": 1.36,
        "droplet_diameter": 0.19295991983967936,
        "contact_angle": 25.7,
        "fiber_rotation": 0
    },
    "mechanical_parameters": {
        "interface_friction": 0.0,
        "GI": 0.0015,
        "GII,GIII": 0.08953907815631262,
        "blade_friction": 0.0,
        "tI=tII=tIII": 0.9839679358717435
    }
}
