{
    "geometrical_parameters": {
        "fiber_diameter": 0.021,
        "blade_distance": 0.042,
        "elliptical_fiber_ratio": 1.0,
        "ratio_droplet_embedded_length": 1.36,
        "droplet_diameter": 0.162,
        "contact_angle": 25.7,
        "fiber_rotation": 0
    },
    "mechanical_parameters": {
        "interface_friction": 0.585953177257525,
        "GI": 0.053314381270903016,
        "GII,GIII": 0.026387959866220737,
        "tI=tII=tIII": 1.5384615384615385,
        "blade_friction": 0.06421404682274247
    }
}
