{
    "geometrical_parameters": {
        "fiber_diameter": 0.01817725752508361,
        "blade_distance": 0.5899665551839465,
        "elliptical_fiber_ratio": 2.0936454849498327,
        "ratio_droplet_embedded_length": 1.4393311036789296,
        "droplet_diameter": 0.12373578595317726,
        "contact_angle": 19.255518394648828,
        "fiber_rotation": 58.39464882943144
    },
    "mechanical_parameters": {
        "interface_friction": 0.0,
        "tI": 1,
        "tII,tIII": 1.3,
        "GI": 0.01,
        "GII,GIII": 0.15,
        "blade_friction": 0.8
    }
}
