{
    "geometrical_parameters": {
        "fiber_diameter": 0.014023411371237457,
        "blade_distance": 0.42107023411371236,
        "elliptical_fiber_ratio": 2.1337792642140467,
        "ratio_droplet_embedded_length": 1.4532441471571906,
        "droplet_diameter": 0.21313377926421406,
        "contact_angle": 17.529096989966554,
        "fiber_rotation": 21.973244147157192
    },
    "mechanical_parameters": {
        "interface_friction": 0.0,
        "GI": 0.0015,
        "GII,GIII": 0.3,
        "tI=tII=tIII": 1.3,
        "blade_friction": 0.6
    }
}
