{
    "geometrical_parameters": {
        "fiber_diameter": 0.014537688442211054,
        "blade_distance": 0.6522613065326635,
        "elliptical_fiber_ratio": 2.0753768844221105,
        "ratio_droplet_embedded_length": 1.4558793969849246,
        "droplet_diameter": 0.10681909547738694,
        "contact_angle": 30.594974874371857,
        "fiber_rotation": 4.07035175879397
    },
    "mechanical_parameters": {
        "interface_friction": 0.0,
        "GI": 0.0015,
        "GII,GIII": 0.3,
        "tI=tII=tIII": 1.3,
        "blade_friction": 0.6
    }
}
