{
    "geometrical_parameters": {
        "fiber_diameter": 0.021187290969899665,
        "blade_distance": 0.25217391304347825,
        "elliptical_fiber_ratio": 1.411371237458194,
        "ratio_droplet_embedded_length": 1.194247491638796,
        "droplet_diameter": 0.11064214046822743,
        "contact_angle": 26.45886287625418,
        "fiber_rotation": 74.94983277591973
    },
    "mechanical_parameters": {
        "interface_friction": 0.0,
        "GI": 0.0015,
        "GII,GIII": 0.3,
        "tI=tII=tIII": 1.3,
        "blade_friction": 0.6
    }
}
