{
    "geometrical_parameters": {
        "fiber_diameter": 0.015380761523046092,
        "elliptical_fiber_ratio": 1.0,
        "blade_distance": 0.16513026052104207,
        "ratio_droplet_embedded_length": 1.36,
        "droplet_diameter": 0.14750901803607214,
        "contact_angle": 25.7,
        "fiber_rotation": 0
    },
    "mechanical_parameters": {
        "interface_friction": 0.0,
        "GI": 0.0015,
        "GII,GIII": 0.19951903807615232,
        "blade_friction": 0.0,
        "tI=tII=tIII": 1.0891783567134268
    }
}
