{
    "geometrical_parameters": {
        "fiber_diameter": 0.021,
        "blade_distance": 0.15,
        "elliptical_fiber_ratio": 1.0,
        "ratio_droplet_embedded_length": 1.36,
        "droplet_diameter": 0.162,
        "contact_angle": 25.7,
        "fiber_rotation": 0
    },
    "mechanical_parameters": {
        "interface_friction": 0.3558528428093646,
        "tI": 0.23110367892976588,
        "tII,tIII": 1.5785953177257523,
        "GI": 0.05993645484949833,
        "GII,GIII": 0.24762541806020066,
        "blade_friction": 0.026755852842809364
    }
}
