{
    "geometrical_parameters": {
        "fiber_diameter": 0.021,
        "blade_distance": 0.042,
        "elliptical_fiber_ratio": 1.0,
        "ratio_droplet_embedded_length": 1.36,
        "droplet_diameter": 0.162,
        "contact_angle": 25.7,
        "fiber_rotation": 0
    },
    "mechanical_parameters": {
        "interface_friction": 0.4923076923076924,
        "GI": 0.02351505016722408,
        "GII,GIII": 0.06408026755852843,
        "tI=tII=tIII": 1.2173913043478262,
        "blade_friction": 0.032107023411371234
    }
}
