{
    "geometrical_parameters": {
        "fiber_diameter": 0.021,
        "blade_distance": 0.15,
        "elliptical_fiber_ratio": 1.0,
        "ratio_droplet_embedded_length": 1.36,
        "droplet_diameter": 0.162,
        "contact_angle": 25.7,
        "fiber_rotation": 0
    },
    "mechanical_parameters": {
        "interface_friction": 0.19799331103678933,
        "GI": 0.09205351170568563,
        "GII,GIII": 0.16732441471571904,
        "tI=tII=tIII": 1.0819397993311037,
        "blade_friction": 0.2889632107023411
    }
}
