{
    "geometrical_parameters": {
        "fiber_diameter": 0.01853846153846154,
        "blade_distance": 0.11003344481605351,
        "elliptical_fiber_ratio": 2.369565217391304,
        "ratio_droplet_embedded_length": 1.36,
        "droplet_diameter": 0.162,
        "contact_angle": 25.7,
        "fiber_rotation": 45
    },
    "mechanical_parameters": {
        "interface_friction": 0.0,
        "GI": 0.0015,
        "GII,GIII": 0.11979933110367891,
        "blade_friction": 0.0,
        "tI=tII=tIII": 0.5752508361204014
    }
}
