{
    "geometrical_parameters": {
        "fiber_diameter": 0.028772575250836124,
        "blade_distance": 0.5247491638795987,
        "elliptical_fiber_ratio": 1.7625418060200668,
        "ratio_droplet_embedded_length": 1.3708361204013377,
        "droplet_diameter": 0.21719732441471573,
        "contact_angle": 15.266889632107024,
        "fiber_rotation": 25.284280936454845
    },
    "mechanical_parameters": {
        "interface_friction": 0.0,
        "GI": 0.0015,
        "GII,GIII": 0.3,
        "tI=tII=tIII": 1.3,
        "blade_friction": 0.6
    }
}
