{
    "geometrical_parameters": {
        "fiber_diameter": 0.028763527054108222,
        "elliptical_fiber_ratio": 1.0,
        "blade_distance": 0.41963927855711425,
        "ratio_droplet_embedded_length": 1.36,
        "droplet_diameter": 0.1328997995991984,
        "contact_angle": 25.7,
        "fiber_rotation": 0
    },
    "mechanical_parameters": {
        "interface_friction": 0.0,
        "GI": 0.0015,
        "GII,GIII": 0.27316633266533064,
        "blade_friction": 0.0,
        "tI=tII=tIII": 0.8997995991983968
    }
}
