{
    "geometrical_parameters": {
        "fiber_diameter": 0.030636363636363642,
        "blade_distance": 0.10145190675991593,
        "elliptical_fiber_ratio": 2.6565656565656566,
        "ratio_droplet_embedded_length": 1.4735353535353535,
        "droplet_diameter": 0.18527272727272728,
        "contact_angle": 14.678787878787878,
        "fiber_rotation": 80.9090909090909
    },
    "mechanical_parameters": {
        "interface_friction": 0.0,
        "GI": 0.0015,
        "GII,GIII": 0.3,
        "tI=tII=tIII": 1.3,
        "blade_friction": 0.6
    }
}
