{
    "geometrical_parameters": {
        "fiber_diameter": 0.021,
        "blade_distance": 0.15,
        "elliptical_fiber_ratio": 1.0,
        "ratio_droplet_embedded_length": 1.36,
        "droplet_diameter": 0.162,
        "contact_angle": 25.7,
        "fiber_rotation": 0
    },
    "mechanical_parameters": {
        "interface_friction": 0.05886287625418061,
        "tI": 1.1441471571906354,
        "tII,tIII": 1.6688963210702341,
        "GI": 0.048016722408026756,
        "GII,GIII": 0.23451505016722407,
        "blade_friction": 0.17391304347826086
    }
}
