{
    "geometrical_parameters": {
        "fiber_diameter": 0.01815831663326653,
        "elliptical_fiber_ratio": 1.0,
        "blade_distance": 0.3024048096192385,
        "ratio_droplet_embedded_length": 1.36,
        "droplet_diameter": 0.14669739478957916,
        "contact_angle": 25.7,
        "fiber_rotation": 0
    },
    "mechanical_parameters": {
        "interface_friction": 0.0,
        "GI": 0.0015,
        "GII,GIII": 0.3949298597194389,
        "blade_friction": 0.0,
        "tI=tII=tIII": 1.0981963927855711
    }
}
