{
    "geometrical_parameters": {
        "fiber_diameter": 0.024470941883767534,
        "blade_distance": 0.26496993987975953,
        "elliptical_fiber_ratio": 2.442885771543086,
        "ratio_droplet_embedded_length": 1.2292585170340682,
        "droplet_diameter": 0.1772685370741483,
        "contact_angle": 15.0625250501002,
        "fiber_rotation": 55.190380761523045
    },
    "mechanical_parameters": {
        "interface_friction": 0.0,
        "tI": 1,
        "tII,tIII": 1.3,
        "GI": 0.01,
        "GII,GIII": 0.15,
        "blade_friction": 0.6
    }
}
