{
    "geometrical_parameters": {
        "fiber_diameter": 0.02518181818181818,
        "blade_distance": 0.02811229521851147,
        "elliptical_fiber_ratio": 2.7373737373737375,
        "ratio_droplet_embedded_length": 1.4250505050505051,
        "droplet_diameter": 0.15936363636363637,
        "contact_angle": 29.42222222222222,
        "fiber_rotation": 81.81818181818181
    },
    "mechanical_parameters": {
        "interface_friction": 0.0,
        "GI": 0.015,
        "GII,GIII": 0.3,
        "tI=tII=tIII": 1.3,
        "blade_friction": 0.6
    }
}
