{
    "geometrical_parameters": {
        "fiber_diameter": 0.013782608695652173,
        "blade_distance": 0.12842809364548496,
        "elliptical_fiber_ratio": 2.2742474916387962,
        "ratio_droplet_embedded_length": 1.3472909698996656,
        "droplet_diameter": 0.1661772575250836,
        "contact_angle": 26.518394648829428,
        "fiber_rotation": 18.662207357859533
    },
    "mechanical_parameters": {
        "interface_friction": 0.0,
        "tI": 1,
        "tII,tIII": 1.3,
        "GI": 0.01,
        "GII,GIII": 0.15,
        "blade_friction": 0.8
    }
}
