{
    "geometrical_parameters": {
        "fiber_diameter": 0.025934673366834173,
        "blade_distance": 0.2391959798994975,
        "elliptical_fiber_ratio": 2.477386934673367,
        "ratio_droplet_embedded_length": 1.16964824120603,
        "droplet_diameter": 0.1115678391959799,
        "contact_angle": 16.730653266331657,
        "fiber_rotation": 37.98994974874372
    },
    "mechanical_parameters": {
        "interface_friction": 0.0,
        "GI": 0.0015,
        "GII,GIII": 0.3,
        "tI=tII=tIII": 1.3,
        "blade_friction": 0.6
    }
}
