{
    "geometrical_parameters": {
        "fiber_diameter": 0.02714715719063545,
        "blade_distance": 0.6548494983277592,
        "elliptical_fiber_ratio": 2.5384615384615383,
        "ratio_droplet_embedded_length": 1.240267558528428,
        "droplet_diameter": 0.14134448160535118,
        "contact_angle": 21.57725752508361,
        "fiber_rotation": 12.341137123745822
    },
    "mechanical_parameters": {
        "interface_friction": 0.0,
        "GI": 0.0015,
        "GII,GIII": 0.3,
        "tI=tII=tIII": 1.3,
        "blade_friction": 0.6
    }
}
