{
    "geometrical_parameters": {
        "fiber_diameter": 0.021,
        "blade_distance": 0.15,
        "elliptical_fiber_ratio": 1.0,
        "ratio_droplet_embedded_length": 1.36,
        "droplet_diameter": 0.162,
        "contact_angle": 25.7,
        "fiber_rotation": 0
    },
    "mechanical_parameters": {
        "interface_friction": 0.676923076923077,
        "GI": 0.0582809364548495,
        "GII,GIII": 0.16568561872909698,
        "tI=tII=tIII": 0.6053511705685619,
        "blade_friction": 0.48963210702341137
    }
}
