{
    "geometrical_parameters": {
        "fiber_diameter": 0.01806532663316583,
        "blade_distance": 0.5105527638190955,
        "elliptical_fiber_ratio": 1.7738693467336684,
        "ratio_droplet_embedded_length": 1.3835175879396984,
        "droplet_diameter": 0.1827989949748744,
        "contact_angle": 30.23718592964824,
        "fiber_rotation": 33.015075376884425
    },
    "mechanical_parameters": {
        "interface_friction": 0.0,
        "GI": 0.0015,
        "GII,GIII": 0.3,
        "tI=tII=tIII": 1.3,
        "blade_friction": 0.6
    }
}
