{
    "geometrical_parameters": {
        "fiber_diameter": 0.01844689378757515,
        "blade_distance": 0.21334669338677353,
        "elliptical_fiber_ratio": 1.3066132264529058,
        "ratio_droplet_embedded_length": 1.3684168336673346,
        "droplet_diameter": 0.22840080160320642,
        "contact_angle": 29.010020040080157,
        "fiber_rotation": 24.168336673346694
    },
    "mechanical_parameters": {
        "interface_friction": 0.0,
        "tI": 1,
        "tII,tIII": 1.3,
        "GI": 0.01,
        "GII,GIII": 0.15,
        "blade_friction": 0.6
    }
}
