{
    "geometrical_parameters": {
        "fiber_diameter": 0.021,
        "blade_distance": 0.15,
        "elliptical_fiber_ratio": 1.0,
        "ratio_droplet_embedded_length": 1.36,
        "droplet_diameter": 0.162,
        "contact_angle": 25.7,
        "fiber_rotation": 0
    },
    "mechanical_parameters": {
        "interface_friction": 0.29698996655518395,
        "tI": 0.605685618729097,
        "tII,tIII": 1.648829431438127,
        "GI": 0.0768227424749164,
        "GII,GIII": 0.11816053511705685,
        "blade_friction": 0.7438127090301003
    }
}
