{
    "geometrical_parameters": {
        "fiber_diameter": 0.021,
        "blade_distance": 0.15,
        "elliptical_fiber_ratio": 1.0,
        "ratio_droplet_embedded_length": 1.36,
        "droplet_diameter": 0.162,
        "contact_angle": 25.7,
        "fiber_rotation": 0
    },
    "mechanical_parameters": {
        "interface_friction": 0.7411371237458194,
        "GI": 0.00828428093645485,
        "GII,GIII": 0.3279264214046823,
        "tI=tII=tIII": 1.0869565217391304,
        "blade_friction": 0.1525083612040134
    }
}
