{
    "geometrical_parameters": {
        "fiber_diameter": 0.023460921843687376,
        "elliptical_fiber_ratio": 1.0,
        "blade_distance": 0.257314629258517,
        "ratio_droplet_embedded_length": 1.36,
        "droplet_diameter": 0.17321042084168337,
        "contact_angle": 25.7,
        "fiber_rotation": 0
    },
    "mechanical_parameters": {
        "interface_friction": 0.0,
        "GI": 0.0015,
        "GII,GIII": 0.2230861723446894,
        "blade_friction": 0.0,
        "tI=tII=tIII": 0.902805611222445
    }
}
