{
    "geometrical_parameters": {
        "fiber_diameter": 0.021,
        "blade_distance": 0.15,
        "elliptical_fiber_ratio": 1.0,
        "ratio_droplet_embedded_length": 1.36,
        "droplet_diameter": 0.162,
        "contact_angle": 25.7,
        "fiber_rotation": 0
    },
    "mechanical_parameters": {
        "interface_friction": 0.1551839464882943,
        "GI": 0.03675919732441471,
        "GII,GIII": 0.4672240802675585,
        "tI=tII=tIII": 1.653846153846154,
        "blade_friction": 0.7277591973244147
    }
}
