{
    "geometrical_parameters": {
        "fiber_diameter": 0.02009090909090909,
        "blade_distance": 0.12381211896264419,
        "elliptical_fiber_ratio": 1.8686868686868687,
        "ratio_droplet_embedded_length": 1.3571717171717173,
        "droplet_diameter": 0.12663636363636363,
        "contact_angle": 15.397979797979797,
        "fiber_rotation": 36.36363636363637
    },
    "mechanical_parameters": {
        "interface_friction": 0.0,
        "GI": 0.0015,
        "GII,GIII": 0.3,
        "tI=tII=tIII": 1.3,
        "blade_friction": 0.6
    }
}
