{
    "geometrical_parameters": {
        "fiber_diameter": 0.021,
        "blade_distance": 0.15,
        "elliptical_fiber_ratio": 1.0,
        "ratio_droplet_embedded_length": 1.36,
        "droplet_diameter": 0.162,
        "contact_angle": 25.7,
        "fiber_rotation": 0
    },
    "mechanical_parameters": {
        "interface_friction": 0.5806020066889633,
        "tI": 1.27056856187291,
        "tII,tIII": 1.5434782608695652,
        "GI": 0.04867892976588629,
        "GII,GIII": 0.4623076923076923,
        "blade_friction": 0.08026755852842811
    }
}
