{
    "geometrical_parameters": {
        "fiber_diameter": 0.025363636363636366,
        "blade_distance": 0.11973975254183372,
        "elliptical_fiber_ratio": 1.0808080808080809,
        "ratio_droplet_embedded_length": 1.2375757575757576,
        "droplet_diameter": 0.21390909090909094,
        "contact_angle": 18.993939393939392,
        "fiber_rotation": 71.81818181818183
    },
    "mechanical_parameters": {
        "interface_friction": 0.0,
        "GI": 0.0015,
        "GII,GIII": 0.3,
        "tI=tII=tIII": 1.3,
        "blade_friction": 0.6
    }
}
