{
    "geometrical_parameters": {
        "fiber_diameter": 0.015561122244488978,
        "blade_distance": 0.3962725450901804,
        "elliptical_fiber_ratio": 2.1272545090180364,
        "ratio_droplet_embedded_length": 1.317755511022044,
        "droplet_diameter": 0.17293987975951905,
        "contact_angle": 13.956713426853707,
        "fiber_rotation": 34.08817635270541
    },
    "mechanical_parameters": {
        "interface_friction": 0.0,
        "tI": 1,
        "tII,tIII": 1.3,
        "GI": 0.01,
        "GII,GIII": 0.15,
        "blade_friction": 0.6
    }
}
