{
    "geometrical_parameters": {
        "fiber_diameter": 0.017635451505016723,
        "blade_distance": 0.5297658862876254,
        "elliptical_fiber_ratio": 1.983277591973244,
        "ratio_droplet_embedded_length": 1.4179264214046823,
        "droplet_diameter": 0.12509030100334448,
        "contact_angle": 27.887625418060196,
        "fiber_rotation": 69.53177257525083
    },
    "mechanical_parameters": {
        "interface_friction": 0.0,
        "GI": 0.0015,
        "GII,GIII": 0.3,
        "tI=tII=tIII": 1.3,
        "blade_friction": 0.6
    }
}
