{
    "geometrical_parameters": {
        "fiber_diameter": 0.02291983967935872,
        "blade_distance": 0.5174749498997996,
        "elliptical_fiber_ratio": 1.3366733466933867,
        "ratio_droplet_embedded_length": 1.3267334669338677,
        "droplet_diameter": 0.13235871743486974,
        "contact_angle": 18.52264529058116,
        "fiber_rotation": 2.885771543086172
    },
    "mechanical_parameters": {
        "interface_friction": 0.0,
        "tI": 1,
        "tII,tIII": 1.3,
        "GI": 0.01,
        "GII,GIII": 0.15,
        "blade_friction": 0.6
    }
}
