{
    "geometrical_parameters": {
        "fiber_diameter": 0.024290581162324652,
        "elliptical_fiber_ratio": 1.0,
        "blade_distance": 0.2783567134268537,
        "ratio_droplet_embedded_length": 1.36,
        "droplet_diameter": 0.11071543086172345,
        "contact_angle": 25.7,
        "fiber_rotation": 0
    },
    "mechanical_parameters": {
        "interface_friction": 0.0,
        "GI": 0.0015,
        "GII,GIII": 0.19264529058116234,
        "blade_friction": 0.0,
        "tI=tII=tIII": 1.5731462925851702
    }
}
