{
    "geometrical_parameters": {
        "fiber_diameter": 0.020430861723446894,
        "blade_distance": 0.25531062124248494,
        "elliptical_fiber_ratio": 2.2895791583166334,
        "ratio_droplet_embedded_length": 1.3017234468937875,
        "droplet_diameter": 0.156436873747495,
        "contact_angle": 21.090981963927852,
        "fiber_rotation": 24.34869739478958
    },
    "mechanical_parameters": {
        "interface_friction": 0.0,
        "tI": 1,
        "tII,tIII": 1.3,
        "GI": 0.015,
        "GII,GIII": 0.1,
        "blade_friction": 0.6
    }
}
