{
    "geometrical_parameters": {
        "fiber_diameter": 0.021,
        "blade_distance": 0.15,
        "elliptical_fiber_ratio": 1.0,
        "ratio_droplet_embedded_length": 1.36,
        "droplet_diameter": 0.162,
        "contact_angle": 25.7,
        "fiber_rotation": 0
    },
    "mechanical_parameters": {
        "interface_friction": 0.44414715719063547,
        "tI": 0.4277591973244147,
        "tII,tIII": 1.0418060200668897,
        "GI": 0.053314381270903016,
        "GII,GIII": 0.3754515050167224,
        "blade_friction": 0.13377926421404684
    }
}
