{
    "geometrical_parameters": {
        "fiber_diameter": 0.01920066889632107,
        "blade_distance": 0.257190635451505,
        "elliptical_fiber_ratio": 2.374581939799331,
        "ratio_droplet_embedded_length": 1.36,
        "droplet_diameter": 0.162,
        "contact_angle": 25.7,
        "fiber_rotation": 45
    },
    "mechanical_parameters": {
        "interface_friction": 0.0,
        "GI": 0.0015,
        "GII,GIII": 0.4885284280936455,
        "blade_friction": 0.0,
        "tI=tII=tIII": 1.9698996655518395
    }
}
