{
    "geometrical_parameters": {
        "fiber_diameter": 0.016852842809364547,
        "blade_distance": 0.559866220735786,
        "elliptical_fiber_ratio": 1.3210702341137124,
        "ratio_droplet_embedded_length": 1.4564548494983276,
        "droplet_diameter": 0.1706923076923077,
        "contact_angle": 30.685618729096987,
        "fiber_rotation": 23.47826086956521
    },
    "mechanical_parameters": {
        "interface_friction": 0.0,
        "tI": 1,
        "tII,tIII": 1.3,
        "GI": 0.01,
        "GII,GIII": 0.15,
        "blade_friction": 0.8
    }
}
