{
    "geometrical_parameters": {
        "fiber_diameter": 0.021,
        "blade_distance": 0.15,
        "elliptical_fiber_ratio": 1.0,
        "ratio_droplet_embedded_length": 1.36,
        "droplet_diameter": 0.162,
        "contact_angle": 25.7,
        "fiber_rotation": 0
    },
    "mechanical_parameters": {
        "interface_friction": 0.6635451505016722,
        "tI": 1.265886287625418,
        "tII,tIII": 1.1270903010033444,
        "GI": 0.00927759197324415,
        "GII,GIII": 0.014916387959866221,
        "blade_friction": 0.5993311036789298
    }
}
