{
    "geometrical_parameters": {
        "fiber_diameter": 0.027789579158316632,
        "blade_distance": 0.22120240480961925,
        "elliptical_fiber_ratio": 2.1993987975951903,
        "ratio_droplet_embedded_length": 1.4543486973947894,
        "droplet_diameter": 0.19593587174348698,
        "contact_angle": 29.11703406813627,
        "fiber_rotation": 44.90981963927856
    },
    "mechanical_parameters": {
        "interface_friction": 0.0,
        "tI": 1,
        "tII,tIII": 1.3,
        "GI": 0.01,
        "GII,GIII": 0.15,
        "blade_friction": 0.6
    }
}
