{
    "geometrical_parameters": {
        "fiber_diameter": 0.017274247491638795,
        "blade_distance": 0.451170568561873,
        "elliptical_fiber_ratio": 1.752508361204013,
        "ratio_droplet_embedded_length": 1.36,
        "droplet_diameter": 0.162,
        "contact_angle": 25.7,
        "fiber_rotation": 0
    },
    "mechanical_parameters": {
        "interface_friction": 0.0,
        "GI": 0.0015,
        "GII,GIII": 0.055886287625418064,
        "blade_friction": 0.0,
        "tI=tII=tIII": 1.6638795986622072
    }
}
