{
    "geometrical_parameters": {
        "fiber_diameter": 0.029916387959866217,
        "blade_distance": 0.3491638795986622,
        "elliptical_fiber_ratio": 2.4648829431438126,
        "ratio_droplet_embedded_length": 1.36,
        "droplet_diameter": 0.162,
        "contact_angle": 25.7,
        "fiber_rotation": 45
    },
    "mechanical_parameters": {
        "interface_friction": 0.0,
        "GI": 0.0015,
        "GII,GIII": 0.19846153846153847,
        "blade_friction": 0.0,
        "tI=tII=tIII": 1.4230769230769234
    }
}
