{
    "geometrical_parameters": {
        "fiber_diameter": 0.025372745490981966,
        "blade_distance": 0.4849298597194389,
        "elliptical_fiber_ratio": 2.3587174348697397,
        "ratio_droplet_embedded_length": 1.3369939879759518,
        "droplet_diameter": 0.20838076152304608,
        "contact_angle": 27.54749498997996,
        "fiber_rotation": 14.609218436873748
    },
    "mechanical_parameters": {
        "interface_friction": 0.0,
        "tI": 1,
        "tII,tIII": 1.3,
        "GI": 0.01,
        "GII,GIII": 0.15,
        "blade_friction": 0.6
    }
}
