{
    "geometrical_parameters": {
        "fiber_diameter": 0.021,
        "blade_distance": 0.15,
        "elliptical_fiber_ratio": 1.0,
        "ratio_droplet_embedded_length": 1.36,
        "droplet_diameter": 0.162,
        "contact_angle": 25.7,
        "fiber_rotation": 0
    },
    "mechanical_parameters": {
        "interface_friction": 0.037458193979933115,
        "GI": 0.05993645484949833,
        "GII,GIII": 0.3623411371237458,
        "tI=tII=tIII": 1.6237458193979935,
        "blade_friction": 0.3237458193979933
    }
}
