{
    "geometrical_parameters": {
        "fiber_diameter": 0.02973578595317726,
        "blade_distance": 0.3290969899665552,
        "elliptical_fiber_ratio": 1.6270903010033444,
        "ratio_droplet_embedded_length": 1.36,
        "droplet_diameter": 0.162,
        "contact_angle": 25.7,
        "fiber_rotation": 0
    },
    "mechanical_parameters": {
        "interface_friction": 0.0,
        "GI": 0.0015,
        "GII,GIII": 0.013277591973244147,
        "blade_friction": 0.0,
        "tI=tII=tIII": 0.8612040133779264
    }
}
