{
    "geometrical_parameters": {
        "fiber_diameter": 0.017093645484949835,
        "blade_distance": 0.4043478260869565,
        "elliptical_fiber_ratio": 1.4264214046822743,
        "ratio_droplet_embedded_length": 1.36,
        "droplet_diameter": 0.162,
        "contact_angle": 25.7,
        "fiber_rotation": 45
    },
    "mechanical_parameters": {
        "interface_friction": 0.0,
        "GI": 0.0015,
        "GII,GIII": 0.26892976588628764,
        "blade_friction": 0.0,
        "tI=tII=tIII": 1.3979933110367893
    }
}
