{
    "geometrical_parameters": {
        "fiber_diameter": 0.02014572864321608,
        "blade_distance": 0.3748743718592965,
        "elliptical_fiber_ratio": 1.3015075376884422,
        "ratio_droplet_embedded_length": 1.230753768844221,
        "droplet_diameter": 0.12920603015075377,
        "contact_angle": 23.349748743718592,
        "fiber_rotation": 23.517587939698494
    },
    "mechanical_parameters": {
        "interface_friction": 0.0,
        "GI": 0.0015,
        "GII,GIII": 0.3,
        "tI=tII=tIII": 1.3,
        "blade_friction": 0.6
    }
}
