{
    "geometrical_parameters": {
        "fiber_diameter": 0.02378557114228457,
        "blade_distance": 0.162124248496994,
        "elliptical_fiber_ratio": 1.282565130260521,
        "ratio_droplet_embedded_length": 1.2331062124248495,
        "droplet_diameter": 0.1810561122244489,
        "contact_angle": 15.56192384769539,
        "fiber_rotation": 71.96392785571143
    },
    "mechanical_parameters": {
        "interface_friction": 0.0,
        "tI": 1,
        "tII,tIII": 1.3,
        "GI": 0.015,
        "GII,GIII": 0.1,
        "blade_friction": 0.6
    }
}
