{
    "geometrical_parameters": {
        "fiber_diameter": 0.027363636363636364,
        "blade_distance": 0.4131313131313131,
        "elliptical_fiber_ratio": 1.2272727272727273,
        "ratio_droplet_embedded_length": 1.4638383838383837,
        "droplet_diameter": 0.14572727272727273,
        "contact_angle": 24.028282828282826,
        "fiber_rotation": 3.6363636363636367
    },
    "mechanical_parameters": {
        "interface_friction": 0.0,
        "tI": 0.2,
        "tII,tIII": 1.3,
        "GI": 0.1,
        "GII,GIII": 0.15,
        "blade_friction": 0.6
    }
}
