{
    "geometrical_parameters": {
        "fiber_diameter": 0.024182364729458918,
        "elliptical_fiber_ratio": 1.0,
        "blade_distance": 0.3344689378757515,
        "ratio_droplet_embedded_length": 1.36,
        "droplet_diameter": 0.18700801603206413,
        "contact_angle": 25.7,
        "fiber_rotation": 0
    },
    "mechanical_parameters": {
        "interface_friction": 0.0,
        "GI": 0.0015,
        "GII,GIII": 0.0964128256513026,
        "blade_friction": 0.0,
        "tI=tII=tIII": 1.9248496993987976
    }
}
