{
    "geometrical_parameters": {
        "fiber_diameter": 0.025401337792642142,
        "blade_distance": 0.21705685618729098,
        "elliptical_fiber_ratio": 2.4180602006688963,
        "ratio_droplet_embedded_length": 1.3290969899665552,
        "droplet_diameter": 0.13005685618729096,
        "contact_angle": 16.39799331103679,
        "fiber_rotation": 88.49498327759197
    },
    "mechanical_parameters": {
        "interface_friction": 0.0,
        "GI": 0.0015,
        "GII,GIII": 0.3,
        "tI=tII=tIII": 1.3,
        "blade_friction": 0.6
    }
}
