{
    "geometrical_parameters": {
        "fiber_diameter": 0.015709030100334448,
        "blade_distance": 0.5698996655518395,
        "elliptical_fiber_ratio": 2.379598662207358,
        "ratio_droplet_embedded_length": 1.36,
        "droplet_diameter": 0.162,
        "contact_angle": 25.7,
        "fiber_rotation": 0
    },
    "mechanical_parameters": {
        "interface_friction": 0.0,
        "GI": 0.0015,
        "GII,GIII": 0.188628762541806,
        "blade_friction": 0.0,
        "tI=tII=tIII": 1.6889632107023411
    }
}
