{
    "geometrical_parameters": {
        "fiber_diameter": 0.01715384615384615,
        "blade_distance": 0.5331103678929766,
        "elliptical_fiber_ratio": 1.807692307692308,
        "ratio_droplet_embedded_length": 1.36,
        "droplet_diameter": 0.162,
        "contact_angle": 25.7,
        "fiber_rotation": 45
    },
    "mechanical_parameters": {
        "interface_friction": 0.0,
        "GI": 0.0015,
        "GII,GIII": 0.34595317725752506,
        "blade_friction": 0.0,
        "tI=tII=tIII": 0.9765886287625418
    }
}
