{
    "geometrical_parameters": {
        "fiber_diameter": 0.015909090909090907,
        "blade_distance": 0.09049394486774227,
        "elliptical_fiber_ratio": 2.0505050505050506,
        "ratio_droplet_embedded_length": 1.2925252525252524,
        "droplet_diameter": 0.18527272727272728,
        "contact_angle": 16.296969696969697,
        "fiber_rotation": 27.272727272727273
    },
    "mechanical_parameters": {
        "interface_friction": 0.0,
        "GI": 0.015,
        "GII,GIII": 0.3,
        "tI=tII=tIII": 1.3,
        "blade_friction": 0.6
    }
}
