{
    "geometrical_parameters": {
        "fiber_diameter": 0.01880761523046092,
        "blade_distance": 0.41262525050100196,
        "elliptical_fiber_ratio": 1.808617234468938,
        "ratio_droplet_embedded_length": 1.2741482965931863,
        "droplet_diameter": 0.1845731462925852,
        "contact_angle": 21.947094188376752,
        "fiber_rotation": 83.14629258517034
    },
    "mechanical_parameters": {
        "interface_friction": 0.0,
        "tI": 1,
        "tII,tIII": 1.3,
        "GI": 0.015,
        "GII,GIII": 0.1,
        "blade_friction": 0.6
    }
}
