{
    "geometrical_parameters": {
        "fiber_diameter": 0.017093645484949835,
        "blade_distance": 0.3525083612040134,
        "elliptical_fiber_ratio": 1.8478260869565217,
        "ratio_droplet_embedded_length": 1.36,
        "droplet_diameter": 0.162,
        "contact_angle": 25.7,
        "fiber_rotation": 45
    },
    "mechanical_parameters": {
        "interface_friction": 0.0,
        "GI": 0.0015,
        "GII,GIII": 0.16732441471571904,
        "blade_friction": 0.0,
        "tI=tII=tIII": 1.6989966555183946
    }
}
