{
    "geometrical_parameters": {
        "fiber_diameter": 0.02590909090909091,
        "blade_distance": 0.07691863400017412,
        "elliptical_fiber_ratio": 2.6969696969696972,
        "ratio_droplet_embedded_length": 1.3927272727272726,
        "droplet_diameter": 0.11163636363636364,
        "contact_angle": 26.0060606060606,
        "fiber_rotation": 2.727272727272727
    },
    "mechanical_parameters": {
        "interface_friction": 0.0,
        "GI": 0.015,
        "GII,GIII": 0.3,
        "tI=tII=tIII": 1.3,
        "blade_friction": 0.6
    }
}
