{
    "geometrical_parameters": {
        "fiber_diameter": 0.013060200668896321,
        "blade_distance": 0.24046822742474916,
        "elliptical_fiber_ratio": 2.439799331103679,
        "ratio_droplet_embedded_length": 1.300200668896321,
        "droplet_diameter": 0.15624414715719065,
        "contact_angle": 18.600668896321068,
        "fiber_rotation": 27.993311036789294
    },
    "mechanical_parameters": {
        "interface_friction": 0.0,
        "tI": 1,
        "tII,tIII": 1.3,
        "GI": 0.01,
        "GII,GIII": 0.15,
        "blade_friction": 0.8
    }
}
