{
    "geometrical_parameters": {
        "fiber_diameter": 0.01985370741482966,
        "elliptical_fiber_ratio": 1.0,
        "blade_distance": 0.505811623246493,
        "ratio_droplet_embedded_length": 1.36,
        "droplet_diameter": 0.19160721442885773,
        "contact_angle": 25.7,
        "fiber_rotation": 0
    },
    "mechanical_parameters": {
        "interface_friction": 0.0,
        "GI": 0.0015,
        "GII,GIII": 0.41456913827655306,
        "blade_friction": 0.0,
        "tI=tII=tIII": 1.7865731462925851
    }
}
