{
    "geometrical_parameters": {
        "fiber_diameter": 0.021,
        "blade_distance": 0.15,
        "elliptical_fiber_ratio": 1.0,
        "ratio_droplet_embedded_length": 1.36,
        "droplet_diameter": 0.162,
        "contact_angle": 25.7,
        "fiber_rotation": 0
    },
    "mechanical_parameters": {
        "interface_friction": 0.37190635451505016,
        "tI": 0.708695652173913,
        "tII,tIII": 0.6103678929765887,
        "GI": 0.08443812709030102,
        "GII,GIII": 0.20993311036789297,
        "blade_friction": 0.1899665551839465
    }
}
