{
    "geometrical_parameters": {
        "fiber_diameter": 0.021,
        "blade_distance": 0.15,
        "elliptical_fiber_ratio": 1.0,
        "ratio_droplet_embedded_length": 1.36,
        "droplet_diameter": 0.162,
        "contact_angle": 25.7,
        "fiber_rotation": 0
    },
    "mechanical_parameters": {
        "interface_friction": 0.2274247491638796,
        "GI": 0.09304682274247493,
        "GII,GIII": 0.11816053511705685,
        "tI=tII=tIII": 0.6454849498327759,
        "blade_friction": 0.2622073578595318
    }
}
