{
    "geometrical_parameters": {
        "fiber_diameter": 0.014085427135678391,
        "blade_distance": 0.5979899497487438,
        "elliptical_fiber_ratio": 2.758793969849246,
        "ratio_droplet_embedded_length": 1.3658291457286431,
        "droplet_diameter": 0.21468341708542715,
        "contact_angle": 18.96683417085427,
        "fiber_rotation": 51.55778894472362
    },
    "mechanical_parameters": {
        "interface_friction": 0.0,
        "GI": 0.0015,
        "GII,GIII": 0.3,
        "tI=tII=tIII": 1.3,
        "blade_friction": 0.6
    }
}
