{
    "geometrical_parameters": {
        "fiber_diameter": 0.027284569138276555,
        "elliptical_fiber_ratio": 1.0,
        "blade_distance": 0.28937875751503006,
        "ratio_droplet_embedded_length": 1.36,
        "droplet_diameter": 0.12505410821643287,
        "contact_angle": 25.7,
        "fiber_rotation": 0
    },
    "mechanical_parameters": {
        "interface_friction": 0.0,
        "GI": 0.0015,
        "GII,GIII": 0.42733466933867736,
        "blade_friction": 0.0,
        "tI=tII=tIII": 0.5450901803607214
    }
}
