{
    "geometrical_parameters": {
        "fiber_diameter": 0.029052104208416835,
        "blade_distance": 0.5118236472945892,
        "elliptical_fiber_ratio": 1.0541082164328657,
        "ratio_droplet_embedded_length": 1.3972745490981964,
        "droplet_diameter": 0.20513426853707417,
        "contact_angle": 20.234869739478956,
        "fiber_rotation": 2.3446893787575154
    },
    "mechanical_parameters": {
        "interface_friction": 0.0,
        "tI": 1,
        "tII,tIII": 1.3,
        "GI": 0.015,
        "GII,GIII": 0.1,
        "blade_friction": 0.6
    }
}
