{
    "geometrical_parameters": {
        "fiber_diameter": 0.029675585284280936,
        "blade_distance": 0.20200668896321072,
        "elliptical_fiber_ratio": 1.8829431438127089,
        "ratio_droplet_embedded_length": 1.36,
        "droplet_diameter": 0.162,
        "contact_angle": 25.7,
        "fiber_rotation": 45
    },
    "mechanical_parameters": {
        "interface_friction": 0.0,
        "GI": 0.0015,
        "GII,GIII": 0.20993311036789297,
        "blade_friction": 0.0,
        "tI=tII=tIII": 1.5535117056856187
    }
}
