{
    "geometrical_parameters": {
        "fiber_diameter": 0.017545454545454545,
        "blade_distance": 0.07800313512002319,
        "elliptical_fiber_ratio": 2.0505050505050506,
        "ratio_droplet_embedded_length": 1.3442424242424242,
        "droplet_diameter": 0.1839090909090909,
        "contact_angle": 16.476767676767675,
        "fiber_rotation": 45.45454545454545
    },
    "mechanical_parameters": {
        "interface_friction": 0.0,
        "GI": 0.0015,
        "GII,GIII": 0.3,
        "tI=tII=tIII": 1.3,
        "blade_friction": 0.6
    }
}
