{
    "geometrical_parameters": {
        "fiber_diameter": 0.024110220440881763,
        "blade_distance": 0.23691382765531063,
        "elliptical_fiber_ratio": 1.7725450901803608,
        "ratio_droplet_embedded_length": 1.386372745490982,
        "droplet_diameter": 0.18538476953907818,
        "contact_angle": 17.274148296593186,
        "fiber_rotation": 37.33466933867735
    },
    "mechanical_parameters": {
        "interface_friction": 0.0,
        "tI": 1,
        "tII,tIII": 1.3,
        "GI": 0.01,
        "GII,GIII": 0.15,
        "blade_friction": 0.6
    }
}
