{
    "geometrical_parameters": {
        "fiber_diameter": 0.01920440881763527,
        "blade_distance": 0.3525050100200401,
        "elliptical_fiber_ratio": 2.1693386773547094,
        "ratio_droplet_embedded_length": 1.4229258517034067,
        "droplet_diameter": 0.15048496993987975,
        "contact_angle": 27.3691382765531,
        "fiber_rotation": 74.6693386773547
    },
    "mechanical_parameters": {
        "interface_friction": 0.0,
        "tI": 1,
        "tII,tIII": 1.3,
        "GI": 0.01,
        "GII,GIII": 0.15,
        "blade_friction": 0.6
    }
}
