{
    "geometrical_parameters": {
        "fiber_diameter": 0.015769230769230768,
        "blade_distance": 0.13344481605351172,
        "elliptical_fiber_ratio": 1.351170568561873,
        "ratio_droplet_embedded_length": 1.36,
        "droplet_diameter": 0.162,
        "contact_angle": 25.7,
        "fiber_rotation": 0
    },
    "mechanical_parameters": {
        "interface_friction": 0.0,
        "GI": 0.0015,
        "GII,GIII": 0.3541471571906355,
        "blade_friction": 0.0,
        "tI=tII=tIII": 1.2123745819397993
    }
}
