{
    "geometrical_parameters": {
        "fiber_diameter": 0.023582914572864322,
        "blade_distance": 0.3175879396984925,
        "elliptical_fiber_ratio": 1.763819095477387,
        "ratio_droplet_embedded_length": 1.3079396984924623,
        "droplet_diameter": 0.10342713567839196,
        "contact_angle": 23.5286432160804,
        "fiber_rotation": 38.44221105527638
    },
    "mechanical_parameters": {
        "interface_friction": 0.0,
        "GI": 0.0015,
        "GII,GIII": 0.3,
        "tI=tII=tIII": 1.3,
        "blade_friction": 0.6
    }
}
