{
    "geometrical_parameters": {
        "fiber_diameter": 0.0198628762541806,
        "blade_distance": 0.40100334448160535,
        "elliptical_fiber_ratio": 1.692307692307692,
        "ratio_droplet_embedded_length": 1.36,
        "droplet_diameter": 0.162,
        "contact_angle": 25.7,
        "fiber_rotation": 45
    },
    "mechanical_parameters": {
        "interface_friction": 0.0,
        "GI": 0.0015,
        "GII,GIII": 0.23615384615384613,
        "blade_friction": 0.0,
        "tI=tII=tIII": 0.6354515050167224
    }
}
