{
    "geometrical_parameters": {
        "fiber_diameter": 0.019781563126252504,
        "blade_distance": 0.257314629258517,
        "elliptical_fiber_ratio": 1.4178356713426854,
        "ratio_droplet_embedded_length": 1.4293386773547094,
        "droplet_diameter": 0.10286973947895792,
        "contact_angle": 17.844889779559118,
        "fiber_rotation": 33.18637274549098
    },
    "mechanical_parameters": {
        "interface_friction": 0.0,
        "tI": 1,
        "tII,tIII": 1.3,
        "GI": 0.015,
        "GII,GIII": 0.1,
        "blade_friction": 0.6
    }
}
