{
    "geometrical_parameters": {
        "fiber_diameter": 0.021,
        "blade_distance": 0.15,
        "elliptical_fiber_ratio": 1.0,
        "ratio_droplet_embedded_length": 1.36,
        "droplet_diameter": 0.162,
        "contact_angle": 25.7,
        "fiber_rotation": 0
    },
    "mechanical_parameters": {
        "interface_friction": 0.026755852842809364,
        "GI": 0.034772575250836116,
        "GII,GIII": 0.2787625418060201,
        "tI=tII=tIII": 1.051839464882943,
        "blade_friction": 0.6608695652173914
    }
}
