{
    "geometrical_parameters": {
        "fiber_diameter": 0.029665330661322646,
        "elliptical_fiber_ratio": 1.0,
        "blade_distance": 0.12605210420841684,
        "ratio_droplet_embedded_length": 1.36,
        "droplet_diameter": 0.11802004008016033,
        "contact_angle": 25.7,
        "fiber_rotation": 0
    },
    "mechanical_parameters": {
        "interface_friction": 0.0,
        "GI": 0.0015,
        "GII,GIII": 0.14060120240480964,
        "blade_friction": 0.0,
        "tI=tII=tIII": 1.2244488977955912
    }
}
