{
    "geometrical_parameters": {
        "fiber_diameter": 0.026846153846153846,
        "blade_distance": 0.5698996655518395,
        "elliptical_fiber_ratio": 1.3612040133779264,
        "ratio_droplet_embedded_length": 1.2103010033444814,
        "droplet_diameter": 0.22035785953177256,
        "contact_angle": 22.946488294314378,
        "fiber_rotation": 29.197324414715716
    },
    "mechanical_parameters": {
        "interface_friction": 0.0,
        "GI": 0.0015,
        "GII,GIII": 0.3,
        "tI=tII=tIII": 1.3,
        "blade_friction": 0.6
    }
}
