{
    "geometrical_parameters": {
        "fiber_diameter": 0.021,
        "blade_distance": 0.15,
        "elliptical_fiber_ratio": 1.0,
        "ratio_droplet_embedded_length": 1.36,
        "droplet_diameter": 0.162,
        "contact_angle": 25.7,
        "fiber_rotation": 0
    },
    "mechanical_parameters": {
        "interface_friction": 0.5137123745819397,
        "tI": 0.10468227424749164,
        "tII,tIII": 0.6404682274247492,
        "GI": 0.08543143812709031,
        "GII,GIII": 0.14602006688963212,
        "blade_friction": 0.44147157190635455
    }
}
