{
    "geometrical_parameters": {
        "fiber_diameter": 0.019673346693386773,
        "blade_distance": 0.4512625250501002,
        "elliptical_fiber_ratio": 2.4188376753507015,
        "ratio_droplet_embedded_length": 1.3639278557114227,
        "droplet_diameter": 0.20486372745490983,
        "contact_angle": 21.519038076152302,
        "fiber_rotation": 84.22845691382766
    },
    "mechanical_parameters": {
        "interface_friction": 0.0,
        "tI": 1,
        "tII,tIII": 1.3,
        "GI": 0.01,
        "GII,GIII": 0.15,
        "blade_friction": 0.6
    }
}
