{
    "geometrical_parameters": {
        "fiber_diameter": 0.020272727272727272,
        "blade_distance": 0.09970376375139223,
        "elliptical_fiber_ratio": 2.2525252525252526,
        "ratio_droplet_embedded_length": 1.4767676767676767,
        "droplet_diameter": 0.2261818181818182,
        "contact_angle": 17.555555555555554,
        "fiber_rotation": 5.454545454545455
    },
    "mechanical_parameters": {
        "interface_friction": 0.0,
        "GI": 0.015,
        "GII,GIII": 0.3,
        "tI=tII=tIII": 1.3,
        "blade_friction": 0.6
    }
}
