{
    "geometrical_parameters": {
        "fiber_diameter": 0.01670854271356784,
        "blade_distance": 0.4110552763819096,
        "elliptical_fiber_ratio": 2.417085427135678,
        "ratio_droplet_embedded_length": 1.3995979899497488,
        "droplet_diameter": 0.10749748743718593,
        "contact_angle": 20.39798994974874,
        "fiber_rotation": 30.753768844221103
    },
    "mechanical_parameters": {
        "interface_friction": 0.0,
        "GI": 0.0015,
        "GII,GIII": 0.3,
        "tI=tII=tIII": 1.3,
        "blade_friction": 0.6
    }
}
