{
    "geometrical_parameters": {
        "fiber_diameter": 0.021,
        "blade_distance": 0.15,
        "elliptical_fiber_ratio": 1.0,
        "ratio_droplet_embedded_length": 1.36,
        "droplet_diameter": 0.162,
        "contact_angle": 25.7,
        "fiber_rotation": 0
    },
    "mechanical_parameters": {
        "interface_friction": 0.10167224080267559,
        "GI": 0.011264214046822742,
        "GII,GIII": 0.26729096989966555,
        "tI=tII=tIII": 1.9046822742474916,
        "blade_friction": 0.29966555183946486
    }
}
