{
    "geometrical_parameters": {
        "fiber_diameter": 0.021,
        "blade_distance": 0.042,
        "elliptical_fiber_ratio": 1.0,
        "ratio_droplet_embedded_length": 1.36,
        "droplet_diameter": 0.162,
        "contact_angle": 25.7,
        "fiber_rotation": 0
    },
    "mechanical_parameters": {
        "interface_friction": 0.3665551839464883,
        "GI": 0.04040133779264214,
        "GII,GIII": 0.45903010033444813,
        "tI=tII=tIII": 0.9163879598662208,
        "blade_friction": 0.23545150501672243
    }
}
