{
    "geometrical_parameters": {
        "fiber_diameter": 0.017727272727272727,
        "blade_distance_ratio_to_fiber_diameter": 3.4090909090909087,
        "elliptical_fiber_ratio": 1.5252525252525253,
        "ratio_droplet_embedded_length": 1.353939393939394,
        "droplet_diameter": 0.19754545454545455,
        "contact_angle": 19.53333333333333,
        "fiber_rotation": 77.27272727272728
    },
    "mechanical_parameters": {
        "interface_friction": 0.0,
        "GI": 0.015,
        "GII,GIII": 0.3,
        "tI=tII=tIII": 1.3,
        "blade_friction": 0.6
    }
}
