{
    "geometrical_parameters": {
        "fiber_diameter": 0.025727272727272727,
        "blade_distance": 0.09079289049517429,
        "elliptical_fiber_ratio": 2.575757575757576,
        "ratio_droplet_embedded_length": 1.2246464646464645,
        "droplet_diameter": 0.21527272727272728,
        "contact_angle": 22.949494949494948,
        "fiber_rotation": 76.36363636363636
    },
    "mechanical_parameters": {
        "interface_friction": 0.0,
        "GI": 0.015,
        "GII,GIII": 0.3,
        "tI=tII=tIII": 1.3,
        "blade_friction": 0.6
    }
}
