{
    "geometrical_parameters": {
        "fiber_diameter": 0.016636363636363637,
        "blade_distance": 0.5696969696969697,
        "elliptical_fiber_ratio": 1.5454545454545454,
        "ratio_droplet_embedded_length": 1.3507070707070707,
        "droplet_diameter": 0.16754545454545455,
        "contact_angle": 19.892929292929292,
        "fiber_rotation": 13.636363636363637
    },
    "mechanical_parameters": {
        "interface_friction": 0.0,
        "tI": 0.2,
        "tII,tIII": 1.3,
        "GI": 0.1,
        "GII,GIII": 0.15,
        "blade_friction": 0.6
    }
}
