{
    "geometrical_parameters": {
        "fiber_diameter": 0.024615230460921844,
        "elliptical_fiber_ratio": 1.0,
        "blade_distance": 0.27334669338677353,
        "ratio_droplet_embedded_length": 1.36,
        "droplet_diameter": 0.10773947895791583,
        "contact_angle": 25.7,
        "fiber_rotation": 0
    },
    "mechanical_parameters": {
        "interface_friction": 0.0,
        "GI": 0.0015,
        "GII,GIII": 0.12783567134268536,
        "blade_friction": 0.0,
        "tI=tII=tIII": 1.437875751503006
    }
}
