{
    "geometrical_parameters": {
        "fiber_diameter": 0.028953177257525088,
        "blade_distance": 0.4160535117056856,
        "elliptical_fiber_ratio": 2.9933110367892977,
        "ratio_droplet_embedded_length": 1.214581939799331,
        "droplet_diameter": 0.1431505016722408,
        "contact_angle": 21.874916387959864,
        "fiber_rotation": 26.488294314381267
    },
    "mechanical_parameters": {
        "interface_friction": 0.0,
        "GI": 0.0015,
        "GII,GIII": 0.3,
        "tI=tII=tIII": 1.3,
        "blade_friction": 0.6
    }
}
