{
    "geometrical_parameters": {
        "fiber_diameter": 0.02359531772575251,
        "blade_distance": 0.1234113712374582,
        "elliptical_fiber_ratio": 2.058528428093646,
        "ratio_droplet_embedded_length": 1.3130434782608695,
        "droplet_diameter": 0.17340133779264216,
        "contact_angle": 26.935117056856186,
        "fiber_rotation": 27.69230769230769
    },
    "mechanical_parameters": {
        "interface_friction": 0.0,
        "GI": 0.0015,
        "GII,GIII": 0.3,
        "tI=tII=tIII": 1.3,
        "blade_friction": 0.6
    }
}
