{
    "geometrical_parameters": {
        "fiber_diameter": 0.01745484949832776,
        "blade_distance": 0.22374581939799332,
        "elliptical_fiber_ratio": 1.1705685618729098,
        "ratio_droplet_embedded_length": 1.2456187290969898,
        "droplet_diameter": 0.10116053511705686,
        "contact_angle": 26.339799331103677,
        "fiber_rotation": 49.66555183946489
    },
    "mechanical_parameters": {
        "interface_friction": 0.0,
        "GI": 0.0015,
        "GII,GIII": 0.3,
        "tI=tII=tIII": 1.3,
        "blade_friction": 0.6
    }
}
