{
    "geometrical_parameters": {
        "fiber_diameter": 0.013722408026755853,
        "blade_distance": 0.18695652173913044,
        "elliptical_fiber_ratio": 1.0301003344481605,
        "ratio_droplet_embedded_length": 1.3815384615384616,
        "droplet_diameter": 0.16888628762541807,
        "contact_angle": 31.280936454849495,
        "fiber_rotation": 9.03010033444816
    },
    "mechanical_parameters": {
        "interface_friction": 0.0,
        "GI": 0.0015,
        "GII,GIII": 0.3,
        "tI=tII=tIII": 1.3,
        "blade_friction": 0.6
    }
}
