{
    "geometrical_parameters": {
        "fiber_diameter": 0.017876254180602007,
        "blade_distance": 0.4207357859531773,
        "elliptical_fiber_ratio": 1.2876254180602007,
        "ratio_droplet_embedded_length": 1.2359866220735785,
        "droplet_diameter": 0.13321739130434784,
        "contact_angle": 24.791973244147155,
        "fiber_rotation": 40.03344481605351
    },
    "mechanical_parameters": {
        "interface_friction": 0.0,
        "GI": 0.0015,
        "GII,GIII": 0.3,
        "tI=tII=tIII": 1.3,
        "blade_friction": 0.6
    }
}
