{
    "geometrical_parameters": {
        "fiber_diameter": 0.03060320641282565,
        "blade_distance": 0.14264529058116232,
        "elliptical_fiber_ratio": 1.5200400801603204,
        "ratio_droplet_embedded_length": 1.4735871743486975,
        "droplet_diameter": 0.12830060120240483,
        "contact_angle": 28.33226452905811,
        "fiber_rotation": 31.202404809619235
    },
    "mechanical_parameters": {
        "interface_friction": 0.0,
        "tI": 1,
        "tII,tIII": 1.3,
        "GI": 0.01,
        "GII,GIII": 0.15,
        "blade_friction": 0.6
    }
}
