{
    "geometrical_parameters": {
        "fiber_diameter": 0.02365551839464883,
        "blade_distance": 0.39096989966555185,
        "elliptical_fiber_ratio": 2.3846153846153846,
        "ratio_droplet_embedded_length": 1.317324414715719,
        "droplet_diameter": 0.142247491638796,
        "contact_angle": 14.850167224080266,
        "fiber_rotation": 75.55183946488293
    },
    "mechanical_parameters": {
        "interface_friction": 0.0,
        "tI": 1,
        "tII,tIII": 1.3,
        "GI": 0.01,
        "GII,GIII": 0.15,
        "blade_friction": 0.8
    }
}
