{
    "geometrical_parameters": {
        "fiber_diameter": 0.013842809364548495,
        "blade_distance": 0.3224080267558528,
        "elliptical_fiber_ratio": 1.6973244147157192,
        "ratio_droplet_embedded_length": 1.291638795986622,
        "droplet_diameter": 0.09845150501672241,
        "contact_angle": 17.2314381270903,
        "fiber_rotation": 6.923076923076923
    },
    "mechanical_parameters": {
        "interface_friction": 0.0,
        "tI": 1,
        "tII,tIII": 1.3,
        "GI": 0.01,
        "GII,GIII": 0.15,
        "blade_friction": 0.8
    }
}
