{
    "geometrical_parameters": {
        "fiber_diameter": 0.021,
        "blade_distance": 0.15,
        "elliptical_fiber_ratio": 1.0,
        "ratio_droplet_embedded_length": 1.36,
        "droplet_diameter": 0.162,
        "contact_angle": 25.7,
        "fiber_rotation": 0
    },
    "mechanical_parameters": {
        "interface_friction": 0.03478260869565218,
        "tI": 0.17959866220735787,
        "tII,tIII": 1.774247491638796,
        "GI": 0.058943143812709035,
        "GII,GIII": 0.25745819397993314,
        "blade_friction": 0.5806020066889633
    }
}
