{
    "geometrical_parameters": {
        "fiber_diameter": 0.019241206030150754,
        "blade_distance": 0.3236180904522613,
        "elliptical_fiber_ratio": 1.0603015075376885,
        "ratio_droplet_embedded_length": 1.3417085427135678,
        "droplet_diameter": 0.11767336683417086,
        "contact_angle": 16.19396984924623,
        "fiber_rotation": 77.7889447236181
    },
    "mechanical_parameters": {
        "interface_friction": 0.0,
        "GI": 0.0015,
        "GII,GIII": 0.3,
        "tI=tII=tIII": 1.3,
        "blade_friction": 0.6
    }
}
