{
    "geometrical_parameters": {
        "fiber_diameter": 0.018879759519038076,
        "blade_distance": 0.3143486973947896,
        "elliptical_fiber_ratio": 1.0480961923847696,
        "ratio_droplet_embedded_length": 1.3434068136272543,
        "droplet_diameter": 0.17672745490981964,
        "contact_angle": 27.262124248496992,
        "fiber_rotation": 28.13627254509018
    },
    "mechanical_parameters": {
        "interface_friction": 0.0,
        "tI": 1,
        "tII,tIII": 1.3,
        "GI": 0.01,
        "GII,GIII": 0.15,
        "blade_friction": 0.6
    }
}
