{
    "geometrical_parameters": {
        "fiber_diameter": 0.01522742474916388,
        "blade_distance": 0.354180602006689,
        "elliptical_fiber_ratio": 1.9381270903010033,
        "ratio_droplet_embedded_length": 1.36,
        "droplet_diameter": 0.162,
        "contact_angle": 25.7,
        "fiber_rotation": 0
    },
    "mechanical_parameters": {
        "interface_friction": 0.0,
        "GI": 0.0015,
        "GII,GIII": 0.27712374581939797,
        "blade_friction": 0.0,
        "tI=tII=tIII": 1.633779264214047
    }
}
