{
    "geometrical_parameters": {
        "fiber_diameter": 0.029555183946488296,
        "blade_distance": 0.2705685618729097,
        "elliptical_fiber_ratio": 2.1989966555183944,
        "ratio_droplet_embedded_length": 1.36,
        "droplet_diameter": 0.162,
        "contact_angle": 25.7,
        "fiber_rotation": 45
    },
    "mechanical_parameters": {
        "interface_friction": 0.0,
        "GI": 0.0015,
        "GII,GIII": 0.4803344481605351,
        "blade_friction": 0.0,
        "tI=tII=tIII": 1.7692307692307694
    }
}
