{
    "geometrical_parameters": {
        "fiber_diameter": 0.02252304609218437,
        "blade_distance": 0.21671342685370742,
        "elliptical_fiber_ratio": 1.0511022044088176,
        "ratio_droplet_embedded_length": 1.199759519038076,
        "droplet_diameter": 0.11260921843687376,
        "contact_angle": 26.298997995991982,
        "fiber_rotation": 43.827655310621246
    },
    "mechanical_parameters": {
        "interface_friction": 0.0,
        "tI": 1,
        "tII,tIII": 1.3,
        "GI": 0.01,
        "GII,GIII": 0.15,
        "blade_friction": 0.6
    }
}
