{
    "geometrical_parameters": {
        "fiber_diameter": 0.028511022044088178,
        "blade_distance": 0.15511022044088177,
        "elliptical_fiber_ratio": 1.9589178356713428,
        "ratio_droplet_embedded_length": 1.4158717434869739,
        "droplet_diameter": 0.15670741482965933,
        "contact_angle": 24.62244488977956,
        "fiber_rotation": 76.65330661322645
    },
    "mechanical_parameters": {
        "interface_friction": 0.0,
        "tI": 1,
        "tII,tIII": 1.3,
        "GI": 0.015,
        "GII,GIII": 0.1,
        "blade_friction": 0.6
    }
}
