{
    "geometrical_parameters": {
        "fiber_diameter": 0.029494983277591973,
        "blade_distance": 0.3658862876254181,
        "elliptical_fiber_ratio": 2.4448160535117056,
        "ratio_droplet_embedded_length": 1.2541806020066888,
        "droplet_diameter": 0.21855183946488294,
        "contact_angle": 20.386622073578593,
        "fiber_rotation": 19.264214046822744
    },
    "mechanical_parameters": {
        "interface_friction": 0.0,
        "GI": 0.0015,
        "GII,GIII": 0.3,
        "tI=tII=tIII": 1.3,
        "blade_friction": 0.6
    }
}
