{
    "geometrical_parameters": {
        "fiber_diameter": 0.027929765886287625,
        "blade_distance": 0.1802675585284281,
        "elliptical_fiber_ratio": 1.3260869565217392,
        "ratio_droplet_embedded_length": 1.36,
        "droplet_diameter": 0.162,
        "contact_angle": 25.7,
        "fiber_rotation": 45
    },
    "mechanical_parameters": {
        "interface_friction": 0.0,
        "GI": 0.0015,
        "GII,GIII": 0.2541806020066889,
        "blade_friction": 0.0,
        "tI=tII=tIII": 1.4080267558528428
    }
}
