{
    "geometrical_parameters": {
        "fiber_diameter": 0.02364128256513026,
        "blade_distance": 0.2633266533066132,
        "elliptical_fiber_ratio": 1.0240480961923848,
        "ratio_droplet_embedded_length": 1.3036472945891784,
        "droplet_diameter": 0.13019438877755513,
        "contact_angle": 30.757915831663325,
        "fiber_rotation": 13.887775551102203
    },
    "mechanical_parameters": {
        "interface_friction": 0.0,
        "tI": 1,
        "tII,tIII": 1.3,
        "GI": 0.015,
        "GII,GIII": 0.1,
        "blade_friction": 0.6
    }
}
