{
    "geometrical_parameters": {
        "fiber_diameter": 0.021,
        "blade_distance": 0.042,
        "elliptical_fiber_ratio": 1.0,
        "ratio_droplet_embedded_length": 1.36,
        "droplet_diameter": 0.162,
        "contact_angle": 25.7,
        "fiber_rotation": 0
    },
    "mechanical_parameters": {
        "interface_friction": 0.05618729096989967,
        "GI": 0.03377926421404682,
        "GII,GIII": 0.08866220735785953,
        "tI=tII=tIII": 1.2575250836120402,
        "blade_friction": 0.16053511705685622
    }
}
