{
    "geometrical_parameters": {
        "fiber_diameter": 0.021,
        "blade_distance": 0.15,
        "elliptical_fiber_ratio": 1.0,
        "ratio_droplet_embedded_length": 1.36,
        "droplet_diameter": 0.162,
        "contact_angle": 25.7,
        "fiber_rotation": 0
    },
    "mechanical_parameters": {
        "interface_friction": 0.35050167224080264,
        "tI": 0.5729096989966554,
        "tII,tIII": 0.6956521739130435,
        "GI": 0.027819397993311033,
        "GII,GIII": 0.4721404682274247,
        "blade_friction": 0.38528428093645484
    }
}
