{
    "geometrical_parameters": {
        "fiber_diameter": 0.026025125628140702,
        "blade_distance": 0.5708542713567839,
        "elliptical_fiber_ratio": 2.869346733668342,
        "ratio_droplet_embedded_length": 1.3979899497487436,
        "droplet_diameter": 0.12242211055276382,
        "contact_angle": 18.072361809045226,
        "fiber_rotation": 36.633165829145725
    },
    "mechanical_parameters": {
        "interface_friction": 0.0,
        "GI": 0.0015,
        "GII,GIII": 0.3,
        "tI=tII=tIII": 1.3,
        "blade_friction": 0.6
    }
}
