{
    "geometrical_parameters": {
        "fiber_diameter": 0.02678595317725753,
        "blade_distance": 0.16521739130434782,
        "elliptical_fiber_ratio": 1.617056856187291,
        "ratio_droplet_embedded_length": 1.2862876254180602,
        "droplet_diameter": 0.1815284280936455,
        "contact_angle": 19.195986622073576,
        "fiber_rotation": 39.431438127090296
    },
    "mechanical_parameters": {
        "interface_friction": 0.0,
        "tI": 1,
        "tII,tIII": 1.3,
        "GI": 0.01,
        "GII,GIII": 0.15,
        "blade_friction": 0.8
    }
}
