{
    "geometrical_parameters": {
        "fiber_diameter": 0.01664328657314629,
        "elliptical_fiber_ratio": 1.0,
        "blade_distance": 0.5338677354709419,
        "ratio_droplet_embedded_length": 1.36,
        "droplet_diameter": 0.1875490981963928,
        "contact_angle": 25.7,
        "fiber_rotation": 0
    },
    "mechanical_parameters": {
        "interface_friction": 0.0,
        "GI": 0.0015,
        "GII,GIII": 0.1798797595190381,
        "blade_friction": 0.0,
        "tI=tII=tIII": 0.5961923847695391
    }
}
