{
    "geometrical_parameters": {
        "fiber_diameter": 0.01751505016722408,
        "elliptical_fiber_ratio": 1.0,
        "blade_distance": 0.4612040133779265,
        "ratio_droplet_embedded_length": 1.36,
        "droplet_diameter": 0.22035785953177256,
        "contact_angle": 25.7,
        "fiber_rotation": 0
    },
    "mechanical_parameters": {
        "interface_friction": 0.0,
        "GI": 0.0015,
        "GII,GIII": 0.07391304347826087,
        "blade_friction": 0.0,
        "tI=tII=tIII": 1.8846153846153846
    }
}
