{
    "geometrical_parameters": {
        "fiber_diameter": 0.027000000000000003,
        "blade_distance_ratio_to_fiber_diameter": 4.3560606060606055,
        "elliptical_fiber_ratio": 2.4141414141414144,
        "ratio_droplet_embedded_length": 1.3894949494949493,
        "droplet_diameter": 0.09936363636363636,
        "contact_angle": 15.038383838383838,
        "fiber_rotation": 34.54545454545455
    },
    "mechanical_parameters": {
        "interface_friction": 0.0,
        "GI": 0.015,
        "GII,GIII": 0.3,
        "tI=tII=tIII": 1.3,
        "blade_friction": 0.6
    }
}
