{
    "geometrical_parameters": {
        "fiber_diameter": 0.01809090909090909,
        "blade_distance": 0.037059304548622427,
        "elliptical_fiber_ratio": 1.0808080808080809,
        "ratio_droplet_embedded_length": 1.437979797979798,
        "droplet_diameter": 0.1702727272727273,
        "contact_angle": 23.848484848484844,
        "fiber_rotation": 42.72727272727273
    },
    "mechanical_parameters": {
        "interface_friction": 0.0,
        "GI": 0.015,
        "GII,GIII": 0.3,
        "tI=tII=tIII": 1.3,
        "blade_friction": 0.6
    }
}
