{
    "geometrical_parameters": {
        "fiber_diameter": 0.017869739478957918,
        "blade_distance": 0.12404809619238477,
        "elliptical_fiber_ratio": 2.286573146292585,
        "ratio_droplet_embedded_length": 1.2478557114228457,
        "droplet_diameter": 0.12288977955911824,
        "contact_angle": 26.941082164328655,
        "fiber_rotation": 71.78356713426854
    },
    "mechanical_parameters": {
        "interface_friction": 0.0,
        "tI": 1,
        "tII,tIII": 1.3,
        "GI": 0.015,
        "GII,GIII": 0.1,
        "blade_friction": 0.6
    }
}
