{
    "geometrical_parameters": {
        "fiber_diameter": 0.027267558528428094,
        "blade_distance": 0.1250836120401338,
        "elliptical_fiber_ratio": 1.120401337792642,
        "ratio_droplet_embedded_length": 1.3954515050167224,
        "droplet_diameter": 0.16843478260869565,
        "contact_angle": 30.387959866220733,
        "fiber_rotation": 47.55852842809365
    },
    "mechanical_parameters": {
        "interface_friction": 0.0,
        "GI": 0.0015,
        "GII,GIII": 0.3,
        "tI=tII=tIII": 1.3,
        "blade_friction": 0.6
    }
}
