{
    "geometrical_parameters": {
        "fiber_diameter": 0.025280936454849502,
        "blade_distance": 0.2254180602006689,
        "elliptical_fiber_ratio": 1.5468227424749164,
        "ratio_droplet_embedded_length": 1.1878260869565216,
        "droplet_diameter": 0.1318628762541806,
        "contact_angle": 29.614046822742473,
        "fiber_rotation": 6.321070234113713
    },
    "mechanical_parameters": {
        "interface_friction": 0.0,
        "tI": 1,
        "tII,tIII": 1.3,
        "GI": 0.01,
        "GII,GIII": 0.15,
        "blade_friction": 0.8
    }
}
