{
    "geometrical_parameters": {
        "fiber_diameter": 0.021,
        "blade_distance": 0.042,
        "elliptical_fiber_ratio": 1.0,
        "ratio_droplet_embedded_length": 1.36,
        "droplet_diameter": 0.162,
        "contact_angle": 25.7,
        "fiber_rotation": 0
    },
    "mechanical_parameters": {
        "interface_friction": 0.6608695652173914,
        "GI": 0.023183946488294315,
        "GII,GIII": 0.4262541806020067,
        "tI=tII=tIII": 0.6454849498327759,
        "blade_friction": 0.6394648829431439
    }
}
