{
    "geometrical_parameters": {
        "fiber_diameter": 0.02306412825651303,
        "blade_distance": 0.49078156312625254,
        "elliptical_fiber_ratio": 1.4929859719438878,
        "ratio_droplet_embedded_length": 1.172184368737475,
        "droplet_diameter": 0.20026452905811626,
        "contact_angle": 21.233667334669338,
        "fiber_rotation": 13.707414829659319
    },
    "mechanical_parameters": {
        "interface_friction": 0.0,
        "tI": 1,
        "tII,tIII": 1.3,
        "GI": 0.015,
        "GII,GIII": 0.1,
        "blade_friction": 0.6
    }
}
