{
    "geometrical_parameters": {
        "fiber_diameter": 0.016070234113712376,
        "blade_distance": 0.10501672240802676,
        "elliptical_fiber_ratio": 1.2157190635451505,
        "ratio_droplet_embedded_length": 1.4361204013377926,
        "droplet_diameter": 0.176561872909699,
        "contact_angle": 17.41003344481605,
        "fiber_rotation": 68.02675585284283
    },
    "mechanical_parameters": {
        "interface_friction": 0.0,
        "GI": 0.0015,
        "GII,GIII": 0.3,
        "tI=tII=tIII": 1.3,
        "blade_friction": 0.6
    }
}
