{
    "geometrical_parameters": {
        "fiber_diameter": 0.018266533066132264,
        "blade_distance": 0.23466933867735473,
        "elliptical_fiber_ratio": 1.438877755511022,
        "ratio_droplet_embedded_length": 1.3517434869739477,
        "droplet_diameter": 0.1431803607214429,
        "contact_angle": 21.80440881763527,
        "fiber_rotation": 3.787575150300601
    },
    "mechanical_parameters": {
        "interface_friction": 0.0,
        "tI": 1,
        "tII,tIII": 1.3,
        "GI": 0.01,
        "GII,GIII": 0.15,
        "blade_friction": 0.6
    }
}
