{
    "geometrical_parameters": {
        "fiber_diameter": 0.014444816053511705,
        "blade_distance": 0.2053511705685619,
        "elliptical_fiber_ratio": 1.0301003344481605,
        "ratio_droplet_embedded_length": 1.406153846153846,
        "droplet_diameter": 0.11425418060200669,
        "contact_angle": 21.57725752508361,
        "fiber_rotation": 64.41471571906355
    },
    "mechanical_parameters": {
        "interface_friction": 0.0,
        "tI": 1,
        "tII,tIII": 1.3,
        "GI": 0.01,
        "GII,GIII": 0.15,
        "blade_friction": 0.8
    }
}
