{
    "geometrical_parameters": {
        "fiber_diameter": 0.022768844221105526,
        "blade_distance": 0.29949748743718596,
        "elliptical_fiber_ratio": 2.728643216080402,
        "ratio_droplet_embedded_length": 1.235577889447236,
        "droplet_diameter": 0.13191959798994976,
        "contact_angle": 15.21005025125628,
        "fiber_rotation": 71.90954773869346
    },
    "mechanical_parameters": {
        "interface_friction": 0.0,
        "GI": 0.0015,
        "GII,GIII": 0.3,
        "tI=tII=tIII": 1.3,
        "blade_friction": 0.6
    }
}
