{
    "geometrical_parameters": {
        "fiber_diameter": 0.01873547094188377,
        "blade_distance": 0.6252104208416834,
        "elliptical_fiber_ratio": 2.5,
        "ratio_droplet_embedded_length": 1.4017635270541082,
        "droplet_diameter": 0.15373146292585171,
        "contact_angle": 24.016032064128254,
        "fiber_rotation": 14.248496993987976
    },
    "mechanical_parameters": {
        "interface_friction": 0.0,
        "tI": 1,
        "tII,tIII": 1.3,
        "GI": 0.01,
        "GII,GIII": 0.15,
        "blade_friction": 0.6
    }
}
