{
    "geometrical_parameters": {
        "fiber_diameter": 0.02485953177257525,
        "blade_distance": 0.3642140468227425,
        "elliptical_fiber_ratio": 2.4347826086956523,
        "ratio_droplet_embedded_length": 1.3815384615384616,
        "droplet_diameter": 0.1585016722408027,
        "contact_angle": 17.29096989966555,
        "fiber_rotation": 0.0
    },
    "mechanical_parameters": {
        "interface_friction": 0.0,
        "tI": 1,
        "tII,tIII": 1.3,
        "GI": 0.01,
        "GII,GIII": 0.15,
        "blade_friction": 0.8
    }
}
