{
    "geometrical_parameters": {
        "fiber_diameter": 0.015347826086956522,
        "blade_distance": 0.5765886287625418,
        "elliptical_fiber_ratio": 2.0535117056856187,
        "ratio_droplet_embedded_length": 1.36,
        "droplet_diameter": 0.162,
        "contact_angle": 25.7,
        "fiber_rotation": 45
    },
    "mechanical_parameters": {
        "interface_friction": 0.0,
        "GI": 0.0015,
        "GII,GIII": 0.3623411371237458,
        "blade_friction": 0.0,
        "tI=tII=tIII": 1.2725752508361206
    }
}
