{
    "geometrical_parameters": {
        "fiber_diameter": 0.021,
        "blade_distance": 0.042,
        "elliptical_fiber_ratio": 1.0,
        "ratio_droplet_embedded_length": 1.36,
        "droplet_diameter": 0.162,
        "contact_angle": 25.7,
        "fiber_rotation": 0
    },
    "mechanical_parameters": {
        "interface_friction": 0.22207357859531773,
        "GI": 0.07318060200668897,
        "GII,GIII": 0.26729096989966555,
        "tI=tII=tIII": 0.8260869565217391,
        "blade_friction": 0.6448160535117057
    }
}
