{
    "geometrical_parameters": {
        "fiber_diameter": 0.021585170340681362,
        "elliptical_fiber_ratio": 1.0,
        "blade_distance": 0.571943887775551,
        "ratio_droplet_embedded_length": 1.36,
        "droplet_diameter": 0.11856112224448898,
        "contact_angle": 25.7,
        "fiber_rotation": 0
    },
    "mechanical_parameters": {
        "interface_friction": 0.0,
        "GI": 0.0015,
        "GII,GIII": 0.31244488977955914,
        "blade_friction": 0.0,
        "tI=tII=tIII": 0.8817635270541082
    }
}
