{
    "geometrical_parameters": {
        "fiber_diameter": 0.02454308617234469,
        "blade_distance": 0.2559919839679359,
        "elliptical_fiber_ratio": 1.0150300601202404,
        "ratio_droplet_embedded_length": 1.3004408817635271,
        "droplet_diameter": 0.19918236472945894,
        "contact_angle": 19.164729458917833,
        "fiber_rotation": 66.73346693386773
    },
    "mechanical_parameters": {
        "interface_friction": 0.0,
        "tI": 1,
        "tII,tIII": 1.3,
        "GI": 0.01,
        "GII,GIII": 0.15,
        "blade_friction": 0.6
    }
}
