{
    "geometrical_parameters": {
        "fiber_diameter": 0.021,
        "blade_distance": 0.042,
        "elliptical_fiber_ratio": 1.0,
        "ratio_droplet_embedded_length": 1.36,
        "droplet_diameter": 0.162,
        "contact_angle": 25.7,
        "fiber_rotation": 0
    },
    "mechanical_parameters": {
        "interface_friction": 0.5030100334448161,
        "GI": 0.09966889632107025,
        "GII,GIII": 0.4852508361204013,
        "tI=tII=tIII": 1.6739130434782608,
        "blade_friction": 0.5993311036789298
    }
}
