{
    "geometrical_parameters": {
        "fiber_diameter": 0.022270903010033448,
        "blade_distance": 0.18193979933110369,
        "elliptical_fiber_ratio": 1.6220735785953178,
        "ratio_droplet_embedded_length": 1.36,
        "droplet_diameter": 0.162,
        "contact_angle": 25.7,
        "fiber_rotation": 45
    },
    "mechanical_parameters": {
        "interface_friction": 0.0,
        "GI": 0.0015,
        "GII,GIII": 0.08538461538461539,
        "blade_friction": 0.0,
        "tI=tII=tIII": 1.5183946488294315
    }
}
