{
    "geometrical_parameters": {
        "fiber_diameter": 0.024254509018036073,
        "elliptical_fiber_ratio": 1.0,
        "blade_distance": 0.2342685370741483,
        "ratio_droplet_embedded_length": 1.36,
        "droplet_diameter": 0.13993386773547095,
        "contact_angle": 25.7,
        "fiber_rotation": 0
    },
    "mechanical_parameters": {
        "interface_friction": 0.0,
        "GI": 0.0015,
        "GII,GIII": 0.20344689378757516,
        "blade_friction": 0.0,
        "tI=tII=tIII": 0.7224448897795591
    }
}
