{
    "geometrical_parameters": {
        "fiber_diameter": 0.024454545454545455,
        "blade_distance": 0.16134454545454546,
        "elliptical_fiber_ratio": 1.6262626262626263,
        "ratio_droplet_embedded_length": 1.3151515151515152,
        "droplet_diameter": 0.19345454545454546,
        "contact_angle": 23.488888888888887,
        "fiber_rotation": 90.0
    },
    "mechanical_parameters": {
        "interface_friction": 0.0,
        "GI": 0.0015,
        "GII,GIII": 0.3,
        "tI=tII=tIII": 1.3,
        "blade_friction": 0.6
    }
}
