{
    "geometrical_parameters": {
        "fiber_diameter": 0.026364548494983278,
        "blade_distance": 0.6923076923076923,
        "elliptical_fiber_ratio": 2.150501672240803,
        "ratio_droplet_embedded_length": 1.2927090301003343,
        "droplet_diameter": 0.22893645484949834,
        "contact_angle": 15.683612040133777,
        "fiber_rotation": 39.431438127090296
    },
    "mechanical_parameters": {
        "interface_friction": 0.0,
        "GI": 0.0015,
        "GII,GIII": 0.3,
        "tI=tII=tIII": 1.3,
        "blade_friction": 0.6
    }
}
