{
    "geometrical_parameters": {
        "fiber_diameter": 0.02081818181818182,
        "blade_distance_ratio_to_fiber_diameter": 3.8636363636363638,
        "elliptical_fiber_ratio": 1.0404040404040404,
        "ratio_droplet_embedded_length": 1.2375757575757576,
        "droplet_diameter": 0.18254545454545457,
        "contact_angle": 16.296969696969697,
        "fiber_rotation": 57.27272727272727
    },
    "mechanical_parameters": {
        "interface_friction": 0.0,
        "GI": 0.015,
        "GII,GIII": 0.3,
        "tI=tII=tIII": 1.3,
        "blade_friction": 0.6
    }
}
