{
    "geometrical_parameters": {
        "fiber_diameter": 0.021,
        "blade_distance": 0.15,
        "elliptical_fiber_ratio": 1.0,
        "ratio_droplet_embedded_length": 1.36,
        "droplet_diameter": 0.162,
        "contact_angle": 25.7,
        "fiber_rotation": 0
    },
    "mechanical_parameters": {
        "interface_friction": 0.5591973244147157,
        "tI": 0.17023411371237457,
        "tII,tIII": 1.2625418060200668,
        "GI": 0.053645484949832775,
        "GII,GIII": 0.06244147157190636,
        "blade_friction": 0.6876254180602006
    }
}
