{
    "geometrical_parameters": {
        "fiber_diameter": 0.026818181818181817,
        "blade_distance": 0.13140818391828243,
        "elliptical_fiber_ratio": 1.7070707070707072,
        "ratio_droplet_embedded_length": 1.2666666666666666,
        "droplet_diameter": 0.13890909090909093,
        "contact_angle": 26.905050505050504,
        "fiber_rotation": 62.72727272727272
    },
    "mechanical_parameters": {
        "interface_friction": 0.0,
        "GI": 0.0015,
        "GII,GIII": 0.3,
        "tI=tII=tIII": 1.3,
        "blade_friction": 0.6
    }
}
