{
    "geometrical_parameters": {
        "fiber_diameter": 0.02600334448160535,
        "elliptical_fiber_ratio": 1.0,
        "blade_distance": 0.4812709030100334,
        "ratio_droplet_embedded_length": 1.36,
        "droplet_diameter": 0.18333444816053512,
        "contact_angle": 25.7,
        "fiber_rotation": 0
    },
    "mechanical_parameters": {
        "interface_friction": 0.0,
        "GI": 0.0015,
        "GII,GIII": 0.08866220735785953,
        "blade_friction": 0.0,
        "tI=tII=tIII": 0.6153846153846154
    }
}
