{
    "geometrical_parameters": {
        "fiber_diameter": 0.021,
        "blade_distance": 0.15,
        "elliptical_fiber_ratio": 1.0,
        "ratio_droplet_embedded_length": 1.36,
        "droplet_diameter": 0.162,
        "contact_angle": 25.7,
        "fiber_rotation": 0
    },
    "mechanical_parameters": {
        "interface_friction": 0.5270903010033445,
        "GI": 0.07980267558528428,
        "GII,GIII": 0.2082943143812709,
        "tI=tII=tIII": 1.714046822742475,
        "blade_friction": 0.7197324414715719
    }
}
