{
    "geometrical_parameters": {
        "fiber_diameter": 0.01390909090909091,
        "blade_distance": 0.07420951563936348,
        "elliptical_fiber_ratio": 1.3232323232323233,
        "ratio_droplet_embedded_length": 1.399191919191919,
        "droplet_diameter": 0.13481818181818184,
        "contact_angle": 15.757575757575758,
        "fiber_rotation": 10.90909090909091
    },
    "mechanical_parameters": {
        "interface_friction": 0.0,
        "GI": 0.015,
        "GII,GIII": 0.3,
        "tI=tII=tIII": 1.3,
        "blade_friction": 0.6
    }
}
