{
    "geometrical_parameters": {
        "fiber_diameter": 0.021,
        "blade_distance": 0.15,
        "elliptical_fiber_ratio": 1.0,
        "ratio_droplet_embedded_length": 1.36,
        "droplet_diameter": 0.162,
        "contact_angle": 25.7,
        "fiber_rotation": 0
    },
    "mechanical_parameters": {
        "interface_friction": 0.2702341137123746,
        "tI": 0.2217391304347826,
        "tII,tIII": 0.7207357859531772,
        "GI": 0.07814715719063546,
        "GII,GIII": 0.3770903010033445,
        "blade_friction": 0.671571906354515
    }
}
