{
    "geometrical_parameters": {
        "fiber_diameter": 0.021,
        "blade_distance": 0.042,
        "elliptical_fiber_ratio": 1.0,
        "ratio_droplet_embedded_length": 1.36,
        "droplet_diameter": 0.162,
        "contact_angle": 25.7,
        "fiber_rotation": 0
    },
    "mechanical_parameters": {
        "interface_friction": 0.08294314381270904,
        "GI": 0.0437123745819398,
        "GII,GIII": 0.054247491638796,
        "tI=tII=tIII": 0.5301003344481605,
        "blade_friction": 0.2193979933110368
    }
}
