{
    "geometrical_parameters": {
        "fiber_diameter": 0.02201803607214429,
        "elliptical_fiber_ratio": 1.0,
        "blade_distance": 0.256312625250501,
        "ratio_droplet_embedded_length": 1.36,
        "droplet_diameter": 0.16915230460921843,
        "contact_angle": 25.7,
        "fiber_rotation": 0
    },
    "mechanical_parameters": {
        "interface_friction": 0.0,
        "GI": 0.0015,
        "GII,GIII": 0.16318637274549097,
        "blade_friction": 0.0,
        "tI=tII=tIII": 0.8486973947895792
    }
}
