{
    "geometrical_parameters": {
        "fiber_diameter": 0.022391304347826088,
        "blade_distance": 0.1702341137123746,
        "elliptical_fiber_ratio": 1.8979933110367893,
        "ratio_droplet_embedded_length": 1.36,
        "droplet_diameter": 0.162,
        "contact_angle": 25.7,
        "fiber_rotation": 45
    },
    "mechanical_parameters": {
        "interface_friction": 0.0,
        "GI": 0.0015,
        "GII,GIII": 0.1591304347826087,
        "blade_friction": 0.0,
        "tI=tII=tIII": 1.9849498327759196
    }
}
