{
    "geometrical_parameters": {
        "fiber_diameter": 0.026665551839464882,
        "blade_distance": 0.5096989966555184,
        "elliptical_fiber_ratio": 1.160535117056856,
        "ratio_droplet_embedded_length": 1.2937792642140469,
        "droplet_diameter": 0.12463879598662209,
        "contact_angle": 24.256187290969898,
        "fiber_rotation": 47.55852842809365
    },
    "mechanical_parameters": {
        "interface_friction": 0.0,
        "GI": 0.0015,
        "GII,GIII": 0.3,
        "tI=tII=tIII": 1.3,
        "blade_friction": 0.6
    }
}
