{
    "geometrical_parameters": {
        "fiber_diameter": 0.030518394648829432,
        "blade_distance": 0.168561872909699,
        "elliptical_fiber_ratio": 1.3862876254180603,
        "ratio_droplet_embedded_length": 1.2466889632107023,
        "droplet_diameter": 0.20997324414715718,
        "contact_angle": 17.767224080267557,
        "fiber_rotation": 20.167224080267555
    },
    "mechanical_parameters": {
        "interface_friction": 0.0,
        "GI": 0.0015,
        "GII,GIII": 0.3,
        "tI=tII=tIII": 1.3,
        "blade_friction": 0.6
    }
}
