{
    "geometrical_parameters": {
        "fiber_diameter": 0.023474916387959868,
        "blade_distance": 0.46622073578595313,
        "elliptical_fiber_ratio": 1.125418060200669,
        "ratio_droplet_embedded_length": 1.2017391304347826,
        "droplet_diameter": 0.16482274247491638,
        "contact_angle": 25.625418060200666,
        "fiber_rotation": 58.99665551839465
    },
    "mechanical_parameters": {
        "interface_friction": 0.0,
        "GI": 0.0015,
        "GII,GIII": 0.3,
        "tI=tII=tIII": 1.3,
        "blade_friction": 0.6
    }
}
