{
    "geometrical_parameters": {
        "fiber_diameter": 0.027537074148296592,
        "elliptical_fiber_ratio": 1.0,
        "blade_distance": 0.4947895791583167,
        "ratio_droplet_embedded_length": 1.36,
        "droplet_diameter": 0.1423687374749499,
        "contact_angle": 25.7,
        "fiber_rotation": 0
    },
    "mechanical_parameters": {
        "interface_friction": 0.0,
        "GI": 0.0015,
        "GII,GIII": 0.45286573146292586,
        "blade_friction": 0.0,
        "tI=tII=tIII": 1.8917835671342687
    }
}
