{
    "geometrical_parameters": {
        "fiber_diameter": 0.028835671342685373,
        "elliptical_fiber_ratio": 1.0,
        "blade_distance": 0.3404809619238477,
        "ratio_droplet_embedded_length": 1.36,
        "droplet_diameter": 0.17293987975951905,
        "contact_angle": 25.7,
        "fiber_rotation": 0
    },
    "mechanical_parameters": {
        "interface_friction": 0.0,
        "GI": 0.0015,
        "GII,GIII": 0.2898597194388778,
        "blade_friction": 0.0,
        "tI=tII=tIII": 0.8907815631262526
    }
}
