{
    "geometrical_parameters": {
        "fiber_diameter": 0.028772575250836124,
        "blade_distance": 0.34347826086956523,
        "elliptical_fiber_ratio": 2.7257525083612038,
        "ratio_droplet_embedded_length": 1.30876254180602,
        "droplet_diameter": 0.11741471571906355,
        "contact_angle": 15.385953177257525,
        "fiber_rotation": 11.1371237458194
    },
    "mechanical_parameters": {
        "interface_friction": 0.0,
        "GI": 0.0015,
        "GII,GIII": 0.3,
        "tI=tII=tIII": 1.3,
        "blade_friction": 0.6
    }
}
