{
    "geometrical_parameters": {
        "fiber_diameter": 0.01581362725450902,
        "blade_distance": 0.17715430861723447,
        "elliptical_fiber_ratio": 1.3486973947895793,
        "ratio_droplet_embedded_length": 1.211943887775551,
        "droplet_diameter": 0.1234308617234469,
        "contact_angle": 28.510621242484966,
        "fiber_rotation": 55.37074148296593
    },
    "mechanical_parameters": {
        "interface_friction": 0.0,
        "tI": 1,
        "tII,tIII": 1.3,
        "GI": 0.015,
        "GII,GIII": 0.1,
        "blade_friction": 0.6
    }
}
