{
    "geometrical_parameters": {
        "fiber_diameter": 0.022210702341137124,
        "blade_distance": 0.5381270903010034,
        "elliptical_fiber_ratio": 1.4364548494983276,
        "ratio_droplet_embedded_length": 1.30876254180602,
        "droplet_diameter": 0.18920401337792642,
        "contact_angle": 24.43478260869565,
        "fiber_rotation": 68.02675585284283
    },
    "mechanical_parameters": {
        "interface_friction": 0.0,
        "tI": 1,
        "tII,tIII": 1.3,
        "GI": 0.01,
        "GII,GIII": 0.15,
        "blade_friction": 0.8
    }
}
