{
    "geometrical_parameters": {
        "fiber_diameter": 0.01468561872909699,
        "blade_distance": 0.3508361204013377,
        "elliptical_fiber_ratio": 1.7976588628762542,
        "ratio_droplet_embedded_length": 1.3558528428093646,
        "droplet_diameter": 0.10973913043478262,
        "contact_angle": 23.06555183946488,
        "fiber_rotation": 49.36454849498329
    },
    "mechanical_parameters": {
        "interface_friction": 0.0,
        "tI": 1,
        "tII,tIII": 1.3,
        "GI": 0.01,
        "GII,GIII": 0.15,
        "blade_friction": 0.8
    }
}
