{
    "geometrical_parameters": {
        "fiber_diameter": 0.021,
        "blade_distance": 0.15,
        "elliptical_fiber_ratio": 1.0,
        "ratio_droplet_embedded_length": 1.36,
        "droplet_diameter": 0.162,
        "contact_angle": 25.7,
        "fiber_rotation": 0
    },
    "mechanical_parameters": {
        "interface_friction": 0.10702341137123746,
        "GI": 0.05000334448160535,
        "GII,GIII": 0.016555183946488295,
        "tI=tII=tIII": 1.9096989966555185,
        "blade_friction": 0.1899665551839465
    }
}
