{
    "geometrical_parameters": {
        "fiber_diameter": 0.021,
        "blade_distance": 0.15,
        "elliptical_fiber_ratio": 1.0,
        "ratio_droplet_embedded_length": 1.36,
        "droplet_diameter": 0.162,
        "contact_angle": 25.7,
        "fiber_rotation": 0
    },
    "mechanical_parameters": {
        "interface_friction": 0.7117056856187292,
        "tI": 1.2752508361204014,
        "tII,tIII": 1.9749163879598661,
        "GI": 0.016892976588628764,
        "GII,GIII": 0.24598662207357858,
        "blade_friction": 0.7010033444816054
    }
}
