{
    "geometrical_parameters": {
        "fiber_diameter": 0.01420401337792642,
        "blade_distance": 0.7040133779264215,
        "elliptical_fiber_ratio": 1.9765886287625416,
        "ratio_droplet_embedded_length": 1.3012709030100333,
        "droplet_diameter": 0.15127759197324414,
        "contact_angle": 21.39866220735786,
        "fiber_rotation": 19.565217391304348
    },
    "mechanical_parameters": {
        "interface_friction": 0.0,
        "GI": 0.0015,
        "GII,GIII": 0.3,
        "tI=tII=tIII": 1.3,
        "blade_friction": 0.6
    }
}
