{
    "geometrical_parameters": {
        "fiber_diameter": 0.027545454545454547,
        "blade_distance": 0.15555555555555556,
        "elliptical_fiber_ratio": 1.4545454545454546,
        "ratio_droplet_embedded_length": 1.1826262626262625,
        "droplet_diameter": 0.16209090909090912,
        "contact_angle": 20.252525252525253,
        "fiber_rotation": 6.363636363636364
    },
    "mechanical_parameters": {
        "interface_friction": 0.0,
        "tI": 1.3,
        "tII,tIII": 1.3,
        "GI": 0.3,
        "GII,GIII": 0.3,
        "blade_friction": 0.6
    }
}
