{
    "geometrical_parameters": {
        "fiber_diameter": 0.02786172344689379,
        "blade_distance": 0.3324649298597194,
        "elliptical_fiber_ratio": 1.688376753507014,
        "ratio_droplet_embedded_length": 1.376753507014028,
        "droplet_diameter": 0.17943286573146294,
        "contact_angle": 20.555911823647293,
        "fiber_rotation": 0.5410821643286573
    },
    "mechanical_parameters": {
        "interface_friction": 0.0,
        "tI": 1,
        "tII,tIII": 1.3,
        "GI": 0.015,
        "GII,GIII": 0.1,
        "blade_friction": 0.6
    }
}
