{
    "geometrical_parameters": {
        "fiber_diameter": 0.023316633266533063,
        "elliptical_fiber_ratio": 1.0,
        "blade_distance": 0.13006012024048097,
        "ratio_droplet_embedded_length": 1.36,
        "droplet_diameter": 0.14832064128256514,
        "contact_angle": 25.7,
        "fiber_rotation": 0
    },
    "mechanical_parameters": {
        "interface_friction": 0.0,
        "GI": 0.0015,
        "GII,GIII": 0.30164328657314626,
        "blade_friction": 0.0,
        "tI=tII=tIII": 1.9068136272545089
    }
}
