{
    "geometrical_parameters": {
        "fiber_diameter": 0.016732441471571907,
        "blade_distance": 0.21036789297658864,
        "elliptical_fiber_ratio": 2.399665551839465,
        "ratio_droplet_embedded_length": 1.36,
        "droplet_diameter": 0.162,
        "contact_angle": 25.7,
        "fiber_rotation": 45
    },
    "mechanical_parameters": {
        "interface_friction": 0.0,
        "GI": 0.0015,
        "GII,GIII": 0.39183946488294313,
        "blade_friction": 0.0,
        "tI=tII=tIII": 1.8244147157190636
    }
}
