{
    "geometrical_parameters": {
        "fiber_diameter": 0.0201062124248497,
        "elliptical_fiber_ratio": 1.0,
        "blade_distance": 0.3635270541082164,
        "ratio_droplet_embedded_length": 1.36,
        "droplet_diameter": 0.1845731462925852,
        "contact_angle": 25.7,
        "fiber_rotation": 0
    },
    "mechanical_parameters": {
        "interface_friction": 0.0,
        "GI": 0.0015,
        "GII,GIII": 0.03160320641282565,
        "blade_friction": 0.0,
        "tI=tII=tIII": 1.5220440881763526
    }
}
