{
    "geometrical_parameters": {
        "fiber_diameter": 0.016967935871743486,
        "elliptical_fiber_ratio": 1.0,
        "blade_distance": 0.47775551102204405,
        "ratio_droplet_embedded_length": 1.36,
        "droplet_diameter": 0.22650701402805612,
        "contact_angle": 25.7,
        "fiber_rotation": 0
    },
    "mechanical_parameters": {
        "interface_friction": 0.0,
        "GI": 0.0015,
        "GII,GIII": 0.35074148296593183,
        "blade_friction": 0.0,
        "tI=tII=tIII": 1.7985971943887775
    }
}
