{
    "geometrical_parameters": {
        "fiber_diameter": 0.024272727272727272,
        "blade_distance_ratio_to_fiber_diameter": 4.242424242424242,
        "elliptical_fiber_ratio": 1.1616161616161615,
        "ratio_droplet_embedded_length": 1.3442424242424242,
        "droplet_diameter": 0.12936363636363638,
        "contact_angle": 16.656565656565654,
        "fiber_rotation": 26.363636363636363
    },
    "mechanical_parameters": {
        "interface_friction": 0.0,
        "GI": 0.015,
        "GII,GIII": 0.3,
        "tI=tII=tIII": 1.3,
        "blade_friction": 0.6
    }
}
