{
    "geometrical_parameters": {
        "fiber_diameter": 0.013545454545454545,
        "blade_distance": 0.14317168997630844,
        "elliptical_fiber_ratio": 2.2323232323232323,
        "ratio_droplet_embedded_length": 1.4250505050505051,
        "droplet_diameter": 0.19345454545454546,
        "contact_angle": 23.488888888888887,
        "fiber_rotation": 83.63636363636364
    },
    "mechanical_parameters": {
        "interface_friction": 0.0,
        "GI": 0.015,
        "GII,GIII": 0.3,
        "tI=tII=tIII": 1.3,
        "blade_friction": 0.6
    }
}
