{
    "geometrical_parameters": {
        "fiber_diameter": 0.028871743486973953,
        "blade_distance": 0.5275751503006012,
        "elliptical_fiber_ratio": 1.6583166332665331,
        "ratio_droplet_embedded_length": 1.2921042084168337,
        "droplet_diameter": 0.11829058116232466,
        "contact_angle": 17.95190380761523,
        "fiber_rotation": 65.29058116232464
    },
    "mechanical_parameters": {
        "interface_friction": 0.0,
        "tI": 1,
        "tII,tIII": 1.3,
        "GI": 0.01,
        "GII,GIII": 0.15,
        "blade_friction": 0.6
    }
}
