{
    "geometrical_parameters": {
        "fiber_diameter": 0.029254180602006692,
        "blade_distance": 0.8,
        "elliptical_fiber_ratio": 1.5551839464882944,
        "ratio_droplet_embedded_length": 1.3376588628762542,
        "droplet_diameter": 0.1657257525083612,
        "contact_angle": 28.54247491638796,
        "fiber_rotation": 23.779264214046822
    },
    "mechanical_parameters": {
        "interface_friction": 0.0,
        "GI": 0.0015,
        "GII,GIII": 0.3,
        "tI=tII=tIII": 1.3,
        "blade_friction": 0.6
    }
}
