{
    "geometrical_parameters": {
        "fiber_diameter": 0.021,
        "blade_distance": 0.15,
        "elliptical_fiber_ratio": 1.0,
        "ratio_droplet_embedded_length": 1.36,
        "droplet_diameter": 0.162,
        "contact_angle": 25.7,
        "fiber_rotation": 0
    },
    "mechanical_parameters": {
        "interface_friction": 0.759866220735786,
        "GI": 0.00662876254180602,
        "GII,GIII": 0.10505016722408027,
        "tI=tII=tIII": 0.7006688963210702,
        "blade_friction": 0.5752508361204014
    }
}
