{
    "geometrical_parameters": {
        "fiber_diameter": 0.013180602006688963,
        "blade_distance": 0.1668896321070234,
        "elliptical_fiber_ratio": 1.842809364548495,
        "ratio_droplet_embedded_length": 1.2862876254180602,
        "droplet_diameter": 0.16391973244147157,
        "contact_angle": 14.612040133779264,
        "fiber_rotation": 65.31772575250837
    },
    "mechanical_parameters": {
        "interface_friction": 0.0,
        "GI": 0.0015,
        "GII,GIII": 0.3,
        "tI=tII=tIII": 1.3,
        "blade_friction": 0.6
    }
}
