{
    "geometrical_parameters": {
        "fiber_diameter": 0.021,
        "blade_distance": 0.15,
        "elliptical_fiber_ratio": 1.0,
        "ratio_droplet_embedded_length": 1.36,
        "droplet_diameter": 0.162,
        "contact_angle": 25.7,
        "fiber_rotation": 0
    },
    "mechanical_parameters": {
        "interface_friction": 0.6234113712374583,
        "GI": 0.03377926421404682,
        "GII,GIII": 0.06735785953177256,
        "tI=tII=tIII": 0.9113712374581939,
        "blade_friction": 0.27290969899665546
    }
}
