{
    "geometrical_parameters": {
        "fiber_diameter": 0.02190969899665552,
        "blade_distance": 0.16020066889632106,
        "elliptical_fiber_ratio": 1.8678929765886287,
        "ratio_droplet_embedded_length": 1.36,
        "droplet_diameter": 0.162,
        "contact_angle": 25.7,
        "fiber_rotation": 0
    },
    "mechanical_parameters": {
        "interface_friction": 0.0,
        "GI": 0.0015,
        "GII,GIII": 0.10832775919732442,
        "blade_friction": 0.0,
        "tI=tII=tIII": 1.362876254180602
    }
}
