{
    "geometrical_parameters": {
        "fiber_diameter": 0.02881818181818182,
        "blade_distance_ratio_to_fiber_diameter": 1.9696969696969697,
        "elliptical_fiber_ratio": 2.474747474747475,
        "ratio_droplet_embedded_length": 1.1826262626262625,
        "droplet_diameter": 0.233,
        "contact_angle": 27.444444444444443,
        "fiber_rotation": 55.45454545454545
    },
    "mechanical_parameters": {
        "interface_friction": 0.0,
        "GI": 0.015,
        "GII,GIII": 0.3,
        "tI=tII=tIII": 1.3,
        "blade_friction": 0.6
    }
}
