{
    "geometrical_parameters": {
        "fiber_diameter": 0.013602006688963211,
        "blade_distance": 0.579933110367893,
        "elliptical_fiber_ratio": 1.3812709030100334,
        "ratio_droplet_embedded_length": 1.4072240802675584,
        "droplet_diameter": 0.18378595317725754,
        "contact_angle": 16.755183946488295,
        "fiber_rotation": 6.622073578595317
    },
    "mechanical_parameters": {
        "interface_friction": 0.0,
        "GI": 0.0015,
        "GII,GIII": 0.3,
        "tI=tII=tIII": 1.3,
        "blade_friction": 0.6
    }
}
