{
    "geometrical_parameters": {
        "fiber_diameter": 0.021,
        "blade_distance": 0.15,
        "elliptical_fiber_ratio": 1.0,
        "ratio_droplet_embedded_length": 1.36,
        "droplet_diameter": 0.162,
        "contact_angle": 25.7,
        "fiber_rotation": 0
    },
    "mechanical_parameters": {
        "interface_friction": 0.5431438127090302,
        "GI": 0.007953177257525083,
        "GII,GIII": 0.18535117056856187,
        "tI=tII=tIII": 1.8795986622073577,
        "blade_friction": 0.053511705685618735
    }
}
