{
    "geometrical_parameters": {
        "fiber_diameter": 0.019983277591973245,
        "blade_distance": 0.21872909698996656,
        "elliptical_fiber_ratio": 1.8929765886287626,
        "ratio_droplet_embedded_length": 1.36,
        "droplet_diameter": 0.162,
        "contact_angle": 25.7,
        "fiber_rotation": 45
    },
    "mechanical_parameters": {
        "interface_friction": 0.0,
        "GI": 0.0015,
        "GII,GIII": 0.4049498327759197,
        "blade_friction": 0.0,
        "tI=tII=tIII": 1.0167224080267558
    }
}
