{
    "geometrical_parameters": {
        "fiber_diameter": 0.02796993987975952,
        "blade_distance": 0.379438877755511,
        "elliptical_fiber_ratio": 1.5020040080160322,
        "ratio_droplet_embedded_length": 1.2927454909819638,
        "droplet_diameter": 0.16455310621242486,
        "contact_angle": 19.94949899799599,
        "fiber_rotation": 22.54509018036072
    },
    "mechanical_parameters": {
        "interface_friction": 0.0,
        "tI": 1,
        "tII,tIII": 1.3,
        "GI": 0.01,
        "GII,GIII": 0.15,
        "blade_friction": 0.6
    }
}
