{
    "geometrical_parameters": {
        "fiber_diameter": 0.024687374749499,
        "blade_distance": 0.3054108216432866,
        "elliptical_fiber_ratio": 1.6432865731462925,
        "ratio_droplet_embedded_length": 1.3671342685370742,
        "droplet_diameter": 0.16292985971943888,
        "contact_angle": 25.442885771543082,
        "fiber_rotation": 0.9018036072144289
    },
    "mechanical_parameters": {
        "interface_friction": 0.0,
        "tI": 1,
        "tII,tIII": 1.3,
        "GI": 0.015,
        "GII,GIII": 0.1,
        "blade_friction": 0.6
    }
}
