{
    "geometrical_parameters": {
        "fiber_diameter": 0.016102204408817634,
        "elliptical_fiber_ratio": 1.0,
        "blade_distance": 0.4036072144288577,
        "ratio_droplet_embedded_length": 1.36,
        "droplet_diameter": 0.14534468937875752,
        "contact_angle": 25.7,
        "fiber_rotation": 0
    },
    "mechanical_parameters": {
        "interface_friction": 0.0,
        "GI": 0.0015,
        "GII,GIII": 0.43126252505010015,
        "blade_friction": 0.0,
        "tI=tII=tIII": 1.5460921843687374
    }
}
