{
    "geometrical_parameters": {
        "fiber_diameter": 0.016102204408817634,
        "blade_distance": 0.1591182364729459,
        "elliptical_fiber_ratio": 2.217434869739479,
        "ratio_droplet_embedded_length": 1.450501002004008,
        "droplet_diameter": 0.21000400801603208,
        "contact_angle": 25.407214428857714,
        "fiber_rotation": 52.304609218436866
    },
    "mechanical_parameters": {
        "interface_friction": 0.0,
        "tI": 1,
        "tII,tIII": 1.3,
        "GI": 0.015,
        "GII,GIII": 0.1,
        "blade_friction": 0.6
    }
}
