{
    "geometrical_parameters": {
        "fiber_diameter": 0.021,
        "blade_distance": 0.15,
        "elliptical_fiber_ratio": 1.0,
        "ratio_droplet_embedded_length": 1.36,
        "droplet_diameter": 0.162,
        "contact_angle": 25.7,
        "fiber_rotation": 0
    },
    "mechanical_parameters": {
        "interface_friction": 0.631438127090301,
        "GI": 0.05463879598662208,
        "GII,GIII": 0.1279933110367893,
        "tI=tII=tIII": 1.7692307692307694,
        "blade_friction": 0.47625418060200675
    }
}
