{
    "geometrical_parameters": {
        "fiber_diameter": 0.021181818181818184,
        "blade_distance": 0.0656226378510513,
        "elliptical_fiber_ratio": 1.404040404040404,
        "ratio_droplet_embedded_length": 1.1923232323232322,
        "droplet_diameter": 0.10345454545454547,
        "contact_angle": 28.7030303030303,
        "fiber_rotation": 14.545454545454547
    },
    "mechanical_parameters": {
        "interface_friction": 0.0,
        "GI": 0.0015,
        "GII,GIII": 0.3,
        "tI=tII=tIII": 1.3,
        "blade_friction": 0.6
    }
}
