{
    "geometrical_parameters": {
        "fiber_diameter": 0.025461538461538463,
        "blade_distance": 0.4946488294314382,
        "elliptical_fiber_ratio": 1.4464882943143813,
        "ratio_droplet_embedded_length": 1.20066889632107,
        "droplet_diameter": 0.2104247491638796,
        "contact_angle": 18.66020066889632,
        "fiber_rotation": 28.89632107023411
    },
    "mechanical_parameters": {
        "interface_friction": 0.0,
        "tI": 1,
        "tII,tIII": 1.3,
        "GI": 0.01,
        "GII,GIII": 0.15,
        "blade_friction": 0.8
    }
}
