{
    "geometrical_parameters": {
        "fiber_diameter": 0.03089178356713427,
        "elliptical_fiber_ratio": 1.0,
        "blade_distance": 0.3795591182364729,
        "ratio_droplet_embedded_length": 1.36,
        "droplet_diameter": 0.15183767535070142,
        "contact_angle": 25.7,
        "fiber_rotation": 0
    },
    "mechanical_parameters": {
        "interface_friction": 0.0,
        "GI": 0.0015,
        "GII,GIII": 0.32324649298597197,
        "blade_friction": 0.0,
        "tI=tII=tIII": 1.1763527054108218
    }
}
