{
    "geometrical_parameters": {
        "fiber_diameter": 0.01592184368737475,
        "blade_distance": 0.11571142284569139,
        "elliptical_fiber_ratio": 1.625250501002004,
        "ratio_droplet_embedded_length": 1.470380761523046,
        "droplet_diameter": 0.13533466933867738,
        "contact_angle": 15.205210420841683,
        "fiber_rotation": 88.01603206412825
    },
    "mechanical_parameters": {
        "interface_friction": 0.0,
        "tI": 1,
        "tII,tIII": 1.3,
        "GI": 0.01,
        "GII,GIII": 0.15,
        "blade_friction": 0.6
    }
}
