{
    "geometrical_parameters": {
        "fiber_diameter": 0.021,
        "blade_distance": 0.15,
        "elliptical_fiber_ratio": 1.0,
        "ratio_droplet_embedded_length": 1.36,
        "droplet_diameter": 0.162,
        "contact_angle": 25.7,
        "fiber_rotation": 0
    },
    "mechanical_parameters": {
        "interface_friction": 0.7839464882943145,
        "tI": 1.0926421404682274,
        "tII,tIII": 0.9063545150501671,
        "GI": 0.0678829431438127,
        "GII,GIII": 0.06408026755852843,
        "blade_friction": 0.39063545150501666
    }
}
