{
    "geometrical_parameters": {
        "fiber_diameter": 0.022306613226452908,
        "blade_distance": 0.44769539078156306,
        "elliptical_fiber_ratio": 1.006012024048096,
        "ratio_droplet_embedded_length": 1.3087775551102203,
        "droplet_diameter": 0.1356052104208417,
        "contact_angle": 17.381162324649296,
        "fiber_rotation": 22.725450901803608
    },
    "mechanical_parameters": {
        "interface_friction": 0.0,
        "tI": 1,
        "tII,tIII": 1.3,
        "GI": 0.015,
        "GII,GIII": 0.1,
        "blade_friction": 0.6
    }
}
