{
    "geometrical_parameters": {
        "fiber_diameter": 0.019492985971943887,
        "elliptical_fiber_ratio": 1.0,
        "blade_distance": 0.47274549098196395,
        "ratio_droplet_embedded_length": 1.36,
        "droplet_diameter": 0.20513426853707417,
        "contact_angle": 25.7,
        "fiber_rotation": 0
    },
    "mechanical_parameters": {
        "interface_friction": 0.0,
        "GI": 0.0015,
        "GII,GIII": 0.38118236472945893,
        "blade_friction": 0.0,
        "tI=tII=tIII": 0.8336673346693386
    }
}
