{
    "geometrical_parameters": {
        "fiber_diameter": 0.02317391304347826,
        "elliptical_fiber_ratio": 1.0,
        "blade_distance": 0.45618729096989974,
        "ratio_droplet_embedded_length": 1.36,
        "droplet_diameter": 0.22487290969899665,
        "contact_angle": 25.7,
        "fiber_rotation": 0
    },
    "mechanical_parameters": {
        "interface_friction": 0.0,
        "GI": 0.0015,
        "GII,GIII": 0.24926421404682272,
        "blade_friction": 0.0,
        "tI=tII=tIII": 0.8662207357859532
    }
}
