{
    "geometrical_parameters": {
        "fiber_diameter": 0.0210066889632107,
        "blade_distance": 0.47926421404682285,
        "elliptical_fiber_ratio": 1.9498327759197323,
        "ratio_droplet_embedded_length": 1.4361204013377926,
        "droplet_diameter": 0.14676254180602008,
        "contact_angle": 23.184615384615384,
        "fiber_rotation": 20.769230769230766
    },
    "mechanical_parameters": {
        "interface_friction": 0.0,
        "GI": 0.0015,
        "GII,GIII": 0.3,
        "tI=tII=tIII": 1.3,
        "blade_friction": 0.6
    }
}
