{
    "geometrical_parameters": {
        "fiber_diameter": 0.029675585284280936,
        "blade_distance": 0.12842809364548496,
        "elliptical_fiber_ratio": 1.451505016722408,
        "ratio_droplet_embedded_length": 1.433979933110368,
        "droplet_diameter": 0.18423745819397996,
        "contact_angle": 14.076254180602007,
        "fiber_rotation": 32.508361204013376
    },
    "mechanical_parameters": {
        "interface_friction": 0.0,
        "GI": 0.0015,
        "GII,GIII": 0.3,
        "tI=tII=tIII": 1.3,
        "blade_friction": 0.6
    }
}
