{
    "geometrical_parameters": {
        "fiber_diameter": 0.030096989966555188,
        "blade_distance": 0.18862876254180602,
        "elliptical_fiber_ratio": 2.2842809364548495,
        "ratio_droplet_embedded_length": 1.36,
        "droplet_diameter": 0.162,
        "contact_angle": 25.7,
        "fiber_rotation": 45
    },
    "mechanical_parameters": {
        "interface_friction": 0.0,
        "GI": 0.0015,
        "GII,GIII": 0.18698996655518396,
        "blade_friction": 0.0,
        "tI=tII=tIII": 1.252508361204013
    }
}
