{
    "geometrical_parameters": {
        "fiber_diameter": 0.028290969899665553,
        "blade_distance": 0.5214046822742475,
        "elliptical_fiber_ratio": 2.309364548494983,
        "ratio_droplet_embedded_length": 1.36,
        "droplet_diameter": 0.162,
        "contact_angle": 25.7,
        "fiber_rotation": 0
    },
    "mechanical_parameters": {
        "interface_friction": 0.0,
        "GI": 0.0015,
        "GII,GIII": 0.3902006688963211,
        "blade_friction": 0.0,
        "tI=tII=tIII": 1.0719063545150502
    }
}
