{
    "geometrical_parameters": {
        "fiber_diameter": 0.017653306613226453,
        "blade_distance": 0.3024048096192385,
        "elliptical_fiber_ratio": 2.019038076152305,
        "ratio_droplet_embedded_length": 1.236312625250501,
        "droplet_diameter": 0.1677995991983968,
        "contact_angle": 28.581963927855707,
        "fiber_rotation": 63.48697394789579
    },
    "mechanical_parameters": {
        "interface_friction": 0.0,
        "tI": 1,
        "tII,tIII": 1.3,
        "GI": 0.015,
        "GII,GIII": 0.1,
        "blade_friction": 0.6
    }
}
