{
    "geometrical_parameters": {
        "fiber_diameter": 0.029013377926421405,
        "blade_distance": 0.16086956521739132,
        "elliptical_fiber_ratio": 1.6153846153846154,
        "ratio_droplet_embedded_length": 1.3248160535117057,
        "droplet_diameter": 0.12915384615384617,
        "contact_angle": 30.923745819397993,
        "fiber_rotation": 18.361204013377925
    },
    "mechanical_parameters": {
        "interface_friction": 0.0,
        "GI": 0.0015,
        "GII,GIII": 0.3,
        "tI=tII=tIII": 1.3,
        "blade_friction": 0.6
    }
}
