{
    "geometrical_parameters": {
        "fiber_diameter": 0.021,
        "blade_distance": 0.042,
        "elliptical_fiber_ratio": 1.0,
        "ratio_droplet_embedded_length": 1.36,
        "droplet_diameter": 0.162,
        "contact_angle": 25.7,
        "fiber_rotation": 0
    },
    "mechanical_parameters": {
        "interface_friction": 0.6849498327759198,
        "GI": 0.058612040133779277,
        "GII,GIII": 0.023110367892976588,
        "tI=tII=tIII": 1.608695652173913,
        "blade_friction": 0.7973244147157191
    }
}
