{
    "geometrical_parameters": {
        "fiber_diameter": 0.017334448160535115,
        "blade_distance": 0.26220735785953175,
        "elliptical_fiber_ratio": 1.6672240802675584,
        "ratio_droplet_embedded_length": 1.1717725752508361,
        "droplet_diameter": 0.1756588628762542,
        "contact_angle": 24.6133779264214,
        "fiber_rotation": 82.77591973244147
    },
    "mechanical_parameters": {
        "interface_friction": 0.0,
        "tI": 1,
        "tII,tIII": 1.3,
        "GI": 0.01,
        "GII,GIII": 0.15,
        "blade_friction": 0.8
    }
}
