{
    "geometrical_parameters": {
        "fiber_diameter": 0.020525083612040133,
        "blade_distance": 0.1551839464882943,
        "elliptical_fiber_ratio": 1.5367892976588626,
        "ratio_droplet_embedded_length": 1.36,
        "droplet_diameter": 0.162,
        "contact_angle": 25.7,
        "fiber_rotation": 45
    },
    "mechanical_parameters": {
        "interface_friction": 0.0,
        "GI": 0.0015,
        "GII,GIII": 0.44919732441471566,
        "blade_friction": 0.0,
        "tI=tII=tIII": 1.834448160535117
    }
}
