{
    "geometrical_parameters": {
        "fiber_diameter": 0.026244147157190638,
        "blade_distance": 0.5632107023411371,
        "elliptical_fiber_ratio": 2.0886287625418056,
        "ratio_droplet_embedded_length": 1.36,
        "droplet_diameter": 0.162,
        "contact_angle": 25.7,
        "fiber_rotation": 0
    },
    "mechanical_parameters": {
        "interface_friction": 0.0,
        "GI": 0.0015,
        "GII,GIII": 0.2312374581939799,
        "blade_friction": 0.0,
        "tI=tII=tIII": 0.971571906354515
    }
}
