{
    "geometrical_parameters": {
        "fiber_diameter": 0.018418060200668895,
        "blade_distance": 0.32073578595317725,
        "elliptical_fiber_ratio": 1.0250836120401339,
        "ratio_droplet_embedded_length": 1.36,
        "droplet_diameter": 0.162,
        "contact_angle": 25.7,
        "fiber_rotation": 0
    },
    "mechanical_parameters": {
        "interface_friction": 0.0,
        "GI": 0.0015,
        "GII,GIII": 0.49180602006688956,
        "blade_friction": 0.0,
        "tI=tII=tIII": 1.648829431438127
    }
}
