{
    "geometrical_parameters": {
        "fiber_diameter": 0.020430861723446894,
        "elliptical_fiber_ratio": 1.0,
        "blade_distance": 0.5148296593186372,
        "ratio_droplet_embedded_length": 1.36,
        "droplet_diameter": 0.17862124248496997,
        "contact_angle": 25.7,
        "fiber_rotation": 0
    },
    "mechanical_parameters": {
        "interface_friction": 0.0,
        "GI": 0.0015,
        "GII,GIII": 0.32128256513026054,
        "blade_friction": 0.0,
        "tI=tII=tIII": 1.1613226452905812
    }
}
