{
    "geometrical_parameters": {
        "fiber_diameter": 0.026130260521042087,
        "blade_distance": 0.10448897795591183,
        "elliptical_fiber_ratio": 1.9829659318637276,
        "ratio_droplet_embedded_length": 1.238877755511022,
        "droplet_diameter": 0.12018436873747496,
        "contact_angle": 16.06132264529058,
        "fiber_rotation": 6.8537074148296595
    },
    "mechanical_parameters": {
        "interface_friction": 0.0,
        "tI": 1,
        "tII,tIII": 1.3,
        "GI": 0.01,
        "GII,GIII": 0.15,
        "blade_friction": 0.6
    }
}
