{
    "geometrical_parameters": {
        "fiber_diameter": 0.021,
        "blade_distance": 0.15,
        "elliptical_fiber_ratio": 1.0,
        "ratio_droplet_embedded_length": 1.36,
        "droplet_diameter": 0.162,
        "contact_angle": 25.7,
        "fiber_rotation": 0
    },
    "mechanical_parameters": {
        "interface_friction": 0.4682274247491639,
        "GI": 0.04934113712374582,
        "GII,GIII": 0.057525083612040145,
        "tI=tII=tIII": 0.8612040133779264,
        "blade_friction": 0.3879598662207358
    }
}
