{
    "geometrical_parameters": {
        "fiber_diameter": 0.015648829431438128,
        "blade_distance": 0.11003344481605351,
        "elliptical_fiber_ratio": 1.0752508361204014,
        "ratio_droplet_embedded_length": 1.39438127090301,
        "droplet_diameter": 0.13592642140468228,
        "contact_angle": 28.66153846153846,
        "fiber_rotation": 83.37792642140468
    },
    "mechanical_parameters": {
        "interface_friction": 0.0,
        "tI": 1,
        "tII,tIII": 1.3,
        "GI": 0.01,
        "GII,GIII": 0.15,
        "blade_friction": 0.8
    }
}
