{
    "geometrical_parameters": {
        "fiber_diameter": 0.02061122244488978,
        "blade_distance": 0.6263326653306612,
        "elliptical_fiber_ratio": 1.5981963927855711,
        "ratio_droplet_embedded_length": 1.4581963927855712,
        "droplet_diameter": 0.15806012024048097,
        "contact_angle": 20.627254509018037,
        "fiber_rotation": 19.478957915831664
    },
    "mechanical_parameters": {
        "interface_friction": 0.0,
        "tI": 1,
        "tII,tIII": 1.3,
        "GI": 0.01,
        "GII,GIII": 0.15,
        "blade_friction": 0.6
    }
}
