{
    "geometrical_parameters": {
        "fiber_diameter": 0.021,
        "blade_distance": 0.15,
        "elliptical_fiber_ratio": 1.0,
        "ratio_droplet_embedded_length": 1.36,
        "droplet_diameter": 0.162,
        "contact_angle": 25.7,
        "fiber_rotation": 0
    },
    "mechanical_parameters": {
        "interface_friction": 0.0,
        "tI": 0.1936454849498328,
        "tII,tIII": 0.9565217391304347,
        "GI": 0.01921070234113713,
        "GII,GIII": 0.36561872909699,
        "blade_friction": 0.6046822742474918
    }
}
