{
    "geometrical_parameters": {
        "fiber_diameter": 0.03015719063545151,
        "blade_distance": 0.5966555183946488,
        "elliptical_fiber_ratio": 2.4849498327759196,
        "ratio_droplet_embedded_length": 1.1674916387959866,
        "droplet_diameter": 0.2045551839464883,
        "contact_angle": 15.80267558528428,
        "fiber_rotation": 32.809364548494976
    },
    "mechanical_parameters": {
        "interface_friction": 0.0,
        "GI": 0.0015,
        "GII,GIII": 0.3,
        "tI=tII=tIII": 1.3,
        "blade_friction": 0.6
    }
}
