{
    "geometrical_parameters": {
        "fiber_diameter": 0.021849498327759197,
        "blade_distance": 0.26220735785953175,
        "elliptical_fiber_ratio": 1.7826086956521738,
        "ratio_droplet_embedded_length": 1.2809364548494984,
        "droplet_diameter": 0.20590969899665554,
        "contact_angle": 29.078260869565213,
        "fiber_rotation": 11.73913043478261
    },
    "mechanical_parameters": {
        "interface_friction": 0.0,
        "GI": 0.0015,
        "GII,GIII": 0.3,
        "tI=tII=tIII": 1.3,
        "blade_friction": 0.6
    }
}
