{
    "geometrical_parameters": {
        "fiber_diameter": 0.021,
        "blade_distance": 0.15,
        "elliptical_fiber_ratio": 1.0,
        "ratio_droplet_embedded_length": 1.36,
        "droplet_diameter": 0.162,
        "contact_angle": 25.7,
        "fiber_rotation": 0
    },
    "mechanical_parameters": {
        "interface_friction": 0.6876254180602006,
        "GI": 0.045698996655518395,
        "GII,GIII": 0.188628762541806,
        "tI=tII=tIII": 1.919732441471572,
        "blade_friction": 0.7357859531772576
    }
}
