{
    "geometrical_parameters": {
        "fiber_diameter": 0.02859197324414716,
        "blade_distance": 0.4879598662207357,
        "elliptical_fiber_ratio": 1.8779264214046822,
        "ratio_droplet_embedded_length": 1.291638795986622,
        "droplet_diameter": 0.11606020066889633,
        "contact_angle": 21.160535117056853,
        "fiber_rotation": 77.95986622073579
    },
    "mechanical_parameters": {
        "interface_friction": 0.0,
        "GI": 0.0015,
        "GII,GIII": 0.3,
        "tI=tII=tIII": 1.3,
        "blade_friction": 0.6
    }
}
