{
    "geometrical_parameters": {
        "fiber_diameter": 0.016190635451505016,
        "blade_distance": 0.5448160535117057,
        "elliptical_fiber_ratio": 2.2892976588628766,
        "ratio_droplet_embedded_length": 1.1985284280936455,
        "droplet_diameter": 0.120123745819398,
        "contact_angle": 22.589297658862876,
        "fiber_rotation": 66.22073578595318
    },
    "mechanical_parameters": {
        "interface_friction": 0.0,
        "tI": 1,
        "tII,tIII": 1.3,
        "GI": 0.01,
        "GII,GIII": 0.15,
        "blade_friction": 0.8
    }
}
