{
    "geometrical_parameters": {
        "fiber_diameter": 0.0164314381270903,
        "blade_distance": 0.4628762541806021,
        "elliptical_fiber_ratio": 1.2759197324414715,
        "ratio_droplet_embedded_length": 1.2948494983277592,
        "droplet_diameter": 0.17114381270903012,
        "contact_angle": 28.06622073578595,
        "fiber_rotation": 35.21739130434782
    },
    "mechanical_parameters": {
        "interface_friction": 0.0,
        "GI": 0.0015,
        "GII,GIII": 0.3,
        "tI=tII=tIII": 1.3,
        "blade_friction": 0.6
    }
}
