{
    "geometrical_parameters": {
        "fiber_diameter": 0.02313627254509018,
        "blade_distance": 0.5623647294589179,
        "elliptical_fiber_ratio": 1.0691382765531061,
        "ratio_droplet_embedded_length": 1.1952705410821642,
        "droplet_diameter": 0.21893186372745493,
        "contact_angle": 28.724649298597193,
        "fiber_rotation": 65.83166332665331
    },
    "mechanical_parameters": {
        "interface_friction": 0.0,
        "tI": 1,
        "tII,tIII": 1.3,
        "GI": 0.01,
        "GII,GIII": 0.15,
        "blade_friction": 0.6
    }
}
