{
    "geometrical_parameters": {
        "fiber_diameter": 0.029809619238476956,
        "elliptical_fiber_ratio": 1.0,
        "blade_distance": 0.5749498997995992,
        "ratio_droplet_embedded_length": 1.36,
        "droplet_diameter": 0.18349098196392788,
        "contact_angle": 25.7,
        "fiber_rotation": 0
    },
    "mechanical_parameters": {
        "interface_friction": 0.0,
        "GI": 0.0015,
        "GII,GIII": 0.39100200400801605,
        "blade_friction": 0.0,
        "tI=tII=tIII": 1.813627254509018
    }
}
