{
    "geometrical_parameters": {
        "fiber_diameter": 0.018959866220735786,
        "blade_distance": 0.11337792642140468,
        "elliptical_fiber_ratio": 1.8528428093645486,
        "ratio_droplet_embedded_length": 1.4104347826086956,
        "droplet_diameter": 0.11244816053511707,
        "contact_angle": 22.827424749163878,
        "fiber_rotation": 51.47157190635452
    },
    "mechanical_parameters": {
        "interface_friction": 0.0,
        "GI": 0.0015,
        "GII,GIII": 0.3,
        "tI=tII=tIII": 1.3,
        "blade_friction": 0.6
    }
}
