{
    "geometrical_parameters": {
        "fiber_diameter": 0.025642140468227426,
        "blade_distance": 0.579933110367893,
        "elliptical_fiber_ratio": 2.09866220735786,
        "ratio_droplet_embedded_length": 1.265953177257525,
        "droplet_diameter": 0.17836789297658862,
        "contact_angle": 18.422073578595317,
        "fiber_rotation": 9.933110367892976
    },
    "mechanical_parameters": {
        "interface_friction": 0.0,
        "tI": 1,
        "tII,tIII": 1.3,
        "GI": 0.01,
        "GII,GIII": 0.15,
        "blade_friction": 0.8
    }
}
