{
    "geometrical_parameters": {
        "fiber_diameter": 0.02377591973244147,
        "blade_distance": 0.3976588628762542,
        "elliptical_fiber_ratio": 1.1755852842809364,
        "ratio_droplet_embedded_length": 1.2755852842809363,
        "droplet_diameter": 0.1431505016722408,
        "contact_angle": 16.338461538461537,
        "fiber_rotation": 88.49498327759197
    },
    "mechanical_parameters": {
        "interface_friction": 0.0,
        "GI": 0.0015,
        "GII,GIII": 0.3,
        "tI=tII=tIII": 1.3,
        "blade_friction": 0.6
    }
}
