{
    "geometrical_parameters": {
        "fiber_diameter": 0.021,
        "blade_distance": 0.15,
        "elliptical_fiber_ratio": 1.0,
        "ratio_droplet_embedded_length": 1.36,
        "droplet_diameter": 0.162,
        "contact_angle": 25.7,
        "fiber_rotation": 0
    },
    "mechanical_parameters": {
        "interface_friction": 0.04280936454849498,
        "GI": 0.09437123745819398,
        "GII,GIII": 0.24598662207357858,
        "tI=tII=tIII": 0.5250836120401338,
        "blade_friction": 0.04816053511705686
    }
}
