{
    "geometrical_parameters": {
        "fiber_diameter": 0.024618729096989967,
        "blade_distance": 0.7274247491638797,
        "elliptical_fiber_ratio": 2.3244147157190636,
        "ratio_droplet_embedded_length": 1.2798662207357858,
        "droplet_diameter": 0.12734782608695652,
        "contact_angle": 20.505685618729096,
        "fiber_rotation": 63.21070234113713
    },
    "mechanical_parameters": {
        "interface_friction": 0.0,
        "GI": 0.0015,
        "GII,GIII": 0.3,
        "tI=tII=tIII": 1.3,
        "blade_friction": 0.6
    }
}
