{
    "geometrical_parameters": {
        "fiber_diameter": 0.015236472945891782,
        "elliptical_fiber_ratio": 1.0,
        "blade_distance": 0.2693386773547094,
        "ratio_droplet_embedded_length": 1.36,
        "droplet_diameter": 0.21000400801603208,
        "contact_angle": 25.7,
        "fiber_rotation": 0
    },
    "mechanical_parameters": {
        "interface_friction": 0.0,
        "GI": 0.0015,
        "GII,GIII": 0.08266533066132264,
        "blade_friction": 0.0,
        "tI=tII=tIII": 0.9779559118236473
    }
}
