{
    "geometrical_parameters": {
        "fiber_diameter": 0.021,
        "blade_distance": 0.15,
        "elliptical_fiber_ratio": 1.0,
        "ratio_droplet_embedded_length": 1.36,
        "droplet_diameter": 0.162,
        "contact_angle": 25.7,
        "fiber_rotation": 0
    },
    "mechanical_parameters": {
        "interface_friction": 0.06956521739130436,
        "GI": 0.03510367892976589,
        "GII,GIII": 0.27712374581939797,
        "tI=tII=tIII": 0.745819397993311,
        "blade_friction": 0.31304347826086953
    }
}
