{
    "geometrical_parameters": {
        "fiber_diameter": 0.021,
        "blade_distance": 0.042,
        "elliptical_fiber_ratio": 1.0,
        "ratio_droplet_embedded_length": 1.36,
        "droplet_diameter": 0.162,
        "contact_angle": 25.7,
        "fiber_rotation": 0
    },
    "mechanical_parameters": {
        "interface_friction": 0.5137123745819397,
        "GI": 0.047354515050167224,
        "GII,GIII": 0.1640468227424749,
        "tI=tII=tIII": 1.9096989966555185,
        "blade_friction": 0.5137123745819397
    }
}
