{
    "geometrical_parameters": {
        "fiber_diameter": 0.030217391304347828,
        "blade_distance": 0.14214046822742477,
        "elliptical_fiber_ratio": 1.548494983277592,
        "ratio_droplet_embedded_length": 1.4703678929765887,
        "droplet_diameter": 0.1372809364548495,
        "contact_angle": 15.981270903010033,
        "fiber_rotation": 17.157190635451506
    },
    "mechanical_parameters": {
        "interface_friction": 0.0,
        "GI": 0.0015,
        "GII,GIII": 0.3,
        "tI=tII=tIII": 1.3,
        "blade_friction": 0.6
    }
}
