{
    "geometrical_parameters": {
        "fiber_diameter": 0.02667134268537074,
        "blade_distance": 0.61062124248497,
        "elliptical_fiber_ratio": 2.4549098196392785,
        "ratio_droplet_embedded_length": 1.4761523046092184,
        "droplet_diameter": 0.12370140280561123,
        "contact_angle": 13.992384769539077,
        "fiber_rotation": 62.94589178356713
    },
    "mechanical_parameters": {
        "interface_friction": 0.0,
        "tI": 1,
        "tII,tIII": 1.3,
        "GI": 0.01,
        "GII,GIII": 0.15,
        "blade_friction": 0.6
    }
}
