{
    "geometrical_parameters": {
        "fiber_diameter": 0.0275685618729097,
        "blade_distance": 0.5297658862876254,
        "elliptical_fiber_ratio": 2.264214046822743,
        "ratio_droplet_embedded_length": 1.36,
        "droplet_diameter": 0.162,
        "contact_angle": 25.7,
        "fiber_rotation": 45
    },
    "mechanical_parameters": {
        "interface_friction": 0.0,
        "GI": 0.0015,
        "GII,GIII": 0.46558528428093643,
        "blade_friction": 0.0,
        "tI=tII=tIII": 1.7892976588628764
    }
}
