{
    "geometrical_parameters": {
        "fiber_diameter": 0.021,
        "blade_distance": 0.15,
        "elliptical_fiber_ratio": 1.0,
        "ratio_droplet_embedded_length": 1.36,
        "droplet_diameter": 0.162,
        "contact_angle": 25.7,
        "fiber_rotation": 0
    },
    "mechanical_parameters": {
        "interface_friction": 0.7197324414715719,
        "tI": 0.2919732441471572,
        "tII,tIII": 0.560200668896321,
        "GI": 0.04139464882943143,
        "GII,GIII": 0.4377257525083612,
        "blade_friction": 0.12842809364548494
    }
}
