{
    "geometrical_parameters": {
        "fiber_diameter": 0.021,
        "blade_distance": 0.15,
        "elliptical_fiber_ratio": 1.0,
        "ratio_droplet_embedded_length": 1.36,
        "droplet_diameter": 0.162,
        "contact_angle": 25.7,
        "fiber_rotation": 0
    },
    "mechanical_parameters": {
        "interface_friction": 0.251505016722408,
        "GI": 0.07417391304347827,
        "GII,GIII": 0.1640468227424749,
        "tI=tII=tIII": 1.0769230769230769,
        "blade_friction": 0.6100334448160536
    }
}
