{
    "geometrical_parameters": {
        "fiber_diameter": 0.02798996655518395,
        "blade_distance": 0.696989966555184,
        "elliptical_fiber_ratio": 2.0702341137123748,
        "ratio_droplet_embedded_length": 1.2156521739130435,
        "droplet_diameter": 0.14495652173913043,
        "contact_angle": 16.219397993311034,
        "fiber_rotation": 74.64882943143813
    },
    "mechanical_parameters": {
        "interface_friction": 0.0,
        "GI": 0.0015,
        "GII,GIII": 0.3,
        "tI=tII=tIII": 1.3,
        "blade_friction": 0.6
    }
}
