{
    "geometrical_parameters": {
        "fiber_diameter": 0.0264188376753507,
        "elliptical_fiber_ratio": 1.0,
        "blade_distance": 0.4627254509018036,
        "ratio_droplet_embedded_length": 1.36,
        "droplet_diameter": 0.15589579158316635,
        "contact_angle": 25.7,
        "fiber_rotation": 0
    },
    "mechanical_parameters": {
        "interface_friction": 0.0,
        "GI": 0.0015,
        "GII,GIII": 0.010981963927855712,
        "blade_friction": 0.0,
        "tI=tII=tIII": 1.9909819639278556
    }
}
