{
    "geometrical_parameters": {
        "fiber_diameter": 0.029737474949899804,
        "elliptical_fiber_ratio": 1.0,
        "blade_distance": 0.3765531062124249,
        "ratio_droplet_embedded_length": 1.36,
        "droplet_diameter": 0.10124649298597195,
        "contact_angle": 25.7,
        "fiber_rotation": 0
    },
    "mechanical_parameters": {
        "interface_friction": 0.0,
        "GI": 0.0015,
        "GII,GIII": 0.4165330661322645,
        "blade_friction": 0.0,
        "tI=tII=tIII": 1.8376753507014028
    }
}
