{
    "geometrical_parameters": {
        "fiber_diameter": 0.022331103678929768,
        "blade_distance": 0.37926421404682276,
        "elliptical_fiber_ratio": 1.4816053511705685,
        "ratio_droplet_embedded_length": 1.3323076923076922,
        "droplet_diameter": 0.10612709030100335,
        "contact_angle": 14.731103678929765,
        "fiber_rotation": 74.64882943143813
    },
    "mechanical_parameters": {
        "interface_friction": 0.0,
        "GI": 0.0015,
        "GII,GIII": 0.3,
        "tI=tII=tIII": 1.3,
        "blade_friction": 0.6
    }
}
