{
    "geometrical_parameters": {
        "fiber_diameter": 0.018272727272727274,
        "blade_distance": 0.21616161616161617,
        "elliptical_fiber_ratio": 1.2121212121212122,
        "ratio_droplet_embedded_length": 1.1793939393939392,
        "droplet_diameter": 0.10754545454545456,
        "contact_angle": 29.24242424242424,
        "fiber_rotation": 87.27272727272727
    },
    "mechanical_parameters": {
        "interface_friction": 0.0,
        "tI": 0.5,
        "tII,tIII": 1.3,
        "GI": 0.05,
        "GII,GIII": 0.1,
        "blade_friction": 0.6
    }
}
