{
    "geometrical_parameters": {
        "fiber_diameter": 0.028351170568561873,
        "blade_distance": 0.31404682274247486,
        "elliptical_fiber_ratio": 2.028428093645485,
        "ratio_droplet_embedded_length": 1.37190635451505,
        "droplet_diameter": 0.17385284280936458,
        "contact_angle": 15.921739130434782,
        "fiber_rotation": 18.361204013377925
    },
    "mechanical_parameters": {
        "interface_friction": 0.0,
        "tI": 1,
        "tII,tIII": 1.3,
        "GI": 0.01,
        "GII,GIII": 0.15,
        "blade_friction": 0.8
    }
}
