{
    "geometrical_parameters": {
        "fiber_diameter": 0.021,
        "blade_distance": 0.15,
        "elliptical_fiber_ratio": 1.0,
        "ratio_droplet_embedded_length": 1.36,
        "droplet_diameter": 0.162,
        "contact_angle": 25.7,
        "fiber_rotation": 0
    },
    "mechanical_parameters": {
        "interface_friction": 0.3317725752508361,
        "tI": 0.7508361204013377,
        "tII,tIII": 1.6036789297658864,
        "GI": 0.007953177257525083,
        "GII,GIII": 0.4311705685618729,
        "blade_friction": 0.38260869565217387
    }
}
