{
    "geometrical_parameters": {
        "fiber_diameter": 0.029000000000000005,
        "blade_distance": 0.03392223524664803,
        "elliptical_fiber_ratio": 2.111111111111111,
        "ratio_droplet_embedded_length": 1.3151515151515152,
        "droplet_diameter": 0.11027272727272727,
        "contact_angle": 22.949494949494948,
        "fiber_rotation": 74.54545454545455
    },
    "mechanical_parameters": {
        "interface_friction": 0.0,
        "GI": 0.015,
        "GII,GIII": 0.3,
        "tI=tII=tIII": 1.3,
        "blade_friction": 0.6
    }
}
