{
    "geometrical_parameters": {
        "fiber_diameter": 0.021,
        "blade_distance": 0.15,
        "elliptical_fiber_ratio": 1.0,
        "ratio_droplet_embedded_length": 1.36,
        "droplet_diameter": 0.162,
        "contact_angle": 25.7,
        "fiber_rotation": 0
    },
    "mechanical_parameters": {
        "interface_friction": 0.5672240802675586,
        "GI": 0.06490301003344481,
        "GII,GIII": 0.11160535117056855,
        "tI=tII=tIII": 1.0066889632107023,
        "blade_friction": 0.40401337792642145
    }
}
