{
    "geometrical_parameters": {
        "fiber_diameter": 0.026364548494983278,
        "blade_distance": 0.5096989966555184,
        "elliptical_fiber_ratio": 1.0250836120401339,
        "ratio_droplet_embedded_length": 1.3269565217391304,
        "droplet_diameter": 0.18514046822742475,
        "contact_angle": 22.946488294314378,
        "fiber_rotation": 43.34448160535116
    },
    "mechanical_parameters": {
        "interface_friction": 0.0,
        "tI": 1,
        "tII,tIII": 1.3,
        "GI": 0.01,
        "GII,GIII": 0.15,
        "blade_friction": 0.8
    }
}
