{
    "geometrical_parameters": {
        "fiber_diameter": 0.025040133779264215,
        "blade_distance": 0.13344481605351172,
        "elliptical_fiber_ratio": 1.105351170568562,
        "ratio_droplet_embedded_length": 1.2156521739130435,
        "droplet_diameter": 0.21087625418060202,
        "contact_angle": 28.602006688963208,
        "fiber_rotation": 44.247491638795985
    },
    "mechanical_parameters": {
        "interface_friction": 0.0,
        "GI": 0.0015,
        "GII,GIII": 0.3,
        "tI=tII=tIII": 1.3,
        "blade_friction": 0.6
    }
}
