{
    "geometrical_parameters": {
        "fiber_diameter": 0.018418060200668895,
        "blade_distance": 0.27391304347826084,
        "elliptical_fiber_ratio": 2.4347826086956523,
        "ratio_droplet_embedded_length": 1.459665551839465,
        "droplet_diameter": 0.12283277591973245,
        "contact_angle": 14.909698996655518,
        "fiber_rotation": 26.488294314381267
    },
    "mechanical_parameters": {
        "interface_friction": 0.0,
        "GI": 0.0015,
        "GII,GIII": 0.3,
        "tI=tII=tIII": 1.3,
        "blade_friction": 0.6
    }
}
