{
    "geometrical_parameters": {
        "fiber_diameter": 0.018014028056112224,
        "elliptical_fiber_ratio": 1.0,
        "blade_distance": 0.39659318637274543,
        "ratio_droplet_embedded_length": 1.36,
        "droplet_diameter": 0.11504408817635271,
        "contact_angle": 25.7,
        "fiber_rotation": 0
    },
    "mechanical_parameters": {
        "interface_friction": 0.0,
        "GI": 0.0015,
        "GII,GIII": 0.34092184368737477,
        "blade_friction": 0.0,
        "tI=tII=tIII": 1.7655310621242484
    }
}
