{
    "geometrical_parameters": {
        "fiber_diameter": 0.01571356783919598,
        "blade_distance": 0.7185929648241207,
        "elliptical_fiber_ratio": 1.9447236180904524,
        "ratio_droplet_embedded_length": 1.2596984924623116,
        "droplet_diameter": 0.16380402010050252,
        "contact_angle": 13.6,
        "fiber_rotation": 82.31155778894473
    },
    "mechanical_parameters": {
        "interface_friction": 0.0,
        "GI": 0.0015,
        "GII,GIII": 0.3,
        "tI=tII=tIII": 1.3,
        "blade_friction": 0.6
    }
}
