{
    "geometrical_parameters": {
        "fiber_diameter": 0.016272727272727272,
        "blade_distance": 0.06801042444558475,
        "elliptical_fiber_ratio": 2.757575757575758,
        "ratio_droplet_embedded_length": 1.341010101010101,
        "droplet_diameter": 0.12118181818181818,
        "contact_angle": 14.498989898989898,
        "fiber_rotation": 71.81818181818183
    },
    "mechanical_parameters": {
        "interface_friction": 0.0,
        "GI": 0.015,
        "GII,GIII": 0.3,
        "tI=tII=tIII": 1.3,
        "blade_friction": 0.6
    }
}
