{
    "geometrical_parameters": {
        "fiber_diameter": 0.014083612040133779,
        "blade_distance": 0.31739130434782603,
        "elliptical_fiber_ratio": 2.09866220735786,
        "ratio_droplet_embedded_length": 1.397591973244147,
        "droplet_diameter": 0.15172909698996656,
        "contact_angle": 27.589966555183942,
        "fiber_rotation": 0.3010033444816054
    },
    "mechanical_parameters": {
        "interface_friction": 0.0,
        "GI": 0.0015,
        "GII,GIII": 0.3,
        "tI=tII=tIII": 1.3,
        "blade_friction": 0.6
    }
}
