{
    "geometrical_parameters": {
        "fiber_diameter": 0.023956521739130435,
        "blade_distance": 0.41438127090301,
        "elliptical_fiber_ratio": 1.1755852842809364,
        "ratio_droplet_embedded_length": 1.36,
        "droplet_diameter": 0.162,
        "contact_angle": 25.7,
        "fiber_rotation": 0
    },
    "mechanical_parameters": {
        "interface_friction": 0.0,
        "GI": 0.0015,
        "GII,GIII": 0.08866220735785953,
        "blade_friction": 0.0,
        "tI=tII=tIII": 1.4732441471571907
    }
}
