{
    "geometrical_parameters": {
        "fiber_diameter": 0.021608695652173913,
        "elliptical_fiber_ratio": 1.0,
        "blade_distance": 0.37926421404682276,
        "ratio_droplet_embedded_length": 1.36,
        "droplet_diameter": 0.21855183946488294,
        "contact_angle": 25.7,
        "fiber_rotation": 0
    },
    "mechanical_parameters": {
        "interface_friction": 0.0,
        "GI": 0.0015,
        "GII,GIII": 0.1968227424749164,
        "blade_friction": 0.0,
        "tI=tII=tIII": 1.5836120401337792
    }
}
