{
    "geometrical_parameters": {
        "fiber_diameter": 0.027869565217391305,
        "elliptical_fiber_ratio": 1.0,
        "blade_distance": 0.2036789297658863,
        "ratio_droplet_embedded_length": 1.36,
        "droplet_diameter": 0.22171237458193982,
        "contact_angle": 25.7,
        "fiber_rotation": 0
    },
    "mechanical_parameters": {
        "interface_friction": 0.0,
        "GI": 0.0015,
        "GII,GIII": 0.47541806020066885,
        "blade_friction": 0.0,
        "tI=tII=tIII": 1.5284280936454848
    }
}
