{
    "geometrical_parameters": {
        "fiber_diameter": 0.0221505016722408,
        "blade_distance": 0.29230769230769227,
        "elliptical_fiber_ratio": 2.219063545150502,
        "ratio_droplet_embedded_length": 1.4650167224080268,
        "droplet_diameter": 0.22216387959866224,
        "contact_angle": 13.659531772575251,
        "fiber_rotation": 4.816053511705685
    },
    "mechanical_parameters": {
        "interface_friction": 0.0,
        "GI": 0.0015,
        "GII,GIII": 0.3,
        "tI=tII=tIII": 1.3,
        "blade_friction": 0.6
    }
}
