{
    "geometrical_parameters": {
        "fiber_diameter": 0.021,
        "blade_distance": 0.15,
        "elliptical_fiber_ratio": 1.0,
        "ratio_droplet_embedded_length": 1.36,
        "droplet_diameter": 0.162,
        "contact_angle": 25.7,
        "fiber_rotation": 0
    },
    "mechanical_parameters": {
        "interface_friction": 0.21672240802675583,
        "tI": 0.3153846153846154,
        "tII,tIII": 0.7809364548494984,
        "GI": 0.010602006688963213,
        "GII,GIII": 0.024749163879598662,
        "blade_friction": 0.48160535117056863
    }
}
