{
    "geometrical_parameters": {
        "fiber_diameter": 0.017334448160535115,
        "blade_distance": 0.5782608695652174,
        "elliptical_fiber_ratio": 2.068561872909699,
        "ratio_droplet_embedded_length": 1.454314381270903,
        "droplet_diameter": 0.1815284280936455,
        "contact_angle": 19.67224080267558,
        "fiber_rotation": 89.6989966555184
    },
    "mechanical_parameters": {
        "interface_friction": 0.0,
        "GI": 0.0015,
        "GII,GIII": 0.3,
        "tI=tII=tIII": 1.3,
        "blade_friction": 0.6
    }
}
