{
    "geometrical_parameters": {
        "fiber_diameter": 0.016859719438877756,
        "elliptical_fiber_ratio": 1.0,
        "blade_distance": 0.5158316633266533,
        "ratio_droplet_embedded_length": 1.36,
        "droplet_diameter": 0.09935270541082165,
        "contact_angle": 25.7,
        "fiber_rotation": 0
    },
    "mechanical_parameters": {
        "interface_friction": 0.0,
        "GI": 0.0015,
        "GII,GIII": 0.3585971943887776,
        "blade_friction": 0.0,
        "tI=tII=tIII": 1.1282565130260522
    }
}
