{
    "geometrical_parameters": {
        "fiber_diameter": 0.0198628762541806,
        "blade_distance": 0.21036789297658864,
        "elliptical_fiber_ratio": 1.7775919732441472,
        "ratio_droplet_embedded_length": 1.4414715719063544,
        "droplet_diameter": 0.1377324414715719,
        "contact_angle": 17.588628762541806,
        "fiber_rotation": 86.98996655518394
    },
    "mechanical_parameters": {
        "interface_friction": 0.0,
        "GI": 0.0015,
        "GII,GIII": 0.3,
        "tI=tII=tIII": 1.3,
        "blade_friction": 0.6
    }
}
