{
    "geometrical_parameters": {
        "fiber_diameter": 0.02493969849246231,
        "blade_distance": 0.6824120603015076,
        "elliptical_fiber_ratio": 1.2914572864321607,
        "ratio_droplet_embedded_length": 1.3288442211055276,
        "droplet_diameter": 0.22214572864321608,
        "contact_angle": 28.00100502512563,
        "fiber_rotation": 84.12060301507537
    },
    "mechanical_parameters": {
        "interface_friction": 0.0,
        "GI": 0.0015,
        "GII,GIII": 0.3,
        "tI=tII=tIII": 1.3,
        "blade_friction": 0.6
    }
}
