{
    "geometrical_parameters": {
        "fiber_diameter": 0.020705685618729097,
        "blade_distance": 0.20066889632107027,
        "elliptical_fiber_ratio": 1.2675585284280937,
        "ratio_droplet_embedded_length": 1.3098327759197324,
        "droplet_diameter": 0.21177926421404683,
        "contact_angle": 19.017391304347825,
        "fiber_rotation": 36.72240802675584
    },
    "mechanical_parameters": {
        "interface_friction": 0.0,
        "GI": 0.0015,
        "GII,GIII": 0.3,
        "tI=tII=tIII": 1.3,
        "blade_friction": 0.6
    }
}
