{
    "geometrical_parameters": {
        "fiber_diameter": 0.020103678929765886,
        "blade_distance": 0.12006688963210703,
        "elliptical_fiber_ratio": 1.080267558528428,
        "ratio_droplet_embedded_length": 1.36,
        "droplet_diameter": 0.162,
        "contact_angle": 25.7,
        "fiber_rotation": 0
    },
    "mechanical_parameters": {
        "interface_friction": 0.0,
        "GI": 0.0015,
        "GII,GIII": 0.036220735785953175,
        "blade_friction": 0.0,
        "tI=tII=tIII": 0.6254180602006689
    }
}
