{
    "geometrical_parameters": {
        "fiber_diameter": 0.020103678929765886,
        "blade_distance": 0.5548494983277592,
        "elliptical_fiber_ratio": 1.3260869565217392,
        "ratio_droplet_embedded_length": 1.1953177257525083,
        "droplet_diameter": 0.21358528428093648,
        "contact_angle": 24.97056856187291,
        "fiber_rotation": 25.585284280936452
    },
    "mechanical_parameters": {
        "interface_friction": 0.0,
        "GI": 0.0015,
        "GII,GIII": 0.3,
        "tI=tII=tIII": 1.3,
        "blade_friction": 0.6
    }
}
