{
    "geometrical_parameters": {
        "fiber_diameter": 0.021,
        "blade_distance": 0.15,
        "elliptical_fiber_ratio": 1.0,
        "ratio_droplet_embedded_length": 1.36,
        "droplet_diameter": 0.162,
        "contact_angle": 25.7,
        "fiber_rotation": 0
    },
    "mechanical_parameters": {
        "interface_friction": 0.6287625418060201,
        "GI": 0.09635785953177259,
        "GII,GIII": 0.4180602006688963,
        "tI=tII=tIII": 0.6906354515050167,
        "blade_friction": 0.6127090301003346
    }
}
