{
    "geometrical_parameters": {
        "fiber_diameter": 0.03081818181818182,
        "blade_distance": 0.5444444444444445,
        "elliptical_fiber_ratio": 1.3181818181818181,
        "ratio_droplet_embedded_length": 1.1696969696969697,
        "droplet_diameter": 0.17300000000000001,
        "contact_angle": 18.993939393939392,
        "fiber_rotation": 21.818181818181817
    },
    "mechanical_parameters": {
        "interface_friction": 0.0,
        "GI": 0.0015,
        "GII,GIII": 0.15,
        "tI=tII=tIII": 1.25,
        "blade_friction": 0.6
    }
}
