{
    "geometrical_parameters": {
        "fiber_diameter": 0.017635451505016723,
        "blade_distance": 0.5816053511705686,
        "elliptical_fiber_ratio": 1.9180602006688963,
        "ratio_droplet_embedded_length": 1.36,
        "droplet_diameter": 0.162,
        "contact_angle": 25.7,
        "fiber_rotation": 45
    },
    "mechanical_parameters": {
        "interface_friction": 0.0,
        "GI": 0.0015,
        "GII,GIII": 0.024749163879598662,
        "blade_friction": 0.0,
        "tI=tII=tIII": 1.3578595317725752
    }
}
