{
    "geometrical_parameters": {
        "fiber_diameter": 0.025461538461538463,
        "blade_distance": 0.4698996655518396,
        "elliptical_fiber_ratio": 2.7525083612040135,
        "ratio_droplet_embedded_length": 1.2070903010033445,
        "droplet_diameter": 0.16391973244147157,
        "contact_angle": 16.814715719063543,
        "fiber_rotation": 42.74247491638796
    },
    "mechanical_parameters": {
        "interface_friction": 0.0,
        "GI": 0.0015,
        "GII,GIII": 0.3,
        "tI=tII=tIII": 1.3,
        "blade_friction": 0.6
    }
}
