{
    "geometrical_parameters": {
        "fiber_diameter": 0.014190380761523045,
        "blade_distance": 0.4243286573146293,
        "elliptical_fiber_ratio": 2.1723446893787575,
        "ratio_droplet_embedded_length": 1.3171142284569137,
        "droplet_diameter": 0.1902545090180361,
        "contact_angle": 24.158717434869736,
        "fiber_rotation": 66.19238476953907
    },
    "mechanical_parameters": {
        "interface_friction": 0.0,
        "tI": 1,
        "tII,tIII": 1.3,
        "GI": 0.01,
        "GII,GIII": 0.15,
        "blade_friction": 0.6
    }
}
