{
    "geometrical_parameters": {
        "fiber_diameter": 0.019381270903010034,
        "blade_distance": 0.5264214046822743,
        "elliptical_fiber_ratio": 1.531772575250836,
        "ratio_droplet_embedded_length": 1.36,
        "droplet_diameter": 0.162,
        "contact_angle": 25.7,
        "fiber_rotation": 45
    },
    "mechanical_parameters": {
        "interface_friction": 0.0,
        "GI": 0.0015,
        "GII,GIII": 0.4229765886287626,
        "blade_friction": 0.0,
        "tI=tII=tIII": 1.648829431438127
    }
}
