{
    "geometrical_parameters": {
        "fiber_diameter": 0.01898797595190381,
        "blade_distance": 0.39402805611222447,
        "elliptical_fiber_ratio": 1.2014028056112225,
        "ratio_droplet_embedded_length": 1.2337474949899798,
        "droplet_diameter": 0.17266933867735473,
        "contact_angle": 15.918637274549098,
        "fiber_rotation": 69.79959919839679
    },
    "mechanical_parameters": {
        "interface_friction": 0.0,
        "tI": 1,
        "tII,tIII": 1.3,
        "GI": 0.01,
        "GII,GIII": 0.15,
        "blade_friction": 0.6
    }
}
