{
    "geometrical_parameters": {
        "fiber_diameter": 0.021,
        "blade_distance": 0.15,
        "elliptical_fiber_ratio": 1.0,
        "ratio_droplet_embedded_length": 1.36,
        "droplet_diameter": 0.162,
        "contact_angle": 25.7,
        "fiber_rotation": 0
    },
    "mechanical_parameters": {
        "interface_friction": 0.6849498327759198,
        "GI": 0.052652173913043485,
        "GII,GIII": 0.3508695652173913,
        "tI=tII=tIII": 1.1973244147157192,
        "blade_friction": 0.0882943143812709
    }
}
