{
    "geometrical_parameters": {
        "fiber_diameter": 0.01980267558528428,
        "blade_distance": 0.5464882943143813,
        "elliptical_fiber_ratio": 1.862876254180602,
        "ratio_droplet_embedded_length": 1.36,
        "droplet_diameter": 0.162,
        "contact_angle": 25.7,
        "fiber_rotation": 0
    },
    "mechanical_parameters": {
        "interface_friction": 0.0,
        "GI": 0.0015,
        "GII,GIII": 0.2443478260869565,
        "blade_friction": 0.0,
        "tI=tII=tIII": 0.8411371237458194
    }
}
