{
    "geometrical_parameters": {
        "fiber_diameter": 0.015408026755852842,
        "blade_distance": 0.18193979933110369,
        "elliptical_fiber_ratio": 2.209030100334448,
        "ratio_droplet_embedded_length": 1.36,
        "droplet_diameter": 0.162,
        "contact_angle": 25.7,
        "fiber_rotation": 45
    },
    "mechanical_parameters": {
        "interface_friction": 0.0,
        "GI": 0.0015,
        "GII,GIII": 0.06899665551839465,
        "blade_friction": 0.0,
        "tI=tII=tIII": 1.2474916387959865
    }
}
