{
    "geometrical_parameters": {
        "fiber_diameter": 0.029555183946488296,
        "blade_distance": 0.5364548494983278,
        "elliptical_fiber_ratio": 1.948160535117057,
        "ratio_droplet_embedded_length": 1.365484949832776,
        "droplet_diameter": 0.23254849498327762,
        "contact_angle": 16.159866220735786,
        "fiber_rotation": 21.070234113712374
    },
    "mechanical_parameters": {
        "interface_friction": 0.0,
        "tI": 1,
        "tII,tIII": 1.3,
        "GI": 0.01,
        "GII,GIII": 0.15,
        "blade_friction": 0.8
    }
}
