{
    "geometrical_parameters": {
        "fiber_diameter": 0.02028428093645485,
        "blade_distance": 0.571571906354515,
        "elliptical_fiber_ratio": 2.4949832775919734,
        "ratio_droplet_embedded_length": 1.36,
        "droplet_diameter": 0.162,
        "contact_angle": 25.7,
        "fiber_rotation": 0
    },
    "mechanical_parameters": {
        "interface_friction": 0.0,
        "GI": 0.0015,
        "GII,GIII": 0.37217391304347824,
        "blade_friction": 0.0,
        "tI=tII=tIII": 1.1270903010033444
    }
}
