{
    "geometrical_parameters": {
        "fiber_diameter": 0.018779264214046822,
        "blade_distance": 0.19698996655518394,
        "elliptical_fiber_ratio": 2.0836120401337794,
        "ratio_droplet_embedded_length": 1.36,
        "droplet_diameter": 0.162,
        "contact_angle": 25.7,
        "fiber_rotation": 45
    },
    "mechanical_parameters": {
        "interface_friction": 0.0,
        "GI": 0.0015,
        "GII,GIII": 0.17224080267558528,
        "blade_friction": 0.0,
        "tI=tII=tIII": 1.653846153846154
    }
}
