{
    "geometrical_parameters": {
        "fiber_diameter": 0.02251170568561873,
        "elliptical_fiber_ratio": 1.0,
        "blade_distance": 0.16354515050167223,
        "ratio_droplet_embedded_length": 1.36,
        "droplet_diameter": 0.13908695652173914,
        "contact_angle": 25.7,
        "fiber_rotation": 0
    },
    "mechanical_parameters": {
        "interface_friction": 0.0,
        "GI": 0.0015,
        "GII,GIII": 0.3820066889632107,
        "blade_friction": 0.0,
        "tI=tII=tIII": 1.0267558528428093
    }
}
