{
    "geometrical_parameters": {
        "fiber_diameter": 0.02112709030100334,
        "blade_distance": 0.2588628762541806,
        "elliptical_fiber_ratio": 1.7876254180602005,
        "ratio_droplet_embedded_length": 1.36,
        "droplet_diameter": 0.162,
        "contact_angle": 25.7,
        "fiber_rotation": 0
    },
    "mechanical_parameters": {
        "interface_friction": 0.0,
        "GI": 0.0015,
        "GII,GIII": 0.11652173913043479,
        "blade_friction": 0.0,
        "tI=tII=tIII": 1.9548494983277591
    }
}
