{
    "geometrical_parameters": {
        "fiber_diameter": 0.017214046822742475,
        "elliptical_fiber_ratio": 1.0,
        "blade_distance": 0.13344481605351172,
        "ratio_droplet_embedded_length": 1.36,
        "droplet_diameter": 0.21448829431438127,
        "contact_angle": 25.7,
        "fiber_rotation": 0
    },
    "mechanical_parameters": {
        "interface_friction": 0.0,
        "GI": 0.0015,
        "GII,GIII": 0.46886287625418055,
        "blade_friction": 0.0,
        "tI=tII=tIII": 1.9347826086956523
    }
}
