{
    "geometrical_parameters": {
        "fiber_diameter": 0.02883277591973244,
        "blade_distance": 0.2454849498327759,
        "elliptical_fiber_ratio": 1.7224080267558528,
        "ratio_droplet_embedded_length": 1.3547826086956523,
        "droplet_diameter": 0.1923645484949833,
        "contact_angle": 24.732441471571903,
        "fiber_rotation": 49.06354515050167
    },
    "mechanical_parameters": {
        "interface_friction": 0.0,
        "GI": 0.0015,
        "GII,GIII": 0.3,
        "tI=tII=tIII": 1.3,
        "blade_friction": 0.6
    }
}
