{
    "geometrical_parameters": {
        "fiber_diameter": 0.02883277591973244,
        "blade_distance": 0.1234113712374582,
        "elliptical_fiber_ratio": 1.1705685618729098,
        "ratio_droplet_embedded_length": 1.36,
        "droplet_diameter": 0.162,
        "contact_angle": 25.7,
        "fiber_rotation": 45
    },
    "mechanical_parameters": {
        "interface_friction": 0.0,
        "GI": 0.0015,
        "GII,GIII": 0.49180602006688956,
        "blade_friction": 0.0,
        "tI=tII=tIII": 0.8311036789297659
    }
}
