{
    "geometrical_parameters": {
        "fiber_diameter": 0.026304347826086958,
        "blade_distance": 0.3073578595317726,
        "elliptical_fiber_ratio": 1.92809364548495,
        "ratio_droplet_embedded_length": 1.36,
        "droplet_diameter": 0.162,
        "contact_angle": 25.7,
        "fiber_rotation": 0
    },
    "mechanical_parameters": {
        "interface_friction": 0.0,
        "GI": 0.0015,
        "GII,GIII": 0.3164548494983278,
        "blade_friction": 0.0,
        "tI=tII=tIII": 0.7357859531772575
    }
}
