{
    "geometrical_parameters": {
        "fiber_diameter": 0.021,
        "blade_distance": 0.15,
        "elliptical_fiber_ratio": 1.0,
        "ratio_droplet_embedded_length": 1.36,
        "droplet_diameter": 0.162,
        "contact_angle": 25.7,
        "fiber_rotation": 0
    },
    "mechanical_parameters": {
        "interface_friction": 0.6260869565217392,
        "GI": 0.09735117056856189,
        "GII,GIII": 0.05096989966555185,
        "tI=tII=tIII": 1.387959866220736,
        "blade_friction": 0.1765886287625418
    }
}
