{
    "geometrical_parameters": {
        "fiber_diameter": 0.021,
        "blade_distance": 0.042,
        "elliptical_fiber_ratio": 1.0,
        "ratio_droplet_embedded_length": 1.36,
        "droplet_diameter": 0.162,
        "contact_angle": 25.7,
        "fiber_rotation": 0
    },
    "mechanical_parameters": {
        "interface_friction": 0.6367892976588629,
        "GI": 0.0970200668896321,
        "GII,GIII": 0.2312374581939799,
        "tI=tII=tIII": 1.7290969899665551,
        "blade_friction": 0.5698996655518395
    }
}
