{
    "geometrical_parameters": {
        "fiber_diameter": 0.021,
        "blade_distance": 0.042,
        "elliptical_fiber_ratio": 1.0,
        "ratio_droplet_embedded_length": 1.36,
        "droplet_diameter": 0.162,
        "contact_angle": 25.7,
        "fiber_rotation": 0
    },
    "mechanical_parameters": {
        "interface_friction": 0.5672240802675586,
        "GI": 0.06556521739130435,
        "GII,GIII": 0.40658862876254187,
        "tI=tII=tIII": 0.6304347826086957,
        "blade_friction": 0.3451505016722408
    }
}
