{
    "geometrical_parameters": {
        "fiber_diameter": 0.021,
        "blade_distance": 0.042,
        "elliptical_fiber_ratio": 1.0,
        "ratio_droplet_embedded_length": 1.36,
        "droplet_diameter": 0.162,
        "contact_angle": 25.7,
        "fiber_rotation": 0
    },
    "mechanical_parameters": {
        "interface_friction": 0.6127090301003346,
        "GI": 0.008615384615384617,
        "GII,GIII": 0.49180602006688956,
        "tI=tII=tIII": 1.8946488294314383,
        "blade_friction": 0.026755852842809364
    }
}
