{
    "geometrical_parameters": {
        "fiber_diameter": 0.013963210702341137,
        "blade_distance": 0.7344481605351171,
        "elliptical_fiber_ratio": 1.8829431438127089,
        "ratio_droplet_embedded_length": 1.4553846153846153,
        "droplet_diameter": 0.22171237458193982,
        "contact_angle": 22.053511705685615,
        "fiber_rotation": 64.41471571906355
    },
    "mechanical_parameters": {
        "interface_friction": 0.0,
        "GI": 0.0015,
        "GII,GIII": 0.3,
        "tI=tII=tIII": 1.3,
        "blade_friction": 0.6
    }
}
