{
    "geometrical_parameters": {
        "fiber_diameter": 0.029013377926421405,
        "blade_distance": 0.4612040133779265,
        "elliptical_fiber_ratio": 1.5418060200668897,
        "ratio_droplet_embedded_length": 1.36,
        "droplet_diameter": 0.162,
        "contact_angle": 25.7,
        "fiber_rotation": 0
    },
    "mechanical_parameters": {
        "interface_friction": 0.0,
        "GI": 0.0015,
        "GII,GIII": 0.13127090301003344,
        "blade_friction": 0.0,
        "tI=tII=tIII": 1.0618729096989967
    }
}
