{
    "geometrical_parameters": {
        "fiber_diameter": 0.021,
        "blade_distance": 0.15,
        "elliptical_fiber_ratio": 1.0,
        "ratio_droplet_embedded_length": 1.36,
        "droplet_diameter": 0.162,
        "contact_angle": 25.7,
        "fiber_rotation": 0
    },
    "mechanical_parameters": {
        "interface_friction": 0.4147157190635452,
        "GI": 0.04768561872909699,
        "GII,GIII": 0.09193979933110369,
        "tI=tII=tIII": 1.5284280936454848,
        "blade_friction": 0.4120401337792643
    }
}
