{
    "geometrical_parameters": {
        "fiber_diameter": 0.0241371237458194,
        "elliptical_fiber_ratio": 1.0,
        "blade_distance": 0.46622073578595313,
        "ratio_droplet_embedded_length": 1.36,
        "droplet_diameter": 0.11289966555183947,
        "contact_angle": 25.7,
        "fiber_rotation": 0
    },
    "mechanical_parameters": {
        "interface_friction": 0.0,
        "GI": 0.0015,
        "GII,GIII": 0.21321070234113712,
        "blade_friction": 0.0,
        "tI=tII=tIII": 0.9314381270903009
    }
}
