{
    "geometrical_parameters": {
        "fiber_diameter": 0.021,
        "blade_distance": 0.042,
        "elliptical_fiber_ratio": 1.0,
        "ratio_droplet_embedded_length": 1.36,
        "droplet_diameter": 0.162,
        "contact_angle": 25.7,
        "fiber_rotation": 0
    },
    "mechanical_parameters": {
        "interface_friction": 0.5591973244147157,
        "GI": 0.030137123745819398,
        "GII,GIII": 0.03458193979933111,
        "tI=tII=tIII": 0.8561872909698997,
        "blade_friction": 0.31839464882943147
    }
}
