{
    "geometrical_parameters": {
        "fiber_diameter": 0.0180501002004008,
        "blade_distance": 0.35811623246492996,
        "elliptical_fiber_ratio": 2.343687374749499,
        "ratio_droplet_embedded_length": 1.3876553106212424,
        "droplet_diameter": 0.1667174348697395,
        "contact_angle": 20.841282565130257,
        "fiber_rotation": 56.9939879759519
    },
    "mechanical_parameters": {
        "interface_friction": 0.0,
        "tI": 1,
        "tII,tIII": 1.3,
        "GI": 0.01,
        "GII,GIII": 0.15,
        "blade_friction": 0.6
    }
}
