{
    "geometrical_parameters": {
        "fiber_diameter": 0.02136789297658863,
        "blade_distance": 0.3558528428093646,
        "elliptical_fiber_ratio": 1.4163879598662208,
        "ratio_droplet_embedded_length": 1.3986622073578596,
        "droplet_diameter": 0.1715953177257525,
        "contact_angle": 23.363210702341135,
        "fiber_rotation": 56.28762541806021
    },
    "mechanical_parameters": {
        "interface_friction": 0.0,
        "GI": 0.0015,
        "GII,GIII": 0.3,
        "tI=tII=tIII": 1.3,
        "blade_friction": 0.6
    }
}
