{
    "geometrical_parameters": {
        "fiber_diameter": 0.01580402010050251,
        "blade_distance": 0.5648241206030151,
        "elliptical_fiber_ratio": 1.0402010050251256,
        "ratio_droplet_embedded_length": 1.290251256281407,
        "droplet_diameter": 0.16516080402010053,
        "contact_angle": 14.136683417085427,
        "fiber_rotation": 70.10050251256281
    },
    "mechanical_parameters": {
        "interface_friction": 0.0,
        "GI": 0.0015,
        "GII,GIII": 0.3,
        "tI=tII=tIII": 1.3,
        "blade_friction": 0.6
    }
}
