{
    "geometrical_parameters": {
        "fiber_diameter": 0.02227054108216433,
        "blade_distance": 0.431062124248497,
        "elliptical_fiber_ratio": 2.4458917835671343,
        "ratio_droplet_embedded_length": 1.260681362725451,
        "droplet_diameter": 0.12748897795591183,
        "contact_angle": 20.662925851703406,
        "fiber_rotation": 71.60320641282566
    },
    "mechanical_parameters": {
        "interface_friction": 0.0,
        "tI": 1,
        "tII,tIII": 1.3,
        "GI": 0.01,
        "GII,GIII": 0.15,
        "blade_friction": 0.6
    }
}
