{
    "geometrical_parameters": {
        "fiber_diameter": 0.014587174348697395,
        "blade_distance": 0.444689378757515,
        "elliptical_fiber_ratio": 1.2134268537074149,
        "ratio_droplet_embedded_length": 1.2888977955911822,
        "droplet_diameter": 0.18322044088176354,
        "contact_angle": 26.441683366733464,
        "fiber_rotation": 17.49498997995992
    },
    "mechanical_parameters": {
        "interface_friction": 0.0,
        "tI": 1,
        "tII,tIII": 1.3,
        "GI": 0.015,
        "GII,GIII": 0.1,
        "blade_friction": 0.6
    }
}
