{
    "geometrical_parameters": {
        "fiber_diameter": 0.03081818181818182,
        "blade_distance": 0.12703863693554934,
        "elliptical_fiber_ratio": 1.808080808080808,
        "ratio_droplet_embedded_length": 1.2666666666666666,
        "droplet_diameter": 0.21527272727272728,
        "contact_angle": 24.747474747474747,
        "fiber_rotation": 43.63636363636363
    },
    "mechanical_parameters": {
        "interface_friction": 0.0,
        "GI": 0.015,
        "GII,GIII": 0.3,
        "tI=tII=tIII": 1.3,
        "blade_friction": 0.6
    }
}
