{
    "geometrical_parameters": {
        "fiber_diameter": 0.014272727272727272,
        "blade_distance_ratio_to_fiber_diameter": 3.106060606060606,
        "elliptical_fiber_ratio": 1.0808080808080809,
        "ratio_droplet_embedded_length": 1.189090909090909,
        "droplet_diameter": 0.18663636363636366,
        "contact_angle": 17.375757575757575,
        "fiber_rotation": 11.81818181818182
    },
    "mechanical_parameters": {
        "interface_friction": 0.0,
        "GI": 0.015,
        "GII,GIII": 0.3,
        "tI=tII=tIII": 1.3,
        "blade_friction": 0.6
    }
}
