{
    "geometrical_parameters": {
        "fiber_diameter": 0.029916387959866217,
        "blade_distance": 0.4294314381270903,
        "elliptical_fiber_ratio": 2.1137123745819397,
        "ratio_droplet_embedded_length": 1.391170568561873,
        "droplet_diameter": 0.1761103678929766,
        "contact_angle": 27.292307692307688,
        "fiber_rotation": 40.33444816053511
    },
    "mechanical_parameters": {
        "interface_friction": 0.0,
        "GI": 0.0015,
        "GII,GIII": 0.3,
        "tI=tII=tIII": 1.3,
        "blade_friction": 0.6
    }
}
