{
    "geometrical_parameters": {
        "fiber_diameter": 0.029088176352705414,
        "blade_distance": 0.1483521540158637,
        "elliptical_fiber_ratio": 2.61122244488978,
        "ratio_droplet_embedded_length": 1.172184368737475,
        "droplet_diameter": 0.1864669338677355,
        "contact_angle": 21.98276553106212,
        "fiber_rotation": 25.791583166332664
    },
    "mechanical_parameters": {
        "interface_friction": 0.0048096192384769546,
        "GI": 0.09504008016032064,
        "GII,GIII": 0.41076152304609226,
        "tI=tII=tIII": 0.7344689378757515,
        "blade_friction": 0.7807615230460921
    }
}
