{
    "geometrical_parameters": {
        "fiber_diameter": 0.021187290969899665,
        "blade_distance": 0.7859531772575251,
        "elliptical_fiber_ratio": 2.237458193979933,
        "ratio_droplet_embedded_length": 1.248829431438127,
        "droplet_diameter": 0.2104247491638796,
        "contact_angle": 15.564548494983278,
        "fiber_rotation": 5.418060200668896
    },
    "mechanical_parameters": {
        "interface_friction": 0.0,
        "GI": 0.0015,
        "GII,GIII": 0.3,
        "tI=tII=tIII": 1.3,
        "blade_friction": 0.6
    }
}
