{
    "geometrical_parameters": {
        "fiber_diameter": 0.019682274247491638,
        "blade_distance": 0.5916387959866222,
        "elliptical_fiber_ratio": 2.59866220735786,
        "ratio_droplet_embedded_length": 1.2038795986622073,
        "droplet_diameter": 0.13050836120401338,
        "contact_angle": 20.624749163879596,
        "fiber_rotation": 67.7257525083612
    },
    "mechanical_parameters": {
        "interface_friction": 0.0,
        "GI": 0.0015,
        "GII,GIII": 0.3,
        "tI=tII=tIII": 1.3,
        "blade_friction": 0.6
    }
}
