{
    "geometrical_parameters": {
        "fiber_diameter": 0.030638795986622072,
        "blade_distance": 0.29397993311036785,
        "elliptical_fiber_ratio": 2.0384615384615383,
        "ratio_droplet_embedded_length": 1.36,
        "droplet_diameter": 0.162,
        "contact_angle": 25.7,
        "fiber_rotation": 45
    },
    "mechanical_parameters": {
        "interface_friction": 0.0,
        "GI": 0.0015,
        "GII,GIII": 0.34267558528428094,
        "blade_friction": 0.0,
        "tI=tII=tIII": 0.540133779264214
    }
}
