{
    "geometrical_parameters": {
        "fiber_diameter": 0.015167224080267558,
        "blade_distance": 0.24882943143812708,
        "elliptical_fiber_ratio": 1.5819397993311037,
        "ratio_droplet_embedded_length": 1.437190635451505,
        "droplet_diameter": 0.19326755852842809,
        "contact_angle": 13.838127090301002,
        "fiber_rotation": 53.87959866220736
    },
    "mechanical_parameters": {
        "interface_friction": 0.0,
        "GI": 0.0015,
        "GII,GIII": 0.3,
        "tI=tII=tIII": 1.3,
        "blade_friction": 0.6
    }
}
