{
    "geometrical_parameters": {
        "fiber_diameter": 0.022872909698996656,
        "elliptical_fiber_ratio": 1.0,
        "blade_distance": 0.2755852842809364,
        "ratio_droplet_embedded_length": 1.36,
        "droplet_diameter": 0.20500668896321073,
        "contact_angle": 25.7,
        "fiber_rotation": 0
    },
    "mechanical_parameters": {
        "interface_friction": 0.0,
        "GI": 0.0015,
        "GII,GIII": 0.03294314381270903,
        "blade_friction": 0.0,
        "tI=tII=tIII": 1.5735785953177257
    }
}
