{
    "geometrical_parameters": {
        "fiber_diameter": 0.02317391304347826,
        "blade_distance": 0.345819397993311,
        "elliptical_fiber_ratio": 1.4364548494983276,
        "ratio_droplet_embedded_length": 1.36,
        "droplet_diameter": 0.162,
        "contact_angle": 25.7,
        "fiber_rotation": 45
    },
    "mechanical_parameters": {
        "interface_friction": 0.0,
        "GI": 0.0015,
        "GII,GIII": 0.16076923076923078,
        "blade_friction": 0.0,
        "tI=tII=tIII": 1.4933110367892977
    }
}
