{
    "geometrical_parameters": {
        "fiber_diameter": 0.023234113712374584,
        "blade_distance": 0.4361204013377926,
        "elliptical_fiber_ratio": 2.3896321070234112,
        "ratio_droplet_embedded_length": 1.36,
        "droplet_diameter": 0.162,
        "contact_angle": 25.7,
        "fiber_rotation": 0
    },
    "mechanical_parameters": {
        "interface_friction": 0.0,
        "GI": 0.0015,
        "GII,GIII": 0.3115384615384616,
        "blade_friction": 0.0,
        "tI=tII=tIII": 0.520066889632107
    }
}
