{
    "geometrical_parameters": {
        "fiber_diameter": 0.021,
        "blade_distance": 0.042,
        "elliptical_fiber_ratio": 1.0,
        "ratio_droplet_embedded_length": 1.36,
        "droplet_diameter": 0.162,
        "contact_angle": 25.7,
        "fiber_rotation": 0
    },
    "mechanical_parameters": {
        "interface_friction": 0.05886287625418061,
        "GI": 0.07351170568561873,
        "GII,GIII": 0.37381270903010033,
        "tI=tII=tIII": 1.3177257525083612,
        "blade_friction": 0.20066889632107024
    }
}
