{
    "geometrical_parameters": {
        "fiber_diameter": 0.020575150300601204,
        "elliptical_fiber_ratio": 1.0,
        "blade_distance": 0.2192384769539078,
        "ratio_droplet_embedded_length": 1.36,
        "droplet_diameter": 0.12478356713426855,
        "contact_angle": 25.7,
        "fiber_rotation": 0
    },
    "mechanical_parameters": {
        "interface_friction": 0.0,
        "GI": 0.0015,
        "GII,GIII": 0.25745490981963925,
        "blade_friction": 0.0,
        "tI=tII=tIII": 1.251503006012024
    }
}
