{
    "geometrical_parameters": {
        "fiber_diameter": 0.02678595317725753,
        "blade_distance": 0.35919732441471575,
        "elliptical_fiber_ratio": 1.9983277591973243,
        "ratio_droplet_embedded_length": 1.3933110367892976,
        "droplet_diameter": 0.11425418060200669,
        "contact_angle": 26.994648829431434,
        "fiber_rotation": 71.63879598662207
    },
    "mechanical_parameters": {
        "interface_friction": 0.0,
        "GI": 0.0015,
        "GII,GIII": 0.3,
        "tI=tII=tIII": 1.3,
        "blade_friction": 0.6
    }
}
