{
    "geometrical_parameters": {
        "fiber_diameter": 0.021,
        "blade_distance": 0.15,
        "elliptical_fiber_ratio": 1.0,
        "ratio_droplet_embedded_length": 1.36,
        "droplet_diameter": 0.162,
        "contact_angle": 25.7,
        "fiber_rotation": 0
    },
    "mechanical_parameters": {
        "interface_friction": 0.7331103678929766,
        "GI": 0.036096989966555186,
        "GII,GIII": 0.49180602006688956,
        "tI=tII=tIII": 0.68561872909699,
        "blade_friction": 0.010702341137123745
    }
}
