{
    "geometrical_parameters": {
        "fiber_diameter": 0.021,
        "blade_distance": 0.15,
        "elliptical_fiber_ratio": 1.0,
        "ratio_droplet_embedded_length": 1.36,
        "droplet_diameter": 0.162,
        "contact_angle": 25.7,
        "fiber_rotation": 0
    },
    "mechanical_parameters": {
        "interface_friction": 0.5190635451505018,
        "GI": 0.014244147157190634,
        "GII,GIII": 0.3967558528428094,
        "tI=tII=tIII": 0.7759197324414716,
        "blade_friction": 0.5030100334448161
    }
}
