{
    "geometrical_parameters": {
        "fiber_diameter": 0.02600334448160535,
        "blade_distance": 0.5581939799331104,
        "elliptical_fiber_ratio": 1.265886287625418,
        "ratio_droplet_embedded_length": 1.3205351170568562,
        "droplet_diameter": 0.1264448160535117,
        "contact_angle": 15.683612040133777,
        "fiber_rotation": 43.94648829431438
    },
    "mechanical_parameters": {
        "interface_friction": 0.0,
        "GI": 0.0015,
        "GII,GIII": 0.3,
        "tI=tII=tIII": 1.3,
        "blade_friction": 0.6
    }
}
