{
    "geometrical_parameters": {
        "fiber_diameter": 0.023414715719063544,
        "blade_distance": 0.16789297658862878,
        "elliptical_fiber_ratio": 1.648829431438127,
        "ratio_droplet_embedded_length": 1.4008026755852843,
        "droplet_diameter": 0.10748160535117057,
        "contact_angle": 19.31505016722408,
        "fiber_rotation": 26.187290969899664
    },
    "mechanical_parameters": {
        "interface_friction": 0.0,
        "GI": 0.0015,
        "GII,GIII": 0.3,
        "tI=tII=tIII": 1.3,
        "blade_friction": 0.6
    }
}
