{
    "geometrical_parameters": {
        "fiber_diameter": 0.0213687374749499,
        "elliptical_fiber_ratio": 1.0,
        "blade_distance": 0.569939879759519,
        "ratio_droplet_embedded_length": 1.36,
        "droplet_diameter": 0.1932304609218437,
        "contact_angle": 25.7,
        "fiber_rotation": 0
    },
    "mechanical_parameters": {
        "interface_friction": 0.0,
        "GI": 0.0015,
        "GII,GIII": 0.1661322645290581,
        "blade_friction": 0.0,
        "tI=tII=tIII": 0.8366733466933868
    }
}
