{
    "geometrical_parameters": {
        "fiber_diameter": 0.026382765531062127,
        "blade_distance": 0.5018036072144288,
        "elliptical_fiber_ratio": 1.4569138276553106,
        "ratio_droplet_embedded_length": 1.4319038076152304,
        "droplet_diameter": 0.17970340681362726,
        "contact_angle": 25.65691382765531,
        "fiber_rotation": 38.236472945891784
    },
    "mechanical_parameters": {
        "interface_friction": 0.0,
        "tI": 1,
        "tII,tIII": 1.3,
        "GI": 0.015,
        "GII,GIII": 0.1,
        "blade_friction": 0.6
    }
}
