{
    "geometrical_parameters": {
        "fiber_diameter": 0.021,
        "blade_distance": 0.15,
        "elliptical_fiber_ratio": 1.0,
        "ratio_droplet_embedded_length": 1.36,
        "droplet_diameter": 0.162,
        "contact_angle": 25.7,
        "fiber_rotation": 0
    },
    "mechanical_parameters": {
        "interface_friction": 0.7197324414715719,
        "GI": 0.024839464882943148,
        "GII,GIII": 0.4737792642140468,
        "tI=tII=tIII": 1.7892976588628764,
        "blade_friction": 0.7063545150501672
    }
}
