{
    "geometrical_parameters": {
        "fiber_diameter": 0.022571906354515052,
        "blade_distance": 0.13846153846153847,
        "elliptical_fiber_ratio": 1.0752508361204014,
        "ratio_droplet_embedded_length": 1.36,
        "droplet_diameter": 0.162,
        "contact_angle": 25.7,
        "fiber_rotation": 45
    },
    "mechanical_parameters": {
        "interface_friction": 0.0,
        "GI": 0.0015,
        "GII,GIII": 0.1279933110367893,
        "blade_friction": 0.0,
        "tI=tII=tIII": 0.580267558528428
    }
}
