{
    "geometrical_parameters": {
        "fiber_diameter": 0.014551102204408818,
        "elliptical_fiber_ratio": 1.0,
        "blade_distance": 0.34549098196392786,
        "ratio_droplet_embedded_length": 1.36,
        "droplet_diameter": 0.1859258517034068,
        "contact_angle": 25.7,
        "fiber_rotation": 0
    },
    "mechanical_parameters": {
        "interface_friction": 0.0,
        "GI": 0.0015,
        "GII,GIII": 0.05713426853707415,
        "blade_friction": 0.0,
        "tI=tII=tIII": 0.8847695390781563
    }
}
