{
    "geometrical_parameters": {
        "fiber_diameter": 0.013481605351170567,
        "blade_distance": 0.1802675585284281,
        "elliptical_fiber_ratio": 2.0484949832775916,
        "ratio_droplet_embedded_length": 1.2391973244147156,
        "droplet_diameter": 0.14495652173913043,
        "contact_angle": 16.338461538461537,
        "fiber_rotation": 50.869565217391305
    },
    "mechanical_parameters": {
        "interface_friction": 0.0,
        "tI": 1,
        "tII,tIII": 1.3,
        "GI": 0.01,
        "GII,GIII": 0.15,
        "blade_friction": 0.8
    }
}
