{
    "geometrical_parameters": {
        "fiber_diameter": 0.021,
        "blade_distance": 0.15,
        "elliptical_fiber_ratio": 1.0,
        "ratio_droplet_embedded_length": 1.36,
        "droplet_diameter": 0.162,
        "contact_angle": 25.7,
        "fiber_rotation": 0
    },
    "mechanical_parameters": {
        "interface_friction": 0.48428093645484954,
        "GI": 0.03146153846153846,
        "GII,GIII": 0.01983277591973244,
        "tI=tII=tIII": 1.0618729096989967,
        "blade_friction": 0.545819397993311
    }
}
