{
    "geometrical_parameters": {
        "fiber_diameter": 0.02594314381270903,
        "blade_distance": 0.4277591973244147,
        "elliptical_fiber_ratio": 2.229096989966555,
        "ratio_droplet_embedded_length": 1.425418060200669,
        "droplet_diameter": 0.1431505016722408,
        "contact_angle": 16.100334448160535,
        "fiber_rotation": 42.74247491638796
    },
    "mechanical_parameters": {
        "interface_friction": 0.0,
        "tI": 1,
        "tII,tIII": 1.3,
        "GI": 0.01,
        "GII,GIII": 0.15,
        "blade_friction": 0.8
    }
}
