{
    "geometrical_parameters": {
        "fiber_diameter": 0.027381909547738694,
        "blade_distance": 0.44723618090452266,
        "elliptical_fiber_ratio": 1.2311557788944723,
        "ratio_droplet_embedded_length": 1.4607035175879397,
        "droplet_diameter": 0.11563819095477387,
        "contact_angle": 22.634170854271353,
        "fiber_rotation": 89.09547738693468
    },
    "mechanical_parameters": {
        "interface_friction": 0.0,
        "GI": 0.0015,
        "GII,GIII": 0.3,
        "tI=tII=tIII": 1.3,
        "blade_friction": 0.6
    }
}
