{
    "geometrical_parameters": {
        "fiber_diameter": 0.018719063545150502,
        "blade_distance": 0.4612040133779265,
        "elliptical_fiber_ratio": 2.254180602006689,
        "ratio_droplet_embedded_length": 1.36,
        "droplet_diameter": 0.162,
        "contact_angle": 25.7,
        "fiber_rotation": 45
    },
    "mechanical_parameters": {
        "interface_friction": 0.0,
        "GI": 0.0015,
        "GII,GIII": 0.4311705685618729,
        "blade_friction": 0.0,
        "tI=tII=tIII": 1.6939799331103678
    }
}
