{
    "geometrical_parameters": {
        "fiber_diameter": 0.018272727272727274,
        "blade_distance": 0.10868081624750606,
        "elliptical_fiber_ratio": 2.8181818181818183,
        "ratio_droplet_embedded_length": 1.4606060606060605,
        "droplet_diameter": 0.11981818181818182,
        "contact_angle": 16.836363636363636,
        "fiber_rotation": 41.81818181818182
    },
    "mechanical_parameters": {
        "interface_friction": 0.0,
        "GI": 0.0015,
        "GII,GIII": 0.3,
        "tI=tII=tIII": 1.3,
        "blade_friction": 0.6
    }
}
