{
    "geometrical_parameters": {
        "fiber_diameter": 0.01718181818181818,
        "blade_distance": 0.061598686418008086,
        "elliptical_fiber_ratio": 2.3939393939393936,
        "ratio_droplet_embedded_length": 1.48,
        "droplet_diameter": 0.14027272727272727,
        "contact_angle": 23.66868686868687,
        "fiber_rotation": 86.36363636363636
    },
    "mechanical_parameters": {
        "interface_friction": 0.0,
        "GI": 0.015,
        "GII,GIII": 0.3,
        "tI=tII=tIII": 1.3,
        "blade_friction": 0.6
    }
}
