{
    "geometrical_parameters": {
        "fiber_diameter": 0.030636363636363642,
        "blade_distance_ratio_to_fiber_diameter": 3.484848484848485,
        "elliptical_fiber_ratio": 1.1818181818181819,
        "ratio_droplet_embedded_length": 1.3216161616161615,
        "droplet_diameter": 0.11436363636363636,
        "contact_angle": 15.218181818181819,
        "fiber_rotation": 32.72727272727273
    },
    "mechanical_parameters": {
        "interface_friction": 0.0,
        "GI": 0.015,
        "GII,GIII": 0.3,
        "tI=tII=tIII": 1.3,
        "blade_friction": 0.6
    }
}
