{
    "geometrical_parameters": {
        "fiber_diameter": 0.019622073578595318,
        "blade_distance": 0.5782608695652174,
        "elliptical_fiber_ratio": 1.8678929765886287,
        "ratio_droplet_embedded_length": 1.1696321070234112,
        "droplet_diameter": 0.11786622073578595,
        "contact_angle": 27.589966555183942,
        "fiber_rotation": 63.812709030100336
    },
    "mechanical_parameters": {
        "interface_friction": 0.0,
        "tI": 1,
        "tII,tIII": 1.3,
        "GI": 0.01,
        "GII,GIII": 0.15,
        "blade_friction": 0.8
    }
}
