{
    "geometrical_parameters": {
        "fiber_diameter": 0.01697324414715719,
        "blade_distance": 0.25217391304347825,
        "elliptical_fiber_ratio": 1.8478260869565217,
        "ratio_droplet_embedded_length": 1.36,
        "droplet_diameter": 0.162,
        "contact_angle": 25.7,
        "fiber_rotation": 0
    },
    "mechanical_parameters": {
        "interface_friction": 0.0,
        "GI": 0.0015,
        "GII,GIII": 0.255819397993311,
        "blade_friction": 0.0,
        "tI=tII=tIII": 1.9849498327759196
    }
}
