{
    "geometrical_parameters": {
        "fiber_diameter": 0.021,
        "blade_distance": 0.042,
        "elliptical_fiber_ratio": 1.0,
        "ratio_droplet_embedded_length": 1.36,
        "droplet_diameter": 0.162,
        "contact_angle": 25.7,
        "fiber_rotation": 0
    },
    "mechanical_parameters": {
        "interface_friction": 0.759866220735786,
        "GI": 0.06589632107023412,
        "GII,GIII": 0.0722742474916388,
        "tI=tII=tIII": 1.1973244147157192,
        "blade_friction": 0.19264214046822745
    }
}
