{
    "geometrical_parameters": {
        "fiber_diameter": 0.02005527638190955,
        "blade_distance": 0.41407035175879403,
        "elliptical_fiber_ratio": 1.4723618090452262,
        "ratio_droplet_embedded_length": 1.475175879396985,
        "droplet_diameter": 0.1515929648241206,
        "contact_angle": 30.326633165829143,
        "fiber_rotation": 61.50753768844221
    },
    "mechanical_parameters": {
        "interface_friction": 0.0,
        "GI": 0.0015,
        "GII,GIII": 0.3,
        "tI=tII=tIII": 1.3,
        "blade_friction": 0.6
    }
}
