{
    "geometrical_parameters": {
        "fiber_diameter": 0.01914046822742475,
        "blade_distance": 0.29899665551839466,
        "elliptical_fiber_ratio": 2.4749163879598663,
        "ratio_droplet_embedded_length": 1.36,
        "droplet_diameter": 0.162,
        "contact_angle": 25.7,
        "fiber_rotation": 45
    },
    "mechanical_parameters": {
        "interface_friction": 0.0,
        "GI": 0.0015,
        "GII,GIII": 0.4246153846153846,
        "blade_friction": 0.0,
        "tI=tII=tIII": 1.7290969899665551
    }
}
