{
    "geometrical_parameters": {
        "fiber_diameter": 0.01572727272727273,
        "blade_distance": 0.024203900097982203,
        "elliptical_fiber_ratio": 1.2424242424242424,
        "ratio_droplet_embedded_length": 1.3571717171717173,
        "droplet_diameter": 0.17300000000000001,
        "contact_angle": 31.4,
        "fiber_rotation": 40.90909090909091
    },
    "mechanical_parameters": {
        "interface_friction": 0.0,
        "GI": 0.015,
        "GII,GIII": 0.3,
        "tI=tII=tIII": 1.3,
        "blade_friction": 0.6
    }
}
