{
    "geometrical_parameters": {
        "fiber_diameter": 0.021,
        "blade_distance": 0.15,
        "elliptical_fiber_ratio": 1.0,
        "ratio_droplet_embedded_length": 1.36,
        "droplet_diameter": 0.162,
        "contact_angle": 25.7,
        "fiber_rotation": 0
    },
    "mechanical_parameters": {
        "interface_friction": 0.07759197324414717,
        "GI": 0.07384280936454851,
        "GII,GIII": 0.26892976588628764,
        "tI=tII=tIII": 1.0618729096989967,
        "blade_friction": 0.7812709030100334
    }
}
