{
    "geometrical_parameters": {
        "fiber_diameter": 0.030062124248496996,
        "blade_distance": 0.2806813627254509,
        "elliptical_fiber_ratio": 1.3937875751503006,
        "ratio_droplet_embedded_length": 1.442805611222445,
        "droplet_diameter": 0.17483366733466935,
        "contact_angle": 22.089779559118234,
        "fiber_rotation": 68.5370741482966
    },
    "mechanical_parameters": {
        "interface_friction": 0.0,
        "tI": 1,
        "tII,tIII": 1.3,
        "GI": 0.01,
        "GII,GIII": 0.15,
        "blade_friction": 0.6
    }
}
