{
    "geometrical_parameters": {
        "fiber_diameter": 0.020394789579158315,
        "elliptical_fiber_ratio": 1.0,
        "blade_distance": 0.31242484969939877,
        "ratio_droplet_embedded_length": 1.36,
        "droplet_diameter": 0.18322044088176354,
        "contact_angle": 25.7,
        "fiber_rotation": 0
    },
    "mechanical_parameters": {
        "interface_friction": 0.0,
        "GI": 0.0015,
        "GII,GIII": 0.251563126252505,
        "blade_friction": 0.0,
        "tI=tII=tIII": 0.62625250501002
    }
}
