{
    "geometrical_parameters": {
        "fiber_diameter": 0.02419732441471572,
        "blade_distance": 0.374247491638796,
        "elliptical_fiber_ratio": 1.0050167224080269,
        "ratio_droplet_embedded_length": 1.2777257525083612,
        "droplet_diameter": 0.1476655518394649,
        "contact_angle": 14.790635451505016,
        "fiber_rotation": 8.729096989966555
    },
    "mechanical_parameters": {
        "interface_friction": 0.0,
        "tI": 1,
        "tII,tIII": 1.3,
        "GI": 0.01,
        "GII,GIII": 0.15,
        "blade_friction": 0.8
    }
}
