{
    "geometrical_parameters": {
        "fiber_diameter": 0.02034448160535117,
        "blade_distance": 0.2705685618729097,
        "elliptical_fiber_ratio": 2.1638795986622075,
        "ratio_droplet_embedded_length": 1.36,
        "droplet_diameter": 0.162,
        "contact_angle": 25.7,
        "fiber_rotation": 0
    },
    "mechanical_parameters": {
        "interface_friction": 0.0,
        "GI": 0.0015,
        "GII,GIII": 0.13782608695652174,
        "blade_friction": 0.0,
        "tI=tII=tIII": 0.725752508361204
    }
}
