{
    "geometrical_parameters": {
        "fiber_diameter": 0.030098196392785576,
        "blade_distance": 0.5298597194388778,
        "elliptical_fiber_ratio": 2.0521042084168335,
        "ratio_droplet_embedded_length": 1.1927054108216433,
        "droplet_diameter": 0.1507555110220441,
        "contact_angle": 23.76633266533066,
        "fiber_rotation": 26.513026052104205
    },
    "mechanical_parameters": {
        "interface_friction": 0.0,
        "tI": 1,
        "tII,tIII": 1.3,
        "GI": 0.015,
        "GII,GIII": 0.1,
        "blade_friction": 0.6
    }
}
