{
    "geometrical_parameters": {
        "fiber_diameter": 0.024326653306613228,
        "elliptical_fiber_ratio": 1.0,
        "blade_distance": 0.25430861723446896,
        "ratio_droplet_embedded_length": 1.36,
        "droplet_diameter": 0.18051503006012026,
        "contact_angle": 25.7,
        "fiber_rotation": 0
    },
    "mechanical_parameters": {
        "interface_friction": 0.0,
        "GI": 0.0015,
        "GII,GIII": 0.21719438877755512,
        "blade_friction": 0.0,
        "tI=tII=tIII": 1.3717434869739478
    }
}
