{
    "geometrical_parameters": {
        "fiber_diameter": 0.028892976588628765,
        "blade_distance": 0.27391304347826084,
        "elliptical_fiber_ratio": 2.254180602006689,
        "ratio_droplet_embedded_length": 1.36,
        "droplet_diameter": 0.162,
        "contact_angle": 25.7,
        "fiber_rotation": 45
    },
    "mechanical_parameters": {
        "interface_friction": 0.0,
        "GI": 0.0015,
        "GII,GIII": 0.21648829431438127,
        "blade_friction": 0.0,
        "tI=tII=tIII": 1.4030100334448161
    }
}
