{
    "geometrical_parameters": {
        "fiber_diameter": 0.027428857715430865,
        "elliptical_fiber_ratio": 1.0,
        "blade_distance": 0.4226452905811623,
        "ratio_droplet_embedded_length": 1.36,
        "droplet_diameter": 0.20486372745490983,
        "contact_angle": 25.7,
        "fiber_rotation": 0
    },
    "mechanical_parameters": {
        "interface_friction": 0.0,
        "GI": 0.0015,
        "GII,GIII": 0.44501002004008017,
        "blade_friction": 0.0,
        "tI=tII=tIII": 0.5480961923847696
    }
}
