{
    "geometrical_parameters": {
        "fiber_diameter": 0.016210420841683365,
        "elliptical_fiber_ratio": 1.0,
        "blade_distance": 0.2412825651302605,
        "ratio_droplet_embedded_length": 1.36,
        "droplet_diameter": 0.19052505010020043,
        "contact_angle": 25.7,
        "fiber_rotation": 0
    },
    "mechanical_parameters": {
        "interface_friction": 0.0,
        "GI": 0.0015,
        "GII,GIII": 0.36841683366733463,
        "blade_friction": 0.0,
        "tI=tII=tIII": 1.996993987975952
    }
}
