{
    "geometrical_parameters": {
        "fiber_diameter": 0.028272727272727276,
        "blade_distance_ratio_to_fiber_diameter": 2.121212121212121,
        "elliptical_fiber_ratio": 2.878787878787879,
        "ratio_droplet_embedded_length": 1.2731313131313131,
        "droplet_diameter": 0.21936363636363637,
        "contact_angle": 15.757575757575758,
        "fiber_rotation": 44.54545454545455
    },
    "mechanical_parameters": {
        "interface_friction": 0.0,
        "GI": 0.015,
        "GII,GIII": 0.3,
        "tI=tII=tIII": 1.3,
        "blade_friction": 0.6
    }
}
