{
    "geometrical_parameters": {
        "fiber_diameter": 0.01681818181818182,
        "blade_distance": 0.17111725976173298,
        "elliptical_fiber_ratio": 1.9494949494949494,
        "ratio_droplet_embedded_length": 1.3571717171717173,
        "droplet_diameter": 0.188,
        "contact_angle": 13.77979797979798,
        "fiber_rotation": 70.9090909090909
    },
    "mechanical_parameters": {
        "interface_friction": 0.0,
        "GI": 0.015,
        "GII,GIII": 0.3,
        "tI=tII=tIII": 1.3,
        "blade_friction": 0.6
    }
}
