{
    "geometrical_parameters": {
        "fiber_diameter": 0.01522742474916388,
        "blade_distance": 0.5698996655518395,
        "elliptical_fiber_ratio": 1.1555183946488294,
        "ratio_droplet_embedded_length": 1.2991304347826087,
        "droplet_diameter": 0.17204682274247493,
        "contact_angle": 19.31505016722408,
        "fiber_rotation": 52.07357859531772
    },
    "mechanical_parameters": {
        "interface_friction": 0.0,
        "tI": 1,
        "tII,tIII": 1.3,
        "GI": 0.01,
        "GII,GIII": 0.15,
        "blade_friction": 0.8
    }
}
