{
    "geometrical_parameters": {
        "fiber_diameter": 0.026779559118236474,
        "blade_distance": 0.4687374749498998,
        "elliptical_fiber_ratio": 2.3346693386773545,
        "ratio_droplet_embedded_length": 1.2170741482965932,
        "droplet_diameter": 0.22758917835671344,
        "contact_angle": 31.185971943887772,
        "fiber_rotation": 52.84569138276552
    },
    "mechanical_parameters": {
        "interface_friction": 0.0,
        "tI": 1,
        "tII,tIII": 1.3,
        "GI": 0.015,
        "GII,GIII": 0.1,
        "blade_friction": 0.6
    }
}
