{
    "geometrical_parameters": {
        "fiber_diameter": 0.019673346693386773,
        "blade_distance": 0.12281094192717829,
        "elliptical_fiber_ratio": 2.1663326653306614,
        "ratio_droplet_embedded_length": 1.273507014028056,
        "droplet_diameter": 0.1423687374749499,
        "contact_angle": 22.69619238476954,
        "fiber_rotation": 83.50701402805612
    },
    "mechanical_parameters": {
        "interface_friction": 0.5595190380761523,
        "GI": 0.08948496993987977,
        "GII,GIII": 0.13895791583166334,
        "tI=tII=tIII": 1.0050100200400802,
        "blade_friction": 0.0993987975951904
    }
}
