{
    "geometrical_parameters": {
        "fiber_diameter": 0.018478260869565215,
        "blade_distance": 0.374247491638796,
        "elliptical_fiber_ratio": 1.3461538461538463,
        "ratio_droplet_embedded_length": 1.36,
        "droplet_diameter": 0.162,
        "contact_angle": 25.7,
        "fiber_rotation": 45
    },
    "mechanical_parameters": {
        "interface_friction": 0.0,
        "GI": 0.0015,
        "GII,GIII": 0.11160535117056855,
        "blade_friction": 0.0,
        "tI=tII=tIII": 1.1622073578595318
    }
}
