{
    "geometrical_parameters": {
        "fiber_diameter": 0.02473913043478261,
        "blade_distance": 0.13010033444816055,
        "elliptical_fiber_ratio": 2.138795986622074,
        "ratio_droplet_embedded_length": 1.36,
        "droplet_diameter": 0.162,
        "contact_angle": 25.7,
        "fiber_rotation": 0
    },
    "mechanical_parameters": {
        "interface_friction": 0.0,
        "GI": 0.0015,
        "GII,GIII": 0.4033110367892977,
        "blade_friction": 0.0,
        "tI=tII=tIII": 1.939799331103679
    }
}
