{
    "geometrical_parameters": {
        "fiber_diameter": 0.021,
        "blade_distance": 0.15,
        "elliptical_fiber_ratio": 1.0,
        "ratio_droplet_embedded_length": 1.36,
        "droplet_diameter": 0.162,
        "contact_angle": 25.7,
        "fiber_rotation": 0
    },
    "mechanical_parameters": {
        "interface_friction": 0.2836120401337793,
        "tI": 0.6759197324414715,
        "tII,tIII": 1.3929765886287626,
        "GI": 0.005966555183946488,
        "GII,GIII": 0.04605351170568562,
        "blade_friction": 0.21137123745819397
    }
}
