{
    "geometrical_parameters": {
        "fiber_diameter": 0.021,
        "blade_distance": 0.15,
        "elliptical_fiber_ratio": 1.0,
        "ratio_droplet_embedded_length": 1.36,
        "droplet_diameter": 0.162,
        "contact_angle": 25.7,
        "fiber_rotation": 0
    },
    "mechanical_parameters": {
        "interface_friction": 0.6501672240802676,
        "GI": 0.045698996655518395,
        "GII,GIII": 0.20337792642140468,
        "tI=tII=tIII": 1.1822742474916388,
        "blade_friction": 0.4173913043478261
    }
}
