{
    "geometrical_parameters": {
        "fiber_diameter": 0.026545150501672242,
        "blade_distance": 0.1936454849498328,
        "elliptical_fiber_ratio": 1.2809364548494984,
        "ratio_droplet_embedded_length": 1.459665551839465,
        "droplet_diameter": 0.20049163879598664,
        "contact_angle": 23.720401337792637,
        "fiber_rotation": 53.27759197324416
    },
    "mechanical_parameters": {
        "interface_friction": 0.0,
        "GI": 0.0015,
        "GII,GIII": 0.3,
        "tI=tII=tIII": 1.3,
        "blade_friction": 0.6
    }
}
