{
    "geometrical_parameters": {
        "fiber_diameter": 0.01865886287625418,
        "blade_distance": 0.5063545150501673,
        "elliptical_fiber_ratio": 1.6421404682274248,
        "ratio_droplet_embedded_length": 1.36,
        "droplet_diameter": 0.162,
        "contact_angle": 25.7,
        "fiber_rotation": 45
    },
    "mechanical_parameters": {
        "interface_friction": 0.0,
        "GI": 0.0015,
        "GII,GIII": 0.27548494983277594,
        "blade_friction": 0.0,
        "tI=tII=tIII": 0.7307692307692308
    }
}
