{
    "geometrical_parameters": {
        "fiber_diameter": 0.01873547094188377,
        "elliptical_fiber_ratio": 1.0,
        "blade_distance": 0.5128256513026052,
        "ratio_droplet_embedded_length": 1.36,
        "droplet_diameter": 0.21812024048096196,
        "contact_angle": 25.7,
        "fiber_rotation": 0
    },
    "mechanical_parameters": {
        "interface_friction": 0.0,
        "GI": 0.0015,
        "GII,GIII": 0.46268537074148297,
        "blade_friction": 0.0,
        "tI=tII=tIII": 1.3627254509018036
    }
}
