{
    "geometrical_parameters": {
        "fiber_diameter": 0.022692307692307692,
        "elliptical_fiber_ratio": 1.0,
        "blade_distance": 0.34414715719063543,
        "ratio_droplet_embedded_length": 1.36,
        "droplet_diameter": 0.12463879598662209,
        "contact_angle": 25.7,
        "fiber_rotation": 0
    },
    "mechanical_parameters": {
        "interface_friction": 0.0,
        "GI": 0.0015,
        "GII,GIII": 0.09849498327759197,
        "blade_friction": 0.0,
        "tI=tII=tIII": 1.4581939799331103
    }
}
