{
    "geometrical_parameters": {
        "fiber_diameter": 0.016751503006012025,
        "elliptical_fiber_ratio": 1.0,
        "blade_distance": 0.2513026052104208,
        "ratio_droplet_embedded_length": 1.36,
        "droplet_diameter": 0.2035110220440882,
        "contact_angle": 25.7,
        "fiber_rotation": 0
    },
    "mechanical_parameters": {
        "interface_friction": 0.0,
        "GI": 0.0015,
        "GII,GIII": 0.06695390781563125,
        "blade_friction": 0.0,
        "tI=tII=tIII": 1.8076152304609219
    }
}
