{
    "geometrical_parameters": {
        "fiber_diameter": 0.01920066889632107,
        "blade_distance": 0.13177257525083613,
        "elliptical_fiber_ratio": 1.8277591973244147,
        "ratio_droplet_embedded_length": 1.2616722408026755,
        "droplet_diameter": 0.13412040133779266,
        "contact_angle": 23.125083612040132,
        "fiber_rotation": 82.47491638795987
    },
    "mechanical_parameters": {
        "interface_friction": 0.0,
        "tI": 1,
        "tII,tIII": 1.3,
        "GI": 0.01,
        "GII,GIII": 0.15,
        "blade_friction": 0.8
    }
}
