{
    "geometrical_parameters": {
        "fiber_diameter": 0.01817725752508361,
        "blade_distance": 0.5749163879598662,
        "elliptical_fiber_ratio": 1.8729096989966556,
        "ratio_droplet_embedded_length": 1.36,
        "droplet_diameter": 0.162,
        "contact_angle": 25.7,
        "fiber_rotation": 45
    },
    "mechanical_parameters": {
        "interface_friction": 0.0,
        "GI": 0.0015,
        "GII,GIII": 0.4983612040133779,
        "blade_friction": 0.0,
        "tI=tII=tIII": 1.1622073578595318
    }
}
