{
    "geometrical_parameters": {
        "fiber_diameter": 0.028953177257525088,
        "elliptical_fiber_ratio": 1.0,
        "blade_distance": 0.35919732441471575,
        "ratio_droplet_embedded_length": 1.36,
        "droplet_diameter": 0.11019063545150502,
        "contact_angle": 25.7,
        "fiber_rotation": 0
    },
    "mechanical_parameters": {
        "interface_friction": 0.0,
        "GI": 0.0015,
        "GII,GIII": 0.2918729096989967,
        "blade_friction": 0.0,
        "tI=tII=tIII": 1.9096989966555185
    }
}
