{
    "geometrical_parameters": {
        "fiber_diameter": 0.0287123745819398,
        "blade_distance": 0.5096989966555184,
        "elliptical_fiber_ratio": 1.4966555183946488,
        "ratio_droplet_embedded_length": 1.2413377926421405,
        "droplet_diameter": 0.2271304347826087,
        "contact_angle": 16.278929765886286,
        "fiber_rotation": 74.04682274247493
    },
    "mechanical_parameters": {
        "interface_friction": 0.0,
        "GI": 0.0015,
        "GII,GIII": 0.3,
        "tI=tII=tIII": 1.3,
        "blade_friction": 0.6
    }
}
