{
    "geometrical_parameters": {
        "fiber_diameter": 0.017816053511705687,
        "blade_distance": 0.49096989966555193,
        "elliptical_fiber_ratio": 2.5317725752508364,
        "ratio_droplet_embedded_length": 1.283076923076923,
        "droplet_diameter": 0.1585016722408027,
        "contact_angle": 19.136454849498328,
        "fiber_rotation": 41.83946488294314
    },
    "mechanical_parameters": {
        "interface_friction": 0.0,
        "GI": 0.0015,
        "GII,GIII": 0.3,
        "tI=tII=tIII": 1.3,
        "blade_friction": 0.6
    }
}
