{
    "geometrical_parameters": {
        "fiber_diameter": 0.021,
        "blade_distance": 0.15,
        "elliptical_fiber_ratio": 1.0,
        "ratio_droplet_embedded_length": 1.36,
        "droplet_diameter": 0.162,
        "contact_angle": 25.7,
        "fiber_rotation": 0
    },
    "mechanical_parameters": {
        "interface_friction": 0.14715719063545152,
        "GI": 0.0718561872909699,
        "GII,GIII": 0.3754515050167224,
        "tI=tII=tIII": 1.5334448160535117,
        "blade_friction": 0.19531772575250836
    }
}
