{
    "geometrical_parameters": {
        "fiber_diameter": 0.029675585284280936,
        "blade_distance": 0.3474916387959866,
        "elliptical_fiber_ratio": 1.963210702341137,
        "ratio_droplet_embedded_length": 1.36,
        "droplet_diameter": 0.162,
        "contact_angle": 25.7,
        "fiber_rotation": 0
    },
    "mechanical_parameters": {
        "interface_friction": 0.0,
        "GI": 0.0015,
        "GII,GIII": 0.054247491638796,
        "blade_friction": 0.0,
        "tI=tII=tIII": 0.6454849498327759
    }
}
