{
    "geometrical_parameters": {
        "fiber_diameter": 0.029010050251256282,
        "blade_distance": 0.278391959798995,
        "elliptical_fiber_ratio": 2.778894472361809,
        "ratio_droplet_embedded_length": 1.362613065326633,
        "droplet_diameter": 0.15905527638190955,
        "contact_angle": 22.008040201005024,
        "fiber_rotation": 24.42211055276382
    },
    "mechanical_parameters": {
        "interface_friction": 0.0,
        "GI": 0.0015,
        "GII,GIII": 0.3,
        "tI=tII=tIII": 1.3,
        "blade_friction": 0.6
    }
}
