{
    "geometrical_parameters": {
        "fiber_diameter": 0.020946488294314385,
        "blade_distance": 0.5280936454849499,
        "elliptical_fiber_ratio": 2.5,
        "ratio_droplet_embedded_length": 1.209230769230769,
        "droplet_diameter": 0.22803344481605353,
        "contact_angle": 20.7438127090301,
        "fiber_rotation": 29.799331103678924
    },
    "mechanical_parameters": {
        "interface_friction": 0.0,
        "GI": 0.0015,
        "GII,GIII": 0.3,
        "tI=tII=tIII": 1.3,
        "blade_friction": 0.6
    }
}
