{
    "geometrical_parameters": {
        "fiber_diameter": 0.021,
        "blade_distance": 0.15,
        "elliptical_fiber_ratio": 1.0,
        "ratio_droplet_embedded_length": 1.36,
        "droplet_diameter": 0.162,
        "contact_angle": 25.7,
        "fiber_rotation": 0
    },
    "mechanical_parameters": {
        "interface_friction": 0.6635451505016722,
        "GI": 0.0447056856187291,
        "GII,GIII": 0.07719063545150502,
        "tI=tII=tIII": 1.9247491638795986,
        "blade_friction": 0.7464882943143814
    }
}
