{
    "geometrical_parameters": {
        "fiber_diameter": 0.013036072144288577,
        "elliptical_fiber_ratio": 1.0,
        "blade_distance": 0.5759519038076152,
        "ratio_droplet_embedded_length": 1.36,
        "droplet_diameter": 0.11747895791583167,
        "contact_angle": 25.7,
        "fiber_rotation": 0
    },
    "mechanical_parameters": {
        "interface_friction": 0.0,
        "GI": 0.0015,
        "GII,GIII": 0.0443687374749499,
        "blade_friction": 0.0,
        "tI=tII=tIII": 1.0230460921843687
    }
}
