{
    "geometrical_parameters": {
        "fiber_diameter": 0.013481605351170567,
        "blade_distance": 0.2662207357859532,
        "elliptical_fiber_ratio": 1.7357859531772575,
        "ratio_droplet_embedded_length": 1.462876254180602,
        "droplet_diameter": 0.19778260869565217,
        "contact_angle": 23.60133779264214,
        "fiber_rotation": 87.59197324414717
    },
    "mechanical_parameters": {
        "interface_friction": 0.0,
        "GI": 0.0015,
        "GII,GIII": 0.3,
        "tI=tII=tIII": 1.3,
        "blade_friction": 0.6
    }
}
