{
    "geometrical_parameters": {
        "fiber_diameter": 0.021,
        "blade_distance": 0.15,
        "elliptical_fiber_ratio": 1.0,
        "ratio_droplet_embedded_length": 1.36,
        "droplet_diameter": 0.162,
        "contact_angle": 25.7,
        "fiber_rotation": 0
    },
    "mechanical_parameters": {
        "interface_friction": 0.7678929765886289,
        "GI": 0.0894046822742475,
        "GII,GIII": 0.052608695652173916,
        "tI=tII=tIII": 0.8862876254180603,
        "blade_friction": 0.291638795986622
    }
}
