{
    "geometrical_parameters": {
        "fiber_diameter": 0.018357859531772575,
        "blade_distance": 0.539799331103679,
        "elliptical_fiber_ratio": 1.8127090301003346,
        "ratio_droplet_embedded_length": 1.3440802675585284,
        "droplet_diameter": 0.22171237458193982,
        "contact_angle": 30.26889632107023,
        "fiber_rotation": 57.491638795986624
    },
    "mechanical_parameters": {
        "interface_friction": 0.0,
        "tI": 1,
        "tII,tIII": 1.3,
        "GI": 0.01,
        "GII,GIII": 0.15,
        "blade_friction": 0.8
    }
}
