{
    "geometrical_parameters": {
        "fiber_diameter": 0.022210702341137124,
        "blade_distance": 0.4394648829431439,
        "elliptical_fiber_ratio": 2.471571906354515,
        "ratio_droplet_embedded_length": 1.1888963210702341,
        "droplet_diameter": 0.1490200668896321,
        "contact_angle": 26.63745819397993,
        "fiber_rotation": 45.15050167224079
    },
    "mechanical_parameters": {
        "interface_friction": 0.0,
        "GI": 0.0015,
        "GII,GIII": 0.3,
        "tI=tII=tIII": 1.3,
        "blade_friction": 0.6
    }
}
