{
    "geometrical_parameters": {
        "fiber_diameter": 0.018519038076152305,
        "blade_distance": 0.26533066132264527,
        "elliptical_fiber_ratio": 1.6492985971943888,
        "ratio_droplet_embedded_length": 1.2799198396793587,
        "droplet_diameter": 0.15346092184368737,
        "contact_angle": 24.123046092184367,
        "fiber_rotation": 83.68737474949901
    },
    "mechanical_parameters": {
        "interface_friction": 0.0,
        "tI": 1,
        "tII,tIII": 1.3,
        "GI": 0.015,
        "GII,GIII": 0.1,
        "blade_friction": 0.6
    }
}
