{
    "geometrical_parameters": {
        "fiber_diameter": 0.021,
        "blade_distance": 0.042,
        "elliptical_fiber_ratio": 1.0,
        "ratio_droplet_embedded_length": 1.36,
        "droplet_diameter": 0.162,
        "contact_angle": 25.7,
        "fiber_rotation": 0
    },
    "mechanical_parameters": {
        "interface_friction": 0.11237458193979934,
        "GI": 0.01722408026755853,
        "GII,GIII": 0.19190635451505017,
        "tI=tII=tIII": 1.79933110367893,
        "blade_friction": 0.6555183946488294
    }
}
