{
    "geometrical_parameters": {
        "fiber_diameter": 0.02518181818181818,
        "blade_distance": 0.12088868572123321,
        "elliptical_fiber_ratio": 2.5353535353535355,
        "ratio_droplet_embedded_length": 1.4185858585858586,
        "droplet_diameter": 0.1811818181818182,
        "contact_angle": 26.0060606060606,
        "fiber_rotation": 51.81818181818181
    },
    "mechanical_parameters": {
        "interface_friction": 0.0,
        "GI": 0.015,
        "GII,GIII": 0.3,
        "tI=tII=tIII": 1.3,
        "blade_friction": 0.6
    }
}
