{
    "geometrical_parameters": {
        "fiber_diameter": 0.030090909090909092,
        "blade_distance_ratio_to_fiber_diameter": 4.46969696969697,
        "elliptical_fiber_ratio": 1.5050505050505052,
        "ratio_droplet_embedded_length": 1.3507070707070707,
        "droplet_diameter": 0.17572727272727273,
        "contact_angle": 24.567676767676765,
        "fiber_rotation": 50.00000000000001
    },
    "mechanical_parameters": {
        "interface_friction": 0.0,
        "GI": 0.015,
        "GII,GIII": 0.3,
        "tI=tII=tIII": 1.3,
        "blade_friction": 0.6
    }
}
