{
    "geometrical_parameters": {
        "fiber_diameter": 0.027869565217391305,
        "blade_distance": 0.44882943143812715,
        "elliptical_fiber_ratio": 1.1471571906354514,
        "ratio_droplet_embedded_length": 1.2531103678929765,
        "droplet_diameter": 0.15263210702341137,
        "contact_angle": 18.243478260869562,
        "fiber_rotation": 57.792642140468224
    },
    "mechanical_parameters": {
        "interface_friction": 0.0,
        "GI": 0.0015,
        "GII,GIII": 0.3,
        "tI=tII=tIII": 1.3,
        "blade_friction": 0.6
    }
}
