{
    "geometrical_parameters": {
        "fiber_diameter": 0.014190380761523045,
        "elliptical_fiber_ratio": 1.0,
        "blade_distance": 0.5018036072144288,
        "ratio_droplet_embedded_length": 1.36,
        "droplet_diameter": 0.21893186372745493,
        "contact_angle": 25.7,
        "fiber_rotation": 0
    },
    "mechanical_parameters": {
        "interface_friction": 0.0,
        "GI": 0.0015,
        "GII,GIII": 0.4833066132264529,
        "blade_friction": 0.0,
        "tI=tII=tIII": 1.49498997995992
    }
}
