{
    "geometrical_parameters": {
        "fiber_diameter": 0.026123745819397994,
        "blade_distance": 0.5933110367892976,
        "elliptical_fiber_ratio": 1.0150501672240804,
        "ratio_droplet_embedded_length": 1.2413377926421405,
        "droplet_diameter": 0.17114381270903012,
        "contact_angle": 19.076923076923073,
        "fiber_rotation": 79.4648829431438
    },
    "mechanical_parameters": {
        "interface_friction": 0.0,
        "tI": 1,
        "tII,tIII": 1.3,
        "GI": 0.01,
        "GII,GIII": 0.15,
        "blade_friction": 0.8
    }
}
