{
    "geometrical_parameters": {
        "fiber_diameter": 0.01833867735470942,
        "elliptical_fiber_ratio": 1.0,
        "blade_distance": 0.4096192384769539,
        "ratio_droplet_embedded_length": 1.36,
        "droplet_diameter": 0.14561523046092184,
        "contact_angle": 25.7,
        "fiber_rotation": 0
    },
    "mechanical_parameters": {
        "interface_friction": 0.0,
        "GI": 0.0015,
        "GII,GIII": 0.020801603206412826,
        "blade_friction": 0.0,
        "tI=tII=tIII": 0.6623246492985972
    }
}
