{
    "geometrical_parameters": {
        "fiber_diameter": 0.013180602006688963,
        "elliptical_fiber_ratio": 1.0,
        "blade_distance": 0.23879598662207357,
        "ratio_droplet_embedded_length": 1.36,
        "droplet_diameter": 0.11425418060200669,
        "contact_angle": 25.7,
        "fiber_rotation": 0
    },
    "mechanical_parameters": {
        "interface_friction": 0.0,
        "GI": 0.0015,
        "GII,GIII": 0.4803344481605351,
        "blade_friction": 0.0,
        "tI=tII=tIII": 1.1822742474916388
    }
}
