{
    "geometrical_parameters": {
        "fiber_diameter": 0.021,
        "blade_distance": 0.15,
        "elliptical_fiber_ratio": 1.0,
        "ratio_droplet_embedded_length": 1.36,
        "droplet_diameter": 0.162,
        "contact_angle": 25.7,
        "fiber_rotation": 0
    },
    "mechanical_parameters": {
        "interface_friction": 0.44682274247491643,
        "GI": 0.07847826086956523,
        "GII,GIII": 0.2902341137123746,
        "tI=tII=tIII": 1.3578595317725752,
        "blade_friction": 0.2782608695652174
    }
}
