{
    "geometrical_parameters": {
        "fiber_diameter": 0.02136789297658863,
        "blade_distance": 0.31739130434782603,
        "elliptical_fiber_ratio": 1.1103678929765886,
        "ratio_droplet_embedded_length": 1.4296989966555185,
        "droplet_diameter": 0.15308361204013377,
        "contact_angle": 17.82675585284281,
        "fiber_rotation": 80.06688963210703
    },
    "mechanical_parameters": {
        "interface_friction": 0.0,
        "tI": 1,
        "tII,tIII": 1.3,
        "GI": 0.01,
        "GII,GIII": 0.15,
        "blade_friction": 0.8
    }
}
