{
    "geometrical_parameters": {
        "fiber_diameter": 0.021,
        "blade_distance": 0.15,
        "elliptical_fiber_ratio": 1.0,
        "ratio_droplet_embedded_length": 1.36,
        "droplet_diameter": 0.162,
        "contact_angle": 25.7,
        "fiber_rotation": 0
    },
    "mechanical_parameters": {
        "interface_friction": 0.5431438127090302,
        "tI": 1.2331103678929767,
        "tII,tIII": 1.112040133779264,
        "GI": 0.07748494983277593,
        "GII,GIII": 0.0837458193979933,
        "blade_friction": 0.5351170568561874
    }
}
