{
    "geometrical_parameters": {
        "fiber_diameter": 0.025545454545454545,
        "blade_distance": 0.101510165287546,
        "elliptical_fiber_ratio": 2.2929292929292933,
        "ratio_droplet_embedded_length": 1.26020202020202,
        "droplet_diameter": 0.1539090909090909,
        "contact_angle": 18.094949494949493,
        "fiber_rotation": 37.27272727272727
    },
    "mechanical_parameters": {
        "interface_friction": 0.0,
        "GI": 0.015,
        "GII,GIII": 0.3,
        "tI=tII=tIII": 1.3,
        "blade_friction": 0.6
    }
}
