{
    "geometrical_parameters": {
        "fiber_diameter": 0.02372727272727273,
        "blade_distance_ratio_to_fiber_diameter": 4.8106060606060606,
        "elliptical_fiber_ratio": 1.2424242424242424,
        "ratio_droplet_embedded_length": 1.3377777777777777,
        "droplet_diameter": 0.12390909090909091,
        "contact_angle": 25.826262626262626,
        "fiber_rotation": 48.18181818181819
    },
    "mechanical_parameters": {
        "interface_friction": 0.0,
        "GI": 0.015,
        "GII,GIII": 0.3,
        "tI=tII=tIII": 1.3,
        "blade_friction": 0.6
    }
}
