{
    "geometrical_parameters": {
        "fiber_diameter": 0.017936454849498327,
        "blade_distance": 0.4795986622073579,
        "elliptical_fiber_ratio": 2.0133779264214047,
        "ratio_droplet_embedded_length": 1.3462207357859532,
        "droplet_diameter": 0.1029665551839465,
        "contact_angle": 29.018729096989965,
        "fiber_rotation": 83.07692307692307
    },
    "mechanical_parameters": {
        "interface_friction": 0.0,
        "tI": 1,
        "tII,tIII": 1.3,
        "GI": 0.01,
        "GII,GIII": 0.15,
        "blade_friction": 0.8
    }
}
