{
    "geometrical_parameters": {
        "fiber_diameter": 0.021,
        "blade_distance": 0.042,
        "elliptical_fiber_ratio": 1.0,
        "ratio_droplet_embedded_length": 1.36,
        "droplet_diameter": 0.162,
        "contact_angle": 25.7,
        "fiber_rotation": 0
    },
    "mechanical_parameters": {
        "interface_friction": 0.1525083612040134,
        "GI": 0.039408026755852844,
        "GII,GIII": 0.23943143812709025,
        "tI=tII=tIII": 0.7709030100334449,
        "blade_friction": 0.02140468227424749
    }
}
