{
    "geometrical_parameters": {
        "fiber_diameter": 0.029795986622073577,
        "blade_distance": 0.168561872909699,
        "elliptical_fiber_ratio": 2.339464882943144,
        "ratio_droplet_embedded_length": 1.36,
        "droplet_diameter": 0.162,
        "contact_angle": 25.7,
        "fiber_rotation": 45
    },
    "mechanical_parameters": {
        "interface_friction": 0.0,
        "GI": 0.0015,
        "GII,GIII": 0.28859531772575253,
        "blade_friction": 0.0,
        "tI=tII=tIII": 0.6053511705685619
    }
}
