{
    "geometrical_parameters": {
        "fiber_diameter": 0.029989979959919838,
        "blade_distance": 0.4987975951903808,
        "elliptical_fiber_ratio": 1.1412825651302605,
        "ratio_droplet_embedded_length": 1.4120240480961923,
        "droplet_diameter": 0.1415571142284569,
        "contact_angle": 13.6,
        "fiber_rotation": 23.807615230460925
    },
    "mechanical_parameters": {
        "interface_friction": 0.0,
        "tI": 1,
        "tII,tIII": 1.3,
        "GI": 0.015,
        "GII,GIII": 0.1,
        "blade_friction": 0.6
    }
}
