{
    "geometrical_parameters": {
        "fiber_diameter": 0.023363636363636364,
        "blade_distance": 0.04464976736861784,
        "elliptical_fiber_ratio": 1.4242424242424243,
        "ratio_droplet_embedded_length": 1.412121212121212,
        "droplet_diameter": 0.098,
        "contact_angle": 28.16363636363636,
        "fiber_rotation": 61.81818181818181
    },
    "mechanical_parameters": {
        "interface_friction": 0.0,
        "GI": 0.015,
        "GII,GIII": 0.3,
        "tI=tII=tIII": 1.3,
        "blade_friction": 0.6
    }
}
