{
    "geometrical_parameters": {
        "fiber_diameter": 0.013363636363636362,
        "blade_distance_ratio_to_fiber_diameter": 4.924242424242424,
        "elliptical_fiber_ratio": 1.303030303030303,
        "ratio_droplet_embedded_length": 1.4347474747474747,
        "droplet_diameter": 0.12663636363636363,
        "contact_angle": 22.230303030303027,
        "fiber_rotation": 13.636363636363637
    },
    "mechanical_parameters": {
        "interface_friction": 0.0,
        "GI": 0.015,
        "GII,GIII": 0.3,
        "tI=tII=tIII": 1.3,
        "blade_friction": 0.6
    }
}
