{
    "geometrical_parameters": {
        "fiber_diameter": 0.016732441471571907,
        "blade_distance": 0.17692307692307693,
        "elliptical_fiber_ratio": 2.068561872909699,
        "ratio_droplet_embedded_length": 1.36,
        "droplet_diameter": 0.162,
        "contact_angle": 25.7,
        "fiber_rotation": 0
    },
    "mechanical_parameters": {
        "interface_friction": 0.0,
        "GI": 0.0015,
        "GII,GIII": 0.27384615384615385,
        "blade_friction": 0.0,
        "tI=tII=tIII": 0.9314381270903009
    }
}
