{
    "geometrical_parameters": {
        "fiber_diameter": 0.02805016722408027,
        "blade_distance": 0.631438127090301,
        "elliptical_fiber_ratio": 1.9297658862876252,
        "ratio_droplet_embedded_length": 1.4329096989966554,
        "droplet_diameter": 0.12779933110367894,
        "contact_angle": 30.09030100334448,
        "fiber_rotation": 3.3110367892976584
    },
    "mechanical_parameters": {
        "interface_friction": 0.0,
        "GI": 0.0015,
        "GII,GIII": 0.3,
        "tI=tII=tIII": 1.3,
        "blade_friction": 0.6
    }
}
