{
    "geometrical_parameters": {
        "fiber_diameter": 0.030675350701402808,
        "elliptical_fiber_ratio": 1.0,
        "blade_distance": 0.4557114228456913,
        "ratio_droplet_embedded_length": 1.36,
        "droplet_diameter": 0.10422244488977957,
        "contact_angle": 25.7,
        "fiber_rotation": 0
    },
    "mechanical_parameters": {
        "interface_friction": 0.0,
        "GI": 0.0015,
        "GII,GIII": 0.367434869739479,
        "blade_friction": 0.0,
        "tI=tII=tIII": 1.6452905811623246
    }
}
