{
    "geometrical_parameters": {
        "fiber_diameter": 0.021,
        "blade_distance": 0.15,
        "elliptical_fiber_ratio": 1.0,
        "ratio_droplet_embedded_length": 1.36,
        "droplet_diameter": 0.162,
        "contact_angle": 25.7,
        "fiber_rotation": 0
    },
    "mechanical_parameters": {
        "interface_friction": 0.2755852842809364,
        "tI": 0.18896321070234115,
        "tII,tIII": 1.3277591973244147,
        "GI": 0.03245484949832776,
        "GII,GIII": 0.14110367892976589,
        "blade_friction": 0.4280936454849498
    }
}
