{
    "geometrical_parameters": {
        "fiber_diameter": 0.021,
        "blade_distance": 0.042,
        "elliptical_fiber_ratio": 1.0,
        "ratio_droplet_embedded_length": 1.36,
        "droplet_diameter": 0.162,
        "contact_angle": 25.7,
        "fiber_rotation": 0
    },
    "mechanical_parameters": {
        "interface_friction": 0.251505016722408,
        "GI": 0.08245150501672242,
        "GII,GIII": 0.2836789297658863,
        "tI=tII=tIII": 1.0418060200668897,
        "blade_friction": 0.27290969899665546
    }
}
