{
    "geometrical_parameters": {
        "fiber_diameter": 0.021,
        "blade_distance": 0.042,
        "elliptical_fiber_ratio": 1.0,
        "ratio_droplet_embedded_length": 1.36,
        "droplet_diameter": 0.162,
        "contact_angle": 25.7,
        "fiber_rotation": 0
    },
    "mechanical_parameters": {
        "interface_friction": 0.4173913043478261,
        "GI": 0.06092976588628763,
        "GII,GIII": 0.2787625418060201,
        "tI=tII=tIII": 1.754180602006689,
        "blade_friction": 0.49765886287625416
    }
}
