{
    "geometrical_parameters": {
        "fiber_diameter": 0.020636363636363637,
        "blade_distance": 0.10457481175390265,
        "elliptical_fiber_ratio": 2.2929292929292933,
        "ratio_droplet_embedded_length": 1.3054545454545454,
        "droplet_diameter": 0.14436363636363636,
        "contact_angle": 19.353535353535353,
        "fiber_rotation": 0.0
    },
    "mechanical_parameters": {
        "interface_friction": 0.0,
        "GI": 0.0015,
        "GII,GIII": 0.3,
        "tI=tII=tIII": 1.3,
        "blade_friction": 0.6
    }
}
