{
    "geometrical_parameters": {
        "fiber_diameter": 0.023311557788944726,
        "blade_distance": 0.2964824120603015,
        "elliptical_fiber_ratio": 1.3819095477386933,
        "ratio_droplet_embedded_length": 1.3786934673366833,
        "droplet_diameter": 0.2078994974874372,
        "contact_angle": 24.780904522613064,
        "fiber_rotation": 20.804020100502512
    },
    "mechanical_parameters": {
        "interface_friction": 0.0,
        "GI": 0.0015,
        "GII,GIII": 0.3,
        "tI=tII=tIII": 1.3,
        "blade_friction": 0.6
    }
}
