{
    "geometrical_parameters": {
        "fiber_diameter": 0.015829431438127088,
        "blade_distance": 0.7555183946488295,
        "elliptical_fiber_ratio": 1.9163879598662206,
        "ratio_droplet_embedded_length": 1.291638795986622,
        "droplet_diameter": 0.22351839464882944,
        "contact_angle": 30.44749163879598,
        "fiber_rotation": 31.906354515050168
    },
    "mechanical_parameters": {
        "interface_friction": 0.0,
        "GI": 0.0015,
        "GII,GIII": 0.3,
        "tI=tII=tIII": 1.3,
        "blade_friction": 0.6
    }
}
