{
    "geometrical_parameters": {
        "fiber_diameter": 0.021,
        "blade_distance": 0.15,
        "elliptical_fiber_ratio": 1.0,
        "ratio_droplet_embedded_length": 1.36,
        "droplet_diameter": 0.162,
        "contact_angle": 25.7,
        "fiber_rotation": 0
    },
    "mechanical_parameters": {
        "interface_friction": 0.14983277591973246,
        "tI": 1.134782608695652,
        "tII,tIII": 0.7859531772575251,
        "GI": 0.09470234113712374,
        "GII,GIII": 0.30662207357859533,
        "blade_friction": 0.5618729096989967
    }
}
