{
    "geometrical_parameters": {
        "fiber_diameter": 0.027181818181818182,
        "blade_distance": 0.1397487233385062,
        "elliptical_fiber_ratio": 2.191919191919192,
        "ratio_droplet_embedded_length": 1.3765656565656565,
        "droplet_diameter": 0.16890909090909093,
        "contact_angle": 16.296969696969697,
        "fiber_rotation": 20.0
    },
    "mechanical_parameters": {
        "interface_friction": 0.0,
        "GI": 0.0015,
        "GII,GIII": 0.3,
        "tI=tII=tIII": 1.3,
        "blade_friction": 0.6
    }
}
