{
    "geometrical_parameters": {
        "fiber_diameter": 0.021,
        "blade_distance": 0.15,
        "elliptical_fiber_ratio": 1.0,
        "ratio_droplet_embedded_length": 1.36,
        "droplet_diameter": 0.162,
        "contact_angle": 25.7,
        "fiber_rotation": 0
    },
    "mechanical_parameters": {
        "interface_friction": 0.5939799331103679,
        "GI": 0.07947157190635451,
        "GII,GIII": 0.29515050167224083,
        "tI=tII=tIII": 1.834448160535117,
        "blade_friction": 0.5806020066889633
    }
}
