{
    "geometrical_parameters": {
        "fiber_diameter": 0.021,
        "blade_distance": 0.042,
        "elliptical_fiber_ratio": 1.0,
        "ratio_droplet_embedded_length": 1.36,
        "droplet_diameter": 0.162,
        "contact_angle": 25.7,
        "fiber_rotation": 0
    },
    "mechanical_parameters": {
        "interface_friction": 0.5431438127090302,
        "GI": 0.049010033444816054,
        "GII,GIII": 0.2853177257525084,
        "tI=tII=tIII": 1.2725752508361206,
        "blade_friction": 0.6073578595317726
    }
}
