{
    "geometrical_parameters": {
        "fiber_diameter": 0.015408026755852842,
        "blade_distance": 0.5163879598662208,
        "elliptical_fiber_ratio": 1.9080267558528428,
        "ratio_droplet_embedded_length": 1.36,
        "droplet_diameter": 0.162,
        "contact_angle": 25.7,
        "fiber_rotation": 45
    },
    "mechanical_parameters": {
        "interface_friction": 0.0,
        "GI": 0.0015,
        "GII,GIII": 0.13127090301003344,
        "blade_friction": 0.0,
        "tI=tII=tIII": 1.7290969899665551
    }
}
