{
    "geometrical_parameters": {
        "fiber_diameter": 0.013301003344481605,
        "blade_distance": 0.23879598662207357,
        "elliptical_fiber_ratio": 2.224080267558528,
        "ratio_droplet_embedded_length": 1.36,
        "droplet_diameter": 0.162,
        "contact_angle": 25.7,
        "fiber_rotation": 0
    },
    "mechanical_parameters": {
        "interface_friction": 0.0,
        "GI": 0.0015,
        "GII,GIII": 0.27220735785953176,
        "blade_friction": 0.0,
        "tI=tII=tIII": 1.4983277591973243
    }
}
