{
    "geometrical_parameters": {
        "fiber_diameter": 0.016010033444816052,
        "elliptical_fiber_ratio": 1.0,
        "blade_distance": 0.2254180602006689,
        "ratio_droplet_embedded_length": 1.36,
        "droplet_diameter": 0.18062541806020066,
        "contact_angle": 25.7,
        "fiber_rotation": 0
    },
    "mechanical_parameters": {
        "interface_friction": 0.0,
        "GI": 0.0015,
        "GII,GIII": 0.4344481605351171,
        "blade_friction": 0.0,
        "tI=tII=tIII": 1.6989966555183946
    }
}
