{
    "geometrical_parameters": {
        "fiber_diameter": 0.014505016722408027,
        "blade_distance": 0.24381270903010033,
        "elliptical_fiber_ratio": 2.219063545150502,
        "ratio_droplet_embedded_length": 1.2606020066889632,
        "droplet_diameter": 0.19326755852842809,
        "contact_angle": 28.304347826086953,
        "fiber_rotation": 40.33444816053511
    },
    "mechanical_parameters": {
        "interface_friction": 0.0,
        "tI": 1,
        "tII,tIII": 1.3,
        "GI": 0.01,
        "GII,GIII": 0.15,
        "blade_friction": 0.8
    }
}
