{
    "geometrical_parameters": {
        "fiber_diameter": 0.029376753507014026,
        "blade_distance": 0.22725450901803607,
        "elliptical_fiber_ratio": 2.403807615230461,
        "ratio_droplet_embedded_length": 1.2350300601202404,
        "droplet_diameter": 0.19268937875751502,
        "contact_angle": 21.162324649298597,
        "fiber_rotation": 4.869739478957916
    },
    "mechanical_parameters": {
        "interface_friction": 0.0,
        "tI": 1,
        "tII,tIII": 1.3,
        "GI": 0.015,
        "GII,GIII": 0.1,
        "blade_friction": 0.6
    }
}
