{
    "geometrical_parameters": {
        "fiber_diameter": 0.020791583166332665,
        "elliptical_fiber_ratio": 1.0,
        "blade_distance": 0.5809619238476954,
        "ratio_droplet_embedded_length": 1.36,
        "droplet_diameter": 0.13587575150300601,
        "contact_angle": 25.7,
        "fiber_rotation": 0
    },
    "mechanical_parameters": {
        "interface_friction": 0.0,
        "GI": 0.0015,
        "GII,GIII": 0.017855711422845692,
        "blade_friction": 0.0,
        "tI=tII=tIII": 1.6963927855711423
    }
}
