{
    "geometrical_parameters": {
        "fiber_diameter": 0.030939799331103683,
        "blade_distance": 0.48628762541806025,
        "elliptical_fiber_ratio": 2.254180602006689,
        "ratio_droplet_embedded_length": 1.4329096989966554,
        "droplet_diameter": 0.15895317725752509,
        "contact_angle": 19.612709030100334,
        "fiber_rotation": 87.89297658862877
    },
    "mechanical_parameters": {
        "interface_friction": 0.0,
        "GI": 0.0015,
        "GII,GIII": 0.3,
        "tI=tII=tIII": 1.3,
        "blade_friction": 0.6
    }
}
