{
    "geometrical_parameters": {
        "fiber_diameter": 0.02702675585284281,
        "blade_distance": 0.3859531772575251,
        "elliptical_fiber_ratio": 1.225752508361204,
        "ratio_droplet_embedded_length": 1.36,
        "droplet_diameter": 0.162,
        "contact_angle": 25.7,
        "fiber_rotation": 45
    },
    "mechanical_parameters": {
        "interface_friction": 0.0,
        "GI": 0.0015,
        "GII,GIII": 0.3902006688963211,
        "blade_friction": 0.0,
        "tI=tII=tIII": 1.5234113712374582
    }
}
