{
    "geometrical_parameters": {
        "fiber_diameter": 0.0264247491638796,
        "blade_distance": 0.35050167224080264,
        "elliptical_fiber_ratio": 2.37123745819398,
        "ratio_droplet_embedded_length": 1.2381270903010033,
        "droplet_diameter": 0.10928762541806021,
        "contact_angle": 30.328428093645485,
        "fiber_rotation": 83.07692307692307
    },
    "mechanical_parameters": {
        "interface_friction": 0.0,
        "GI": 0.0015,
        "GII,GIII": 0.3,
        "tI=tII=tIII": 1.3,
        "blade_friction": 0.6
    }
}
