{
    "geometrical_parameters": {
        "fiber_diameter": 0.014334669338677355,
        "elliptical_fiber_ratio": 1.0,
        "blade_distance": 0.3925851703406813,
        "ratio_droplet_embedded_length": 1.36,
        "droplet_diameter": 0.22380160320641285,
        "contact_angle": 25.7,
        "fiber_rotation": 0
    },
    "mechanical_parameters": {
        "interface_friction": 0.0,
        "GI": 0.0015,
        "GII,GIII": 0.1622044088176353,
        "blade_friction": 0.0,
        "tI=tII=tIII": 1.1673346693386772
    }
}
