{
    "geometrical_parameters": {
        "fiber_diameter": 0.029727272727272727,
        "blade_distance": 0.5898989898989899,
        "elliptical_fiber_ratio": 1.106060606060606,
        "ratio_droplet_embedded_length": 1.3604040404040403,
        "droplet_diameter": 0.2234545454545455,
        "contact_angle": 18.094949494949493,
        "fiber_rotation": 19.09090909090909
    },
    "mechanical_parameters": {
        "interface_friction": 0.0,
        "tI": 0.5,
        "tII,tIII": 1.3,
        "GI": 0.05,
        "GII,GIII": 0.1,
        "blade_friction": 0.6
    }
}
