{
    "geometrical_parameters": {
        "fiber_diameter": 0.01972727272727273,
        "blade_distance": 0.3525252525252526,
        "elliptical_fiber_ratio": 2.1363636363636367,
        "ratio_droplet_embedded_length": 1.3022222222222222,
        "droplet_diameter": 0.15527272727272728,
        "contact_angle": 25.107070707070704,
        "fiber_rotation": 72.72727272727273
    },
    "mechanical_parameters": {
        "interface_friction": 0.0,
        "GI": 0.0015,
        "GII,GIII": 0.15,
        "tI=tII=tIII": 1.3,
        "blade_friction": 0.6
    }
}
