{
    "geometrical_parameters": {
        "fiber_diameter": 0.025156312625250504,
        "blade_distance": 0.31242484969939877,
        "elliptical_fiber_ratio": 1.3006012024048097,
        "ratio_droplet_embedded_length": 1.1747494989979959,
        "droplet_diameter": 0.1385811623246493,
        "contact_angle": 15.704609218436874,
        "fiber_rotation": 31.563126252505008
    },
    "mechanical_parameters": {
        "interface_friction": 0.0,
        "tI": 1,
        "tII,tIII": 1.3,
        "GI": 0.015,
        "GII,GIII": 0.1,
        "blade_friction": 0.6
    }
}
