{
    "geometrical_parameters": {
        "fiber_diameter": 0.028272727272727276,
        "blade_distance": 0.05754204149330797,
        "elliptical_fiber_ratio": 2.6363636363636362,
        "ratio_droplet_embedded_length": 1.450909090909091,
        "droplet_diameter": 0.21800000000000003,
        "contact_angle": 27.084848484848482,
        "fiber_rotation": 50.00000000000001
    },
    "mechanical_parameters": {
        "interface_friction": 0.0,
        "GI": 0.015,
        "GII,GIII": 0.3,
        "tI=tII=tIII": 1.3,
        "blade_friction": 0.6
    }
}
