{
    "geometrical_parameters": {
        "fiber_diameter": 0.02798996655518395,
        "blade_distance": 0.5648829431438127,
        "elliptical_fiber_ratio": 2.219063545150502,
        "ratio_droplet_embedded_length": 1.36,
        "droplet_diameter": 0.162,
        "contact_angle": 25.7,
        "fiber_rotation": 0
    },
    "mechanical_parameters": {
        "interface_friction": 0.0,
        "GI": 0.0015,
        "GII,GIII": 0.4196989966555184,
        "blade_friction": 0.0,
        "tI=tII=tIII": 1.4933110367892977
    }
}
