{
    "geometrical_parameters": {
        "fiber_diameter": 0.021,
        "blade_distance": 0.042,
        "elliptical_fiber_ratio": 1.0,
        "ratio_droplet_embedded_length": 1.36,
        "droplet_diameter": 0.162,
        "contact_angle": 25.7,
        "fiber_rotation": 0
    },
    "mechanical_parameters": {
        "interface_friction": 0.30234113712374583,
        "GI": 0.010933110367892976,
        "GII,GIII": 0.3164548494983278,
        "tI=tII=tIII": 1.4732441471571907,
        "blade_friction": 0.4120401337792643
    }
}
