{
    "geometrical_parameters": {
        "fiber_diameter": 0.024218436873747494,
        "blade_distance": 0.26733466933867733,
        "elliptical_fiber_ratio": 1.6763527054108218,
        "ratio_droplet_embedded_length": 1.2626052104208416,
        "droplet_diameter": 0.1044929859719439,
        "contact_angle": 23.516633266533063,
        "fiber_rotation": 87.4749498997996
    },
    "mechanical_parameters": {
        "interface_friction": 0.0,
        "tI": 1,
        "tII,tIII": 1.3,
        "GI": 0.015,
        "GII,GIII": 0.1,
        "blade_friction": 0.6
    }
}
