{
    "geometrical_parameters": {
        "fiber_diameter": 0.021,
        "blade_distance": 0.15,
        "elliptical_fiber_ratio": 1.0,
        "ratio_droplet_embedded_length": 1.36,
        "droplet_diameter": 0.162,
        "contact_angle": 25.7,
        "fiber_rotation": 0
    },
    "mechanical_parameters": {
        "interface_friction": 0.4521739130434783,
        "tI": 0.49799331103678923,
        "tII,tIII": 1.031772575250836,
        "GI": 0.007622073578595319,
        "GII,GIII": 0.2377926421404682,
        "blade_friction": 0.08294314381270904
    }
}
