{
    "geometrical_parameters": {
        "fiber_diameter": 0.02203010033444816,
        "elliptical_fiber_ratio": 1.0,
        "blade_distance": 0.16187290969899668,
        "ratio_droplet_embedded_length": 1.36,
        "droplet_diameter": 0.21810033444816054,
        "contact_angle": 25.7,
        "fiber_rotation": 0
    },
    "mechanical_parameters": {
        "interface_friction": 0.0,
        "GI": 0.0015,
        "GII,GIII": 0.17551839464882946,
        "blade_friction": 0.0,
        "tI=tII=tIII": 1.9548494983277591
    }
}
