{
    "geometrical_parameters": {
        "fiber_diameter": 0.021,
        "blade_distance": 0.15,
        "elliptical_fiber_ratio": 1.0,
        "ratio_droplet_embedded_length": 1.36,
        "droplet_diameter": 0.162,
        "contact_angle": 25.7,
        "fiber_rotation": 0
    },
    "mechanical_parameters": {
        "interface_friction": 0.38260869565217387,
        "GI": 0.03973913043478261,
        "GII,GIII": 0.34759197324414715,
        "tI=tII=tIII": 0.6204013377926422,
        "blade_friction": 0.37725752508361204
    }
}
