{
    "geometrical_parameters": {
        "fiber_diameter": 0.027387959866220737,
        "blade_distance": 0.4996655518394649,
        "elliptical_fiber_ratio": 2.479933110367893,
        "ratio_droplet_embedded_length": 1.36,
        "droplet_diameter": 0.162,
        "contact_angle": 25.7,
        "fiber_rotation": 45
    },
    "mechanical_parameters": {
        "interface_friction": 0.0,
        "GI": 0.0015,
        "GII,GIII": 0.26892976588628764,
        "blade_friction": 0.0,
        "tI=tII=tIII": 1.6387959866220736
    }
}
