{
    "geometrical_parameters": {
        "fiber_diameter": 0.021,
        "blade_distance": 0.15,
        "elliptical_fiber_ratio": 1.0,
        "ratio_droplet_embedded_length": 1.36,
        "droplet_diameter": 0.162,
        "contact_angle": 25.7,
        "fiber_rotation": 0
    },
    "mechanical_parameters": {
        "interface_friction": 0.6688963210702341,
        "GI": 0.06424080267558528,
        "GII,GIII": 0.321371237458194,
        "tI=tII=tIII": 1.2424749163879598,
        "blade_friction": 0.671571906354515
    }
}
