{
    "geometrical_parameters": {
        "fiber_diameter": 0.021,
        "blade_distance": 0.15,
        "elliptical_fiber_ratio": 1.0,
        "ratio_droplet_embedded_length": 1.36,
        "droplet_diameter": 0.162,
        "contact_angle": 25.7,
        "fiber_rotation": 0
    },
    "mechanical_parameters": {
        "interface_friction": 0.5591973244147157,
        "GI": 0.05033444816053512,
        "GII,GIII": 0.26073578595317726,
        "tI=tII=tIII": 1.5384615384615385,
        "blade_friction": 0.34247491638795985
    }
}
