{
    "geometrical_parameters": {
        "fiber_diameter": 0.023414715719063544,
        "blade_distance": 0.5264214046822743,
        "elliptical_fiber_ratio": 2.4698996655518393,
        "ratio_droplet_embedded_length": 1.36,
        "droplet_diameter": 0.162,
        "contact_angle": 25.7,
        "fiber_rotation": 0
    },
    "mechanical_parameters": {
        "interface_friction": 0.0,
        "GI": 0.0015,
        "GII,GIII": 0.2836789297658863,
        "blade_friction": 0.0,
        "tI=tII=tIII": 1.6939799331103678
    }
}
