{
    "geometrical_parameters": {
        "fiber_diameter": 0.013662207357859531,
        "blade_distance": 0.394314381270903,
        "elliptical_fiber_ratio": 1.9782608695652173,
        "ratio_droplet_embedded_length": 1.36,
        "droplet_diameter": 0.162,
        "contact_angle": 25.7,
        "fiber_rotation": 45
    },
    "mechanical_parameters": {
        "interface_friction": 0.0,
        "GI": 0.0015,
        "GII,GIII": 0.41642140468227423,
        "blade_friction": 0.0,
        "tI=tII=tIII": 1.9949832775919734
    }
}
