{
    "geometrical_parameters": {
        "fiber_diameter": 0.024090909090909093,
        "blade_distance": 0.14567791926311066,
        "elliptical_fiber_ratio": 2.797979797979798,
        "ratio_droplet_embedded_length": 1.3086868686868687,
        "droplet_diameter": 0.158,
        "contact_angle": 14.139393939393939,
        "fiber_rotation": 21.818181818181817
    },
    "mechanical_parameters": {
        "interface_friction": 0.0,
        "GI": 0.015,
        "GII,GIII": 0.3,
        "tI=tII=tIII": 1.3,
        "blade_friction": 0.6
    }
}
