{
    "geometrical_parameters": {
        "fiber_diameter": 0.021008016032064127,
        "blade_distance": 0.27735470941883766,
        "elliptical_fiber_ratio": 2.0611222444889776,
        "ratio_droplet_embedded_length": 1.3652104208416833,
        "droplet_diameter": 0.15589579158316635,
        "contact_angle": 27.58316633266533,
        "fiber_rotation": 39.67935871743487
    },
    "mechanical_parameters": {
        "interface_friction": 0.0,
        "tI": 1,
        "tII,tIII": 1.3,
        "GI": 0.015,
        "GII,GIII": 0.1,
        "blade_friction": 0.6
    }
}
