{
    "geometrical_parameters": {
        "fiber_diameter": 0.013865731462925851,
        "blade_distance": 0.1561122244488978,
        "elliptical_fiber_ratio": 1.7845691382765532,
        "ratio_droplet_embedded_length": 1.2568336673346692,
        "droplet_diameter": 0.19782965931863727,
        "contact_angle": 29.83046092184368,
        "fiber_rotation": 49.959919839679365
    },
    "mechanical_parameters": {
        "interface_friction": 0.0,
        "tI": 1,
        "tII,tIII": 1.3,
        "GI": 0.01,
        "GII,GIII": 0.15,
        "blade_friction": 0.6
    }
}
