{
    "geometrical_parameters": {
        "fiber_diameter": 0.0241371237458194,
        "blade_distance": 0.38929765886287626,
        "elliptical_fiber_ratio": 1.948160535117057,
        "ratio_droplet_embedded_length": 1.4618060200668896,
        "droplet_diameter": 0.2153913043478261,
        "contact_angle": 27.05418060200669,
        "fiber_rotation": 22.5752508361204
    },
    "mechanical_parameters": {
        "interface_friction": 0.0,
        "GI": 0.0015,
        "GII,GIII": 0.3,
        "tI=tII=tIII": 1.3,
        "blade_friction": 0.6
    }
}
