{
    "geometrical_parameters": {
        "fiber_diameter": 0.029363636363636363,
        "blade_distance_ratio_to_fiber_diameter": 1.856060606060606,
        "elliptical_fiber_ratio": 1.1414141414141414,
        "ratio_droplet_embedded_length": 1.4735353535353535,
        "droplet_diameter": 0.13345454545454546,
        "contact_angle": 17.016161616161614,
        "fiber_rotation": 81.81818181818181
    },
    "mechanical_parameters": {
        "interface_friction": 0.0,
        "GI": 0.015,
        "GII,GIII": 0.3,
        "tI=tII=tIII": 1.3,
        "blade_friction": 0.6
    }
}
