{
    "geometrical_parameters": {
        "fiber_diameter": 0.026545150501672242,
        "blade_distance": 0.5214046822742475,
        "elliptical_fiber_ratio": 1.3110367892976589,
        "ratio_droplet_embedded_length": 1.36,
        "droplet_diameter": 0.162,
        "contact_angle": 25.7,
        "fiber_rotation": 45
    },
    "mechanical_parameters": {
        "interface_friction": 0.0,
        "GI": 0.0015,
        "GII,GIII": 0.26729096989966555,
        "blade_friction": 0.0,
        "tI=tII=tIII": 1.2775919732441472
    }
}
