{
    "geometrical_parameters": {
        "fiber_diameter": 0.021,
        "blade_distance": 0.15,
        "elliptical_fiber_ratio": 1.0,
        "ratio_droplet_embedded_length": 1.36,
        "droplet_diameter": 0.162,
        "contact_angle": 25.7,
        "fiber_rotation": 0
    },
    "mechanical_parameters": {
        "interface_friction": 0.7919732441471573,
        "tI": 0.760200668896321,
        "tII,tIII": 1.6739130434782608,
        "GI": 0.08013377926421406,
        "GII,GIII": 0.14929765886287627,
        "blade_friction": 0.7919732441471573
    }
}
