{
    "geometrical_parameters": {
        "fiber_diameter": 0.026605351170568566,
        "blade_distance": 0.24381270903010033,
        "elliptical_fiber_ratio": 2.1839464882943145,
        "ratio_droplet_embedded_length": 1.36,
        "droplet_diameter": 0.162,
        "contact_angle": 25.7,
        "fiber_rotation": 0
    },
    "mechanical_parameters": {
        "interface_friction": 0.0,
        "GI": 0.0015,
        "GII,GIII": 0.02802675585284281,
        "blade_friction": 0.0,
        "tI=tII=tIII": 1.7892976588628764
    }
}
