{
    "geometrical_parameters": {
        "fiber_diameter": 0.021,
        "blade_distance": 0.15,
        "elliptical_fiber_ratio": 1.0,
        "ratio_droplet_embedded_length": 1.36,
        "droplet_diameter": 0.162,
        "contact_angle": 25.7,
        "fiber_rotation": 0
    },
    "mechanical_parameters": {
        "interface_friction": 0.4120401337792643,
        "GI": 0.07152508361204014,
        "GII,GIII": 0.4573913043478261,
        "tI=tII=tIII": 1.0418060200668897,
        "blade_friction": 0.7652173913043478
    }
}
