{
    "geometrical_parameters": {
        "fiber_diameter": 0.021,
        "blade_distance": 0.15,
        "elliptical_fiber_ratio": 1.0,
        "ratio_droplet_embedded_length": 1.36,
        "droplet_diameter": 0.162,
        "contact_angle": 25.7,
        "fiber_rotation": 0
    },
    "mechanical_parameters": {
        "interface_friction": 0.2140468227424749,
        "tI": 0.9100334448160534,
        "tII,tIII": 1.9297658862876255,
        "GI": 0.08278260869565218,
        "GII,GIII": 0.18698996655518396,
        "blade_friction": 0.7036789297658863
    }
}
