{
    "geometrical_parameters": {
        "fiber_diameter": 0.021,
        "blade_distance": 0.15,
        "elliptical_fiber_ratio": 1.0,
        "ratio_droplet_embedded_length": 1.36,
        "droplet_diameter": 0.162,
        "contact_angle": 25.7,
        "fiber_rotation": 0
    },
    "mechanical_parameters": {
        "interface_friction": 0.43879598662207364,
        "tI": 0.9474916387959866,
        "tII,tIII": 1.0217391304347825,
        "GI": 0.03278595317725753,
        "GII,GIII": 0.26401337792642143,
        "blade_friction": 0.3210702341137124
    }
}
