{
    "geometrical_parameters": {
        "fiber_diameter": 0.0298561872909699,
        "blade_distance": 0.20033444816053514,
        "elliptical_fiber_ratio": 1.9381270903010033,
        "ratio_droplet_embedded_length": 1.36,
        "droplet_diameter": 0.162,
        "contact_angle": 25.7,
        "fiber_rotation": 45
    },
    "mechanical_parameters": {
        "interface_friction": 0.0,
        "GI": 0.0015,
        "GII,GIII": 0.17224080267558528,
        "blade_friction": 0.0,
        "tI=tII=tIII": 1.051839464882943
    }
}
