{
    "geometrical_parameters": {
        "fiber_diameter": 0.019997995991983968,
        "elliptical_fiber_ratio": 1.0,
        "blade_distance": 0.5428857715430861,
        "ratio_droplet_embedded_length": 1.36,
        "droplet_diameter": 0.21920240480961925,
        "contact_angle": 25.7,
        "fiber_rotation": 0
    },
    "mechanical_parameters": {
        "interface_friction": 0.0,
        "GI": 0.0015,
        "GII,GIII": 0.03945891783567134,
        "blade_friction": 0.0,
        "tI=tII=tIII": 1.81062124248497
    }
}
