{
    "geometrical_parameters": {
        "fiber_diameter": 0.016138276553106214,
        "blade_distance": 0.15711422845691383,
        "elliptical_fiber_ratio": 2.4488977955911824,
        "ratio_droplet_embedded_length": 1.4485771543086172,
        "droplet_diameter": 0.1328997995991984,
        "contact_angle": 24.40841683366733,
        "fiber_rotation": 7.394789579158316
    },
    "mechanical_parameters": {
        "interface_friction": 0.0,
        "tI": 1,
        "tII,tIII": 1.3,
        "GI": 0.015,
        "GII,GIII": 0.1,
        "blade_friction": 0.6
    }
}
