{
    "geometrical_parameters": {
        "fiber_diameter": 0.024723446893787575,
        "blade_distance": 0.3094188376753507,
        "elliptical_fiber_ratio": 1.928857715430862,
        "ratio_droplet_embedded_length": 1.3042885771543085,
        "droplet_diameter": 0.2197434869739479,
        "contact_angle": 15.668937875751503,
        "fiber_rotation": 30.300601202404813
    },
    "mechanical_parameters": {
        "interface_friction": 0.0,
        "tI": 1,
        "tII,tIII": 1.3,
        "GI": 0.015,
        "GII,GIII": 0.1,
        "blade_friction": 0.6
    }
}
