{
    "geometrical_parameters": {
        "fiber_diameter": 0.017653306613226453,
        "elliptical_fiber_ratio": 1.0,
        "blade_distance": 0.4617234468937875,
        "ratio_droplet_embedded_length": 1.36,
        "droplet_diameter": 0.12938276553106212,
        "contact_angle": 25.7,
        "fiber_rotation": 0
    },
    "mechanical_parameters": {
        "interface_friction": 0.0,
        "GI": 0.0015,
        "GII,GIII": 0.41358717434869735,
        "blade_friction": 0.0,
        "tI=tII=tIII": 1.0801603206412826
    }
}
