{
    "geometrical_parameters": {
        "fiber_diameter": 0.027327759197324414,
        "blade_distance": 0.6899665551839466,
        "elliptical_fiber_ratio": 2.5183946488294318,
        "ratio_droplet_embedded_length": 1.2509698996655518,
        "droplet_diameter": 0.1368294314381271,
        "contact_angle": 28.959197324414713,
        "fiber_rotation": 66.82274247491638
    },
    "mechanical_parameters": {
        "interface_friction": 0.0,
        "GI": 0.0015,
        "GII,GIII": 0.3,
        "tI=tII=tIII": 1.3,
        "blade_friction": 0.6
    }
}
