{
    "geometrical_parameters": {
        "fiber_diameter": 0.028835671342685373,
        "blade_distance": 0.31883767535070145,
        "elliptical_fiber_ratio": 2.0731462925851702,
        "ratio_droplet_embedded_length": 1.3132665330661322,
        "droplet_diameter": 0.2081102204408818,
        "contact_angle": 24.872144288577154,
        "fiber_rotation": 32.104208416833664
    },
    "mechanical_parameters": {
        "interface_friction": 0.0,
        "tI": 1,
        "tII,tIII": 1.3,
        "GI": 0.01,
        "GII,GIII": 0.15,
        "blade_friction": 0.6
    }
}
