{
    "geometrical_parameters": {
        "fiber_diameter": 0.02241482965931864,
        "blade_distance": 0.34128256513026056,
        "elliptical_fiber_ratio": 1.4899799599198396,
        "ratio_droplet_embedded_length": 1.2279759519038076,
        "droplet_diameter": 0.21757915831663327,
        "contact_angle": 27.761523046092183,
        "fiber_rotation": 36.97394789579158
    },
    "mechanical_parameters": {
        "interface_friction": 0.0,
        "tI": 1,
        "tII,tIII": 1.3,
        "GI": 0.01,
        "GII,GIII": 0.15,
        "blade_friction": 0.6
    }
}
