{
    "geometrical_parameters": {
        "fiber_diameter": 0.022306613226452908,
        "elliptical_fiber_ratio": 1.0,
        "blade_distance": 0.15110220440881764,
        "ratio_droplet_embedded_length": 1.36,
        "droplet_diameter": 0.1924188376753507,
        "contact_angle": 25.7,
        "fiber_rotation": 0
    },
    "mechanical_parameters": {
        "interface_friction": 0.0,
        "GI": 0.0015,
        "GII,GIII": 0.1710420841683367,
        "blade_friction": 0.0,
        "tI=tII=tIII": 0.9899799599198397
    }
}
