{
    "geometrical_parameters": {
        "fiber_diameter": 0.018237458193979934,
        "blade_distance": 0.43277591973244145,
        "elliptical_fiber_ratio": 1.7725752508361206,
        "ratio_droplet_embedded_length": 1.36,
        "droplet_diameter": 0.162,
        "contact_angle": 25.7,
        "fiber_rotation": 45
    },
    "mechanical_parameters": {
        "interface_friction": 0.0,
        "GI": 0.0015,
        "GII,GIII": 0.03294314381270903,
        "blade_friction": 0.0,
        "tI=tII=tIII": 1.6237458193979935
    }
}
