{
    "geometrical_parameters": {
        "fiber_diameter": 0.03035070140280561,
        "blade_distance": 0.66,
        "elliptical_fiber_ratio": 1.1503006012024048,
        "ratio_droplet_embedded_length": 1.273507014028056,
        "droplet_diameter": 0.12234869739478958,
        "contact_angle": 28.153907815631257,
        "fiber_rotation": 55.01002004008016
    },
    "mechanical_parameters": {
        "interface_friction": 0.0,
        "tI": 1,
        "tII,tIII": 1.3,
        "GI": 0.01,
        "GII,GIII": 0.15,
        "blade_friction": 0.6
    }
}
