{
    "geometrical_parameters": {
        "fiber_diameter": 0.018336683417085428,
        "blade_distance": 0.6251256281407036,
        "elliptical_fiber_ratio": 2.8391959798994977,
        "ratio_droplet_embedded_length": 1.2194974874371858,
        "droplet_diameter": 0.15566331658291457,
        "contact_angle": 14.583919597989949,
        "fiber_rotation": 32.11055276381909
    },
    "mechanical_parameters": {
        "interface_friction": 0.0,
        "GI": 0.0015,
        "GII,GIII": 0.3,
        "tI=tII=tIII": 1.3,
        "blade_friction": 0.6
    }
}
