{
    "geometrical_parameters": {
        "fiber_diameter": 0.027508361204013378,
        "blade_distance": 0.531438127090301,
        "elliptical_fiber_ratio": 1.2157190635451505,
        "ratio_droplet_embedded_length": 1.36,
        "droplet_diameter": 0.162,
        "contact_angle": 25.7,
        "fiber_rotation": 45
    },
    "mechanical_parameters": {
        "interface_friction": 0.0,
        "GI": 0.0015,
        "GII,GIII": 0.021471571906354514,
        "blade_friction": 0.0,
        "tI=tII=tIII": 0.6103678929765887
    }
}
