{
    "geometrical_parameters": {
        "fiber_diameter": 0.027933867735470942,
        "elliptical_fiber_ratio": 1.0,
        "blade_distance": 0.4286573146292585,
        "ratio_droplet_embedded_length": 1.36,
        "droplet_diameter": 0.14182765531062125,
        "contact_angle": 25.7,
        "fiber_rotation": 0
    },
    "mechanical_parameters": {
        "interface_friction": 0.0,
        "GI": 0.0015,
        "GII,GIII": 0.2829859719438878,
        "blade_friction": 0.0,
        "tI=tII=tIII": 1.1162324649298596
    }
}
