{
    "geometrical_parameters": {
        "fiber_diameter": 0.021,
        "blade_distance": 0.042,
        "elliptical_fiber_ratio": 1.0,
        "ratio_droplet_embedded_length": 1.36,
        "droplet_diameter": 0.162,
        "contact_angle": 25.7,
        "fiber_rotation": 0
    },
    "mechanical_parameters": {
        "interface_friction": 0.757190635451505,
        "GI": 0.029143812709030104,
        "GII,GIII": 0.4967224080267558,
        "tI=tII=tIII": 1.1270903010033444,
        "blade_friction": 0.4575250836120402
    }
}
