{
    "geometrical_parameters": {
        "fiber_diameter": 0.018478260869565215,
        "blade_distance": 0.1468227424749164,
        "elliptical_fiber_ratio": 2.1839464882943145,
        "ratio_droplet_embedded_length": 1.36,
        "droplet_diameter": 0.162,
        "contact_angle": 25.7,
        "fiber_rotation": 45
    },
    "mechanical_parameters": {
        "interface_friction": 0.0,
        "GI": 0.0015,
        "GII,GIII": 0.4573913043478261,
        "blade_friction": 0.0,
        "tI=tII=tIII": 1.2274247491638794
    }
}
