{
    "geometrical_parameters": {
        "fiber_diameter": 0.018272727272727274,
        "blade_distance_ratio_to_fiber_diameter": 1.6666666666666665,
        "elliptical_fiber_ratio": 1.2626262626262625,
        "ratio_droplet_embedded_length": 1.4218181818181819,
        "droplet_diameter": 0.11981818181818182,
        "contact_angle": 29.06262626262626,
        "fiber_rotation": 30.000000000000004
    },
    "mechanical_parameters": {
        "interface_friction": 0.0,
        "GI": 0.015,
        "GII,GIII": 0.3,
        "tI=tII=tIII": 1.3,
        "blade_friction": 0.6
    }
}
