{
    "geometrical_parameters": {
        "fiber_diameter": 0.031,
        "blade_distance": 0.09460177116469387,
        "elliptical_fiber_ratio": 1.3838383838383839,
        "ratio_droplet_embedded_length": 1.3086868686868687,
        "droplet_diameter": 0.13890909090909093,
        "contact_angle": 21.87070707070707,
        "fiber_rotation": 10.0
    },
    "mechanical_parameters": {
        "interface_friction": 0.0,
        "GI": 0.015,
        "GII,GIII": 0.3,
        "tI=tII=tIII": 1.3,
        "blade_friction": 0.6
    }
}
