{
    "geometrical_parameters": {
        "fiber_diameter": 0.02557286432160804,
        "blade_distance": 0.7095477386934674,
        "elliptical_fiber_ratio": 1.8040201005025125,
        "ratio_droplet_embedded_length": 1.2146733668341707,
        "droplet_diameter": 0.10071356783919598,
        "contact_angle": 19.682412060301505,
        "fiber_rotation": 74.62311557788945
    },
    "mechanical_parameters": {
        "interface_friction": 0.0,
        "GI": 0.0015,
        "GII,GIII": 0.3,
        "tI=tII=tIII": 1.3,
        "blade_friction": 0.6
    }
}
