{
    "geometrical_parameters": {
        "fiber_diameter": 0.021,
        "blade_distance": 0.15,
        "elliptical_fiber_ratio": 1.0,
        "ratio_droplet_embedded_length": 1.36,
        "droplet_diameter": 0.162,
        "contact_angle": 25.7,
        "fiber_rotation": 0
    },
    "mechanical_parameters": {
        "interface_friction": 0.3290969899665552,
        "tI": 0.35752508361204016,
        "tII,tIII": 1.091973244147157,
        "GI": 0.009939799331103678,
        "GII,GIII": 0.32464882943143814,
        "blade_friction": 0.06153846153846155
    }
}
