{
    "geometrical_parameters": {
        "fiber_diameter": 0.02907357859531773,
        "blade_distance": 0.21036789297658864,
        "elliptical_fiber_ratio": 1.8578595317725752,
        "ratio_droplet_embedded_length": 1.194247491638796,
        "droplet_diameter": 0.16121070234113713,
        "contact_angle": 25.80401337792642,
        "fiber_rotation": 25.886287625418056
    },
    "mechanical_parameters": {
        "interface_friction": 0.0,
        "tI": 1,
        "tII,tIII": 1.3,
        "GI": 0.01,
        "GII,GIII": 0.15,
        "blade_friction": 0.8
    }
}
