{
    "geometrical_parameters": {
        "fiber_diameter": 0.014046092184368737,
        "elliptical_fiber_ratio": 1.0,
        "blade_distance": 0.31342685370741485,
        "ratio_droplet_embedded_length": 1.36,
        "droplet_diameter": 0.1055751503006012,
        "contact_angle": 25.7,
        "fiber_rotation": 0
    },
    "mechanical_parameters": {
        "interface_friction": 0.0,
        "GI": 0.0015,
        "GII,GIII": 0.012945891783567134,
        "blade_friction": 0.0,
        "tI=tII=tIII": 0.719438877755511
    }
}
