{
    "geometrical_parameters": {
        "fiber_diameter": 0.025280936454849502,
        "blade_distance": 0.10468227424749164,
        "elliptical_fiber_ratio": 1.588628762541806,
        "ratio_droplet_embedded_length": 1.3023411371237459,
        "droplet_diameter": 0.13953846153846156,
        "contact_angle": 22.767892976588627,
        "fiber_rotation": 57.190635451505024
    },
    "mechanical_parameters": {
        "interface_friction": 0.0,
        "GI": 0.0015,
        "GII,GIII": 0.3,
        "tI=tII=tIII": 1.3,
        "blade_friction": 0.6
    }
}
