{
    "geometrical_parameters": {
        "fiber_diameter": 0.029881763527054107,
        "elliptical_fiber_ratio": 1.0,
        "blade_distance": 0.32645290581162323,
        "ratio_droplet_embedded_length": 1.36,
        "droplet_diameter": 0.1723987975951904,
        "contact_angle": 25.7,
        "fiber_rotation": 0
    },
    "mechanical_parameters": {
        "interface_friction": 0.0,
        "GI": 0.0015,
        "GII,GIII": 0.4076953907815632,
        "blade_friction": 0.0,
        "tI=tII=tIII": 1.9669338677354709
    }
}
