{
    "geometrical_parameters": {
        "fiber_diameter": 0.014023411371237457,
        "blade_distance": 0.29565217391304344,
        "elliptical_fiber_ratio": 1.9030100334448161,
        "ratio_droplet_embedded_length": 1.2959197324414715,
        "droplet_diameter": 0.11380267558528429,
        "contact_angle": 30.98327759197324,
        "fiber_rotation": 37.625418060200666
    },
    "mechanical_parameters": {
        "interface_friction": 0.0,
        "tI": 1,
        "tII,tIII": 1.3,
        "GI": 0.01,
        "GII,GIII": 0.15,
        "blade_friction": 0.8
    }
}
