{
    "geometrical_parameters": {
        "fiber_diameter": 0.018454545454545453,
        "blade_distance": 0.0837900056839027,
        "elliptical_fiber_ratio": 1.6868686868686869,
        "ratio_droplet_embedded_length": 1.2860606060606061,
        "droplet_diameter": 0.21936363636363637,
        "contact_angle": 15.937373737373736,
        "fiber_rotation": 4.545454545454546
    },
    "mechanical_parameters": {
        "interface_friction": 0.0,
        "GI": 0.015,
        "GII,GIII": 0.3,
        "tI=tII=tIII": 1.3,
        "blade_friction": 0.6
    }
}
