{
    "geometrical_parameters": {
        "fiber_diameter": 0.026665551839464882,
        "blade_distance": 0.5096989966555184,
        "elliptical_fiber_ratio": 1.6321070234113713,
        "ratio_droplet_embedded_length": 1.36,
        "droplet_diameter": 0.162,
        "contact_angle": 25.7,
        "fiber_rotation": 0
    },
    "mechanical_parameters": {
        "interface_friction": 0.0,
        "GI": 0.0015,
        "GII,GIII": 0.4852508361204013,
        "blade_friction": 0.0,
        "tI=tII=tIII": 1.979933110367893
    }
}
