{
    "geometrical_parameters": {
        "fiber_diameter": 0.02919397993311037,
        "blade_distance": 0.4929765886287625,
        "elliptical_fiber_ratio": 2.3193979933110365,
        "ratio_droplet_embedded_length": 1.36,
        "droplet_diameter": 0.162,
        "contact_angle": 25.7,
        "fiber_rotation": 45
    },
    "mechanical_parameters": {
        "interface_friction": 0.0,
        "GI": 0.0015,
        "GII,GIII": 0.49508361204013374,
        "blade_friction": 0.0,
        "tI=tII=tIII": 1.4782608695652173
    }
}
