{
    "geometrical_parameters": {
        "fiber_diameter": 0.021,
        "blade_distance": 0.15,
        "elliptical_fiber_ratio": 1.0,
        "ratio_droplet_embedded_length": 1.36,
        "droplet_diameter": 0.162,
        "contact_angle": 25.7,
        "fiber_rotation": 0
    },
    "mechanical_parameters": {
        "interface_friction": 0.2193979933110368,
        "GI": 0.03344816053511706,
        "GII,GIII": 0.28695652173913044,
        "tI=tII=tIII": 0.8210702341137124,
        "blade_friction": 0.1230769230769231
    }
}
