{
    "geometrical_parameters": {
        "fiber_diameter": 0.014866220735785952,
        "elliptical_fiber_ratio": 1.0,
        "blade_distance": 0.3959866220735786,
        "ratio_droplet_embedded_length": 1.36,
        "droplet_diameter": 0.21584280936454853,
        "contact_angle": 25.7,
        "fiber_rotation": 0
    },
    "mechanical_parameters": {
        "interface_friction": 0.0,
        "GI": 0.0015,
        "GII,GIII": 0.13454849498327756,
        "blade_friction": 0.0,
        "tI=tII=tIII": 1.7040133779264215
    }
}
