{
    "geometrical_parameters": {
        "fiber_diameter": 0.025120240480961925,
        "elliptical_fiber_ratio": 1.0,
        "blade_distance": 0.12705410821643287,
        "ratio_droplet_embedded_length": 1.36,
        "droplet_diameter": 0.19782965931863727,
        "contact_angle": 25.7,
        "fiber_rotation": 0
    },
    "mechanical_parameters": {
        "interface_friction": 0.0,
        "GI": 0.0015,
        "GII,GIII": 0.10623246492985972,
        "blade_friction": 0.0,
        "tI=tII=tIII": 1.9188376753507013
    }
}
