{
    "geometrical_parameters": {
        "fiber_diameter": 0.015709030100334448,
        "blade_distance": 0.22876254180602007,
        "elliptical_fiber_ratio": 2.1137123745819397,
        "ratio_droplet_embedded_length": 1.36,
        "droplet_diameter": 0.162,
        "contact_angle": 25.7,
        "fiber_rotation": 45
    },
    "mechanical_parameters": {
        "interface_friction": 0.0,
        "GI": 0.0015,
        "GII,GIII": 0.2705685618729097,
        "blade_friction": 0.0,
        "tI=tII=tIII": 1.011705685618729
    }
}
