{
    "geometrical_parameters": {
        "fiber_diameter": 0.020636363636363637,
        "blade_distance": 0.07971735915816885,
        "elliptical_fiber_ratio": 2.191919191919192,
        "ratio_droplet_embedded_length": 1.2084848484848485,
        "droplet_diameter": 0.11436363636363636,
        "contact_angle": 24.567676767676765,
        "fiber_rotation": 87.27272727272727
    },
    "mechanical_parameters": {
        "interface_friction": 0.0,
        "GI": 0.015,
        "GII,GIII": 0.3,
        "tI=tII=tIII": 1.3,
        "blade_friction": 0.6
    }
}
