{
    "geometrical_parameters": {
        "fiber_diameter": 0.02190909090909091,
        "blade_distance_ratio_to_fiber_diameter": 2.4242424242424243,
        "elliptical_fiber_ratio": 1.3232323232323233,
        "ratio_droplet_embedded_length": 1.3862626262626263,
        "droplet_diameter": 0.2234545454545455,
        "contact_angle": 21.690909090909088,
        "fiber_rotation": 14.545454545454547
    },
    "mechanical_parameters": {
        "interface_friction": 0.0,
        "GI": 0.015,
        "GII,GIII": 0.3,
        "tI=tII=tIII": 1.3,
        "blade_friction": 0.6
    }
}
