{
    "geometrical_parameters": {
        "fiber_diameter": 0.02481818181818182,
        "blade_distance": 0.11207279699518502,
        "elliptical_fiber_ratio": 1.101010101010101,
        "ratio_droplet_embedded_length": 1.399191919191919,
        "droplet_diameter": 0.11845454545454545,
        "contact_angle": 17.195959595959593,
        "fiber_rotation": 7.272727272727273
    },
    "mechanical_parameters": {
        "interface_friction": 0.0,
        "GI": 0.015,
        "GII,GIII": 0.3,
        "tI=tII=tIII": 1.3,
        "blade_friction": 0.6
    }
}
