{
    "geometrical_parameters": {
        "fiber_diameter": 0.017364729458917837,
        "blade_distance": 0.10886992639764176,
        "elliptical_fiber_ratio": 2.7835671342685373,
        "ratio_droplet_embedded_length": 1.4549899799599197,
        "droplet_diameter": 0.1480501002004008,
        "contact_angle": 14.242084168336673,
        "fiber_rotation": 10.821643286573146
    },
    "mechanical_parameters": {
        "interface_friction": 0.7695390781563126,
        "GI": 0.061114228456913826,
        "GII,GIII": 0.5496392785571143,
        "tI=tII=tIII": 1.1973947895791583,
        "blade_friction": 0.1090180360721443
    }
}
