{
    "geometrical_parameters": {
        "fiber_diameter": 0.021,
        "blade_distance": 0.15,
        "elliptical_fiber_ratio": 1.0,
        "ratio_droplet_embedded_length": 1.36,
        "droplet_diameter": 0.162,
        "contact_angle": 25.7,
        "fiber_rotation": 0
    },
    "mechanical_parameters": {
        "interface_friction": 0.6207357859531772,
        "tI": 0.10936454849498328,
        "tII,tIII": 1.9849498327759196,
        "GI": 0.07086287625418061,
        "GII,GIII": 0.33612040133779264,
        "blade_friction": 0.2702341137123746
    }
}
