{
    "geometrical_parameters": {
        "fiber_diameter": 0.02907357859531773,
        "blade_distance": 0.531438127090301,
        "elliptical_fiber_ratio": 2.0334448160535117,
        "ratio_droplet_embedded_length": 1.36,
        "droplet_diameter": 0.162,
        "contact_angle": 25.7,
        "fiber_rotation": 0
    },
    "mechanical_parameters": {
        "interface_friction": 0.0,
        "GI": 0.0015,
        "GII,GIII": 0.388561872909699,
        "blade_friction": 0.0,
        "tI=tII=tIII": 1.4381270903010033
    }
}
