{
    "geometrical_parameters": {
        "fiber_diameter": 0.021,
        "blade_distance": 0.15,
        "elliptical_fiber_ratio": 1.0,
        "ratio_droplet_embedded_length": 1.36,
        "droplet_diameter": 0.162,
        "contact_angle": 25.7,
        "fiber_rotation": 0
    },
    "mechanical_parameters": {
        "interface_friction": 0.032107023411371234,
        "tI": 0.6290969899665552,
        "tII,tIII": 0.540133779264214,
        "GI": 0.056294314381270916,
        "GII,GIII": 0.01983277591973244,
        "blade_friction": 0.10969899665551841
    }
}
