{
    "geometrical_parameters": {
        "fiber_diameter": 0.030386773547094188,
        "elliptical_fiber_ratio": 1.0,
        "blade_distance": 0.2993987975951904,
        "ratio_droplet_embedded_length": 1.36,
        "droplet_diameter": 0.18240881763527056,
        "contact_angle": 25.7,
        "fiber_rotation": 0
    },
    "mechanical_parameters": {
        "interface_friction": 0.0,
        "GI": 0.0015,
        "GII,GIII": 0.26825651302605213,
        "blade_friction": 0.0,
        "tI=tII=tIII": 1.0110220440881763
    }
}
