{
    "geometrical_parameters": {
        "fiber_diameter": 0.014731462925851703,
        "elliptical_fiber_ratio": 1.0,
        "blade_distance": 0.2963927855711423,
        "ratio_droplet_embedded_length": 1.36,
        "droplet_diameter": 0.23218837675350704,
        "contact_angle": 25.7,
        "fiber_rotation": 0
    },
    "mechanical_parameters": {
        "interface_friction": 0.0,
        "GI": 0.0015,
        "GII,GIII": 0.4214428857715431,
        "blade_friction": 0.0,
        "tI=tII=tIII": 1.5761523046092183
    }
}
