{
    "geometrical_parameters": {
        "fiber_diameter": 0.01420401337792642,
        "blade_distance": 0.47458193979933117,
        "elliptical_fiber_ratio": 1.165551839464883,
        "ratio_droplet_embedded_length": 1.36,
        "droplet_diameter": 0.162,
        "contact_angle": 25.7,
        "fiber_rotation": 0
    },
    "mechanical_parameters": {
        "interface_friction": 0.0,
        "GI": 0.0015,
        "GII,GIII": 0.19518394648829432,
        "blade_friction": 0.0,
        "tI=tII=tIII": 1.4080267558528428
    }
}
