{
    "geometrical_parameters": {
        "fiber_diameter": 0.028652173913043477,
        "elliptical_fiber_ratio": 1.0,
        "blade_distance": 0.31404682274247486,
        "ratio_droplet_embedded_length": 1.36,
        "droplet_diameter": 0.11651170568561874,
        "contact_angle": 25.7,
        "fiber_rotation": 0
    },
    "mechanical_parameters": {
        "interface_friction": 0.0,
        "GI": 0.0015,
        "GII,GIII": 0.4639464882943144,
        "blade_friction": 0.0,
        "tI=tII=tIII": 1.3979933110367893
    }
}
