{
    "geometrical_parameters": {
        "fiber_diameter": 0.029374581939799332,
        "blade_distance": 0.4377926421404682,
        "elliptical_fiber_ratio": 2.1989966555183944,
        "ratio_droplet_embedded_length": 1.36,
        "droplet_diameter": 0.162,
        "contact_angle": 25.7,
        "fiber_rotation": 0
    },
    "mechanical_parameters": {
        "interface_friction": 0.0,
        "GI": 0.0015,
        "GII,GIII": 0.41642140468227423,
        "blade_friction": 0.0,
        "tI=tII=tIII": 0.6053511705685619
    }
}
