{
    "geometrical_parameters": {
        "fiber_diameter": 0.01974247491638796,
        "blade_distance": 0.5190635451505018,
        "elliptical_fiber_ratio": 1.1538461538461537,
        "ratio_droplet_embedded_length": 1.1696321070234112,
        "droplet_diameter": 0.1598561872909699,
        "contact_angle": 28.304347826086953,
        "fiber_rotation": 60.50167224080268
    },
    "mechanical_parameters": {
        "interface_friction": 0.0,
        "GI": 0.0015,
        "GII,GIII": 0.3,
        "tI=tII=tIII": 1.3,
        "blade_friction": 0.6
    }
}
