{
    "geometrical_parameters": {
        "fiber_diameter": 0.021,
        "blade_distance": 0.15,
        "elliptical_fiber_ratio": 1.0,
        "ratio_droplet_embedded_length": 1.36,
        "droplet_diameter": 0.162,
        "contact_angle": 25.7,
        "fiber_rotation": 0
    },
    "mechanical_parameters": {
        "interface_friction": 0.4602006688963211,
        "tI": 1.3127090301003346,
        "tII,tIII": 1.0167224080267558,
        "GI": 0.1,
        "GII,GIII": 0.34923076923076923,
        "blade_friction": 0.10702341137123746
    }
}
