{
    "geometrical_parameters": {
        "fiber_diameter": 0.021,
        "blade_distance": 0.15,
        "elliptical_fiber_ratio": 1.0,
        "ratio_droplet_embedded_length": 1.36,
        "droplet_diameter": 0.162,
        "contact_angle": 25.7,
        "fiber_rotation": 0
    },
    "mechanical_parameters": {
        "interface_friction": 0.4949832775919733,
        "tI": 0.4464882943143813,
        "tII,tIII": 1.4581939799331103,
        "GI": 0.020866220735785954,
        "GII,GIII": 0.3590635451505017,
        "blade_friction": 0.7090301003344482
    }
}
