{
    "geometrical_parameters": {
        "fiber_diameter": 0.029521042084168336,
        "blade_distance": 0.4052505010020041,
        "elliptical_fiber_ratio": 2.0100200400801604,
        "ratio_droplet_embedded_length": 1.3754709418837676,
        "droplet_diameter": 0.16103607214428858,
        "contact_angle": 15.02685370741483,
        "fiber_rotation": 9.198396793587174
    },
    "mechanical_parameters": {
        "interface_friction": 0.0,
        "tI": 1,
        "tII,tIII": 1.3,
        "GI": 0.01,
        "GII,GIII": 0.15,
        "blade_friction": 0.6
    }
}
