{
    "geometrical_parameters": {
        "fiber_diameter": 0.01476753507014028,
        "blade_distance": 0.16513026052104207,
        "elliptical_fiber_ratio": 1.6372745490981964,
        "ratio_droplet_embedded_length": 1.165130260521042,
        "droplet_diameter": 0.10746893787575151,
        "contact_angle": 19.236072144288578,
        "fiber_rotation": 26.69338677354709
    },
    "mechanical_parameters": {
        "interface_friction": 0.0,
        "tI": 1,
        "tII,tIII": 1.3,
        "GI": 0.015,
        "GII,GIII": 0.1,
        "blade_friction": 0.6
    }
}
