{
    "geometrical_parameters": {
        "fiber_diameter": 0.01609090909090909,
        "blade_distance": 0.17849255323517324,
        "elliptical_fiber_ratio": 2.494949494949495,
        "ratio_droplet_embedded_length": 1.16,
        "droplet_diameter": 0.21527272727272728,
        "contact_angle": 27.26464646464646,
        "fiber_rotation": 1.8181818181818181
    },
    "mechanical_parameters": {
        "interface_friction": 0.0,
        "GI": 0.0015,
        "GII,GIII": 0.3,
        "tI=tII=tIII": 1.3,
        "blade_friction": 0.6
    }
}
