{
    "geometrical_parameters": {
        "fiber_diameter": 0.027753507014028057,
        "elliptical_fiber_ratio": 1.0,
        "blade_distance": 0.26132264529058113,
        "ratio_droplet_embedded_length": 1.36,
        "droplet_diameter": 0.117749498997996,
        "contact_angle": 25.7,
        "fiber_rotation": 0
    },
    "mechanical_parameters": {
        "interface_friction": 0.0,
        "GI": 0.0015,
        "GII,GIII": 0.02374749498997996,
        "blade_friction": 0.0,
        "tI=tII=tIII": 0.6172344689378757
    }
}
