{
    "geometrical_parameters": {
        "fiber_diameter": 0.016967935871743486,
        "blade_distance": 0.39458917835671337,
        "elliptical_fiber_ratio": 1.0871743486973948,
        "ratio_droplet_embedded_length": 1.3511022044088177,
        "droplet_diameter": 0.14669739478957916,
        "contact_angle": 30.86492985971943,
        "fiber_rotation": 82.60521042084169
    },
    "mechanical_parameters": {
        "interface_friction": 0.0,
        "tI": 1,
        "tII,tIII": 1.3,
        "GI": 0.015,
        "GII,GIII": 0.1,
        "blade_friction": 0.6
    }
}
