{
    "geometrical_parameters": {
        "fiber_diameter": 0.021,
        "blade_distance": 0.15,
        "elliptical_fiber_ratio": 1.0,
        "ratio_droplet_embedded_length": 1.36,
        "droplet_diameter": 0.162,
        "contact_angle": 25.7,
        "fiber_rotation": 0
    },
    "mechanical_parameters": {
        "interface_friction": 0.49765886287625416,
        "tI": 0.8678929765886289,
        "tII,tIII": 0.5050167224080268,
        "GI": 0.03742140468227425,
        "GII,GIII": 0.19026755852842808,
        "blade_friction": 0.053511705685618735
    }
}
