{
    "geometrical_parameters": {
        "fiber_diameter": 0.023677354709418837,
        "blade_distance": 0.445691382765531,
        "elliptical_fiber_ratio": 1.5440881763527052,
        "ratio_droplet_embedded_length": 1.3908617234468938,
        "droplet_diameter": 0.19214829659318639,
        "contact_angle": 22.553507014028057,
        "fiber_rotation": 33.727454909819635
    },
    "mechanical_parameters": {
        "interface_friction": 0.0,
        "tI": 1,
        "tII,tIII": 1.3,
        "GI": 0.015,
        "GII,GIII": 0.1,
        "blade_friction": 0.6
    }
}
