{
    "geometrical_parameters": {
        "fiber_diameter": 0.027181818181818182,
        "blade_distance_ratio_to_fiber_diameter": 4.431818181818182,
        "elliptical_fiber_ratio": 2.6161616161616164,
        "ratio_droplet_embedded_length": 1.218181818181818,
        "droplet_diameter": 0.16209090909090912,
        "contact_angle": 26.0060606060606,
        "fiber_rotation": 67.27272727272727
    },
    "mechanical_parameters": {
        "interface_friction": 0.0,
        "GI": 0.015,
        "GII,GIII": 0.3,
        "tI=tII=tIII": 1.3,
        "blade_friction": 0.6
    }
}
