{
    "geometrical_parameters": {
        "fiber_diameter": 0.030636363636363642,
        "blade_distance": 0.13838001391070853,
        "elliptical_fiber_ratio": 1.2828282828282829,
        "ratio_droplet_embedded_length": 1.218181818181818,
        "droplet_diameter": 0.2302727272727273,
        "contact_angle": 25.646464646464644,
        "fiber_rotation": 48.18181818181819
    },
    "mechanical_parameters": {
        "interface_friction": 0.0,
        "GI": 0.015,
        "GII,GIII": 0.3,
        "tI=tII=tIII": 1.3,
        "blade_friction": 0.6
    }
}
