{
    "geometrical_parameters": {
        "fiber_diameter": 0.021,
        "blade_distance": 0.15,
        "elliptical_fiber_ratio": 1.0,
        "ratio_droplet_embedded_length": 1.36,
        "droplet_diameter": 0.162,
        "contact_angle": 25.7,
        "fiber_rotation": 0
    },
    "mechanical_parameters": {
        "interface_friction": 0.6180602006688964,
        "tI": 1.045819397993311,
        "tII,tIII": 1.387959866220736,
        "GI": 0.016230769230769233,
        "GII,GIII": 0.11324414715719064,
        "blade_friction": 0.334448160535117
    }
}
