{
    "geometrical_parameters": {
        "fiber_diameter": 0.017274247491638795,
        "blade_distance": 0.35919732441471575,
        "elliptical_fiber_ratio": 1.4615384615384615,
        "ratio_droplet_embedded_length": 1.36,
        "droplet_diameter": 0.162,
        "contact_angle": 25.7,
        "fiber_rotation": 45
    },
    "mechanical_parameters": {
        "interface_friction": 0.0,
        "GI": 0.0015,
        "GII,GIII": 0.10996655518394649,
        "blade_friction": 0.0,
        "tI=tII=tIII": 0.9816053511705685
    }
}
