{
    "geometrical_parameters": {
        "fiber_diameter": 0.015829431438127088,
        "blade_distance": 0.29899665551839466,
        "elliptical_fiber_ratio": 1.7324414715719063,
        "ratio_droplet_embedded_length": 1.2959197324414715,
        "droplet_diameter": 0.1259933110367893,
        "contact_angle": 20.208026755852842,
        "fiber_rotation": 16.254180602006688
    },
    "mechanical_parameters": {
        "interface_friction": 0.0,
        "GI": 0.0015,
        "GII,GIII": 0.3,
        "tI=tII=tIII": 1.3,
        "blade_friction": 0.6
    }
}
