{
    "geometrical_parameters": {
        "fiber_diameter": 0.021945891783567133,
        "blade_distance": 0.16012024048096193,
        "elliptical_fiber_ratio": 1.0270541082164328,
        "ratio_droplet_embedded_length": 1.3491783567134268,
        "droplet_diameter": 0.23218837675350704,
        "contact_angle": 27.04809619238477,
        "fiber_rotation": 57.17434869739479
    },
    "mechanical_parameters": {
        "interface_friction": 0.0,
        "tI": 1,
        "tII,tIII": 1.3,
        "GI": 0.015,
        "GII,GIII": 0.1,
        "blade_friction": 0.6
    }
}
