{
    "geometrical_parameters": {
        "fiber_diameter": 0.017334448160535115,
        "blade_distance": 0.5615384615384615,
        "elliptical_fiber_ratio": 1.8929765886287626,
        "ratio_droplet_embedded_length": 1.36,
        "droplet_diameter": 0.162,
        "contact_angle": 25.7,
        "fiber_rotation": 0
    },
    "mechanical_parameters": {
        "interface_friction": 0.0,
        "GI": 0.0015,
        "GII,GIII": 0.2902341137123746,
        "blade_friction": 0.0,
        "tI=tII=tIII": 0.9615384615384615
    }
}
