{
    "geometrical_parameters": {
        "fiber_diameter": 0.016190635451505016,
        "blade_distance": 0.2655518394648829,
        "elliptical_fiber_ratio": 1.140468227424749,
        "ratio_droplet_embedded_length": 1.36,
        "droplet_diameter": 0.162,
        "contact_angle": 25.7,
        "fiber_rotation": 45
    },
    "mechanical_parameters": {
        "interface_friction": 0.0,
        "GI": 0.0015,
        "GII,GIII": 0.08046822742474917,
        "blade_friction": 0.0,
        "tI=tII=tIII": 1.5234113712374582
    }
}
