{
    "geometrical_parameters": {
        "fiber_diameter": 0.021,
        "blade_distance": 0.042,
        "elliptical_fiber_ratio": 1.0,
        "ratio_droplet_embedded_length": 1.36,
        "droplet_diameter": 0.162,
        "contact_angle": 25.7,
        "fiber_rotation": 0
    },
    "mechanical_parameters": {
        "interface_friction": 0.5645484949832776,
        "GI": 0.08344481605351171,
        "GII,GIII": 0.0476923076923077,
        "tI=tII=tIII": 0.9615384615384615,
        "blade_friction": 0.08026755852842811
    }
}
