{
    "geometrical_parameters": {
        "fiber_diameter": 0.014806020066889632,
        "blade_distance": 0.29899665551839466,
        "elliptical_fiber_ratio": 1.4013377926421404,
        "ratio_droplet_embedded_length": 1.4757190635451505,
        "droplet_diameter": 0.15218060200668898,
        "contact_angle": 17.529096989966554,
        "fiber_rotation": 23.177257525083608
    },
    "mechanical_parameters": {
        "interface_friction": 0.0,
        "tI": 1,
        "tII,tIII": 1.3,
        "GI": 0.01,
        "GII,GIII": 0.15,
        "blade_friction": 0.8
    }
}
