{
    "geometrical_parameters": {
        "fiber_diameter": 0.019,
        "blade_distance": 0.5848484848484848,
        "elliptical_fiber_ratio": 1.121212121212121,
        "ratio_droplet_embedded_length": 1.4088888888888889,
        "droplet_diameter": 0.12663636363636363,
        "contact_angle": 16.836363636363636,
        "fiber_rotation": 2.727272727272727
    },
    "mechanical_parameters": {
        "interface_friction": 0.0,
        "tI": 0.5,
        "tII,tIII": 1.3,
        "GI": 0.05,
        "GII,GIII": 0.1,
        "blade_friction": 0.6
    }
}
