{
    "geometrical_parameters": {
        "fiber_diameter": 0.021,
        "blade_distance": 0.15,
        "elliptical_fiber_ratio": 1.0,
        "ratio_droplet_embedded_length": 1.36,
        "droplet_diameter": 0.162,
        "contact_angle": 25.7,
        "fiber_rotation": 0
    },
    "mechanical_parameters": {
        "interface_friction": 0.04816053511705686,
        "GI": 0.08046488294314381,
        "GII,GIII": 0.25909698996655517,
        "tI=tII=tIII": 1.8896321070234112,
        "blade_friction": 0.6635451505016722
    }
}
