{
    "geometrical_parameters": {
        "fiber_diameter": 0.021,
        "blade_distance": 0.15,
        "elliptical_fiber_ratio": 1.0,
        "ratio_droplet_embedded_length": 1.36,
        "droplet_diameter": 0.162,
        "contact_angle": 25.7,
        "fiber_rotation": 0
    },
    "mechanical_parameters": {
        "interface_friction": 0.5832775919732441,
        "GI": 0.08576254180602008,
        "GII,GIII": 0.4541137123745819,
        "tI=tII=tIII": 1.1571906354515051,
        "blade_friction": 0.21672240802675583
    }
}
