{
    "geometrical_parameters": {
        "fiber_diameter": 0.014587174348697395,
        "blade_distance": 0.178997974509354,
        "elliptical_fiber_ratio": 1.4929859719438878,
        "ratio_droplet_embedded_length": 1.1933466933867736,
        "droplet_diameter": 0.2026993987975952,
        "contact_angle": 26.049298597194387,
        "fiber_rotation": 88.55711422845691
    },
    "mechanical_parameters": {
        "interface_friction": 0.5723446893787576,
        "GI": 0.08174749498997996,
        "GII,GIII": 0.06356713426853708,
        "tI=tII=tIII": 0.9719438877755511,
        "blade_friction": 0.15390781563126255
    }
}
