{
    "geometrical_parameters": {
        "fiber_diameter": 0.028655310621242484,
        "elliptical_fiber_ratio": 1.0,
        "blade_distance": 0.5739478957915831,
        "ratio_droplet_embedded_length": 1.36,
        "droplet_diameter": 0.1101743486973948,
        "contact_angle": 25.7,
        "fiber_rotation": 0
    },
    "mechanical_parameters": {
        "interface_friction": 0.0,
        "GI": 0.0015,
        "GII,GIII": 0.4548296593186373,
        "blade_friction": 0.0,
        "tI=tII=tIII": 1.7054108216432866
    }
}
