{
    "geometrical_parameters": {
        "fiber_diameter": 0.015633266533066133,
        "elliptical_fiber_ratio": 1.0,
        "blade_distance": 0.17314629258517034,
        "ratio_droplet_embedded_length": 1.36,
        "droplet_diameter": 0.15129659318637276,
        "contact_angle": 25.7,
        "fiber_rotation": 0
    },
    "mechanical_parameters": {
        "interface_friction": 0.0,
        "GI": 0.0015,
        "GII,GIII": 0.42046092184368733,
        "blade_friction": 0.0,
        "tI=tII=tIII": 1.7444889779559118
    }
}
