{
    "geometrical_parameters": {
        "fiber_diameter": 0.029773547094188377,
        "blade_distance": 0.26272545090180366,
        "elliptical_fiber_ratio": 1.3667334669338678,
        "ratio_droplet_embedded_length": 1.2305410821643286,
        "droplet_diameter": 0.22948296593186374,
        "contact_angle": 14.955511022044087,
        "fiber_rotation": 41.122244488977955
    },
    "mechanical_parameters": {
        "interface_friction": 0.0,
        "tI": 1,
        "tII,tIII": 1.3,
        "GI": 0.01,
        "GII,GIII": 0.15,
        "blade_friction": 0.6
    }
}
