{
    "geometrical_parameters": {
        "fiber_diameter": 0.024618729096989967,
        "elliptical_fiber_ratio": 1.0,
        "blade_distance": 0.10167224080267559,
        "ratio_droplet_embedded_length": 1.36,
        "droplet_diameter": 0.10386956521739131,
        "contact_angle": 25.7,
        "fiber_rotation": 0
    },
    "mechanical_parameters": {
        "interface_friction": 0.0,
        "GI": 0.0015,
        "GII,GIII": 0.08210702341137123,
        "blade_friction": 0.0,
        "tI=tII=tIII": 0.9013377926421404
    }
}
