{
    "geometrical_parameters": {
        "fiber_diameter": 0.021,
        "blade_distance": 0.15,
        "elliptical_fiber_ratio": 1.0,
        "ratio_droplet_embedded_length": 1.36,
        "droplet_diameter": 0.162,
        "contact_angle": 25.7,
        "fiber_rotation": 0
    },
    "mechanical_parameters": {
        "interface_friction": 0.7812709030100334,
        "GI": 0.03675919732441471,
        "GII,GIII": 0.27384615384615385,
        "tI=tII=tIII": 1.3678929765886287,
        "blade_friction": 0.016053511705685617
    }
}
