{
    "geometrical_parameters": {
        "fiber_diameter": 0.024110220440881763,
        "elliptical_fiber_ratio": 1.0,
        "blade_distance": 0.17114228456913827,
        "ratio_droplet_embedded_length": 1.36,
        "droplet_diameter": 0.1621182364729459,
        "contact_angle": 25.7,
        "fiber_rotation": 0
    },
    "mechanical_parameters": {
        "interface_friction": 0.0,
        "GI": 0.0015,
        "GII,GIII": 0.3654709418837675,
        "blade_friction": 0.0,
        "tI=tII=tIII": 0.6833667334669339
    }
}
