{
    "geometrical_parameters": {
        "fiber_diameter": 0.023424849699398797,
        "elliptical_fiber_ratio": 1.0,
        "blade_distance": 0.4877755511022044,
        "ratio_droplet_embedded_length": 1.36,
        "droplet_diameter": 0.10855110220440882,
        "contact_angle": 25.7,
        "fiber_rotation": 0
    },
    "mechanical_parameters": {
        "interface_friction": 0.0,
        "GI": 0.0015,
        "GII,GIII": 0.26040080160320644,
        "blade_friction": 0.0,
        "tI=tII=tIII": 1.1943887775551103
    }
}
