{
    "geometrical_parameters": {
        "fiber_diameter": 0.021,
        "blade_distance": 0.042,
        "elliptical_fiber_ratio": 1.0,
        "ratio_droplet_embedded_length": 1.36,
        "droplet_diameter": 0.162,
        "contact_angle": 25.7,
        "fiber_rotation": 0
    },
    "mechanical_parameters": {
        "interface_friction": 0.6421404682274249,
        "GI": 0.05232107023411372,
        "GII,GIII": 0.16076923076923078,
        "tI=tII=tIII": 1.0568561872909699,
        "blade_friction": 0.6742474916387962
    }
}
