{
    "geometrical_parameters": {
        "fiber_diameter": 0.024470941883767534,
        "elliptical_fiber_ratio": 1.0,
        "blade_distance": 0.2282565130260521,
        "ratio_droplet_embedded_length": 1.36,
        "droplet_diameter": 0.12397194388777555,
        "contact_angle": 25.7,
        "fiber_rotation": 0
    },
    "mechanical_parameters": {
        "interface_friction": 0.0,
        "GI": 0.0015,
        "GII,GIII": 0.4636673346693387,
        "blade_friction": 0.0,
        "tI=tII=tIII": 0.6052104208416833
    }
}
