{
    "geometrical_parameters": {
        "fiber_diameter": 0.027267558528428094,
        "blade_distance": 0.5531772575250836,
        "elliptical_fiber_ratio": 1.4665551839464883,
        "ratio_droplet_embedded_length": 1.36,
        "droplet_diameter": 0.162,
        "contact_angle": 25.7,
        "fiber_rotation": 45
    },
    "mechanical_parameters": {
        "interface_friction": 0.0,
        "GI": 0.0015,
        "GII,GIII": 0.34595317725752506,
        "blade_friction": 0.0,
        "tI=tII=tIII": 0.6956521739130435
    }
}
