{
    "geometrical_parameters": {
        "fiber_diameter": 0.024257525083612043,
        "blade_distance": 0.4060200668896321,
        "elliptical_fiber_ratio": 2.3946488294314383,
        "ratio_droplet_embedded_length": 1.36,
        "droplet_diameter": 0.162,
        "contact_angle": 25.7,
        "fiber_rotation": 45
    },
    "mechanical_parameters": {
        "interface_friction": 0.0,
        "GI": 0.0015,
        "GII,GIII": 0.14274247491638795,
        "blade_friction": 0.0,
        "tI=tII=tIII": 0.9364548494983277
    }
}
