{
    "geometrical_parameters": {
        "fiber_diameter": 0.030494989979959926,
        "elliptical_fiber_ratio": 1.0,
        "blade_distance": 0.4577154308617234,
        "ratio_droplet_embedded_length": 1.36,
        "droplet_diameter": 0.22515430861723448,
        "contact_angle": 25.7,
        "fiber_rotation": 0
    },
    "mechanical_parameters": {
        "interface_friction": 0.0,
        "GI": 0.0015,
        "GII,GIII": 0.1474749498997996,
        "blade_friction": 0.0,
        "tI=tII=tIII": 0.5871743486973948
    }
}
