{
    "geometrical_parameters": {
        "fiber_diameter": 0.021,
        "blade_distance": 0.15,
        "elliptical_fiber_ratio": 1.0,
        "ratio_droplet_embedded_length": 1.36,
        "droplet_diameter": 0.162,
        "contact_angle": 25.7,
        "fiber_rotation": 0
    },
    "mechanical_parameters": {
        "interface_friction": 0.6421404682274249,
        "GI": 0.047354515050167224,
        "GII,GIII": 0.06899665551839465,
        "tI=tII=tIII": 1.5535117056856187,
        "blade_friction": 0.026755852842809364
    }
}
