{
    "geometrical_parameters": {
        "fiber_diameter": 0.023965931863727453,
        "elliptical_fiber_ratio": 1.0,
        "blade_distance": 0.17915831663326653,
        "ratio_droplet_embedded_length": 1.36,
        "droplet_diameter": 0.11693787575150301,
        "contact_angle": 25.7,
        "fiber_rotation": 0
    },
    "mechanical_parameters": {
        "interface_friction": 0.0,
        "GI": 0.0015,
        "GII,GIII": 0.29182364729458915,
        "blade_friction": 0.0,
        "tI=tII=tIII": 1.2725450901803608
    }
}
