{
    "geometrical_parameters": {
        "fiber_diameter": 0.030578595317725756,
        "blade_distance": 0.17525083612040132,
        "elliptical_fiber_ratio": 1.4565217391304346,
        "ratio_droplet_embedded_length": 1.3505016722408025,
        "droplet_diameter": 0.16798327759197323,
        "contact_angle": 27.94715719063545,
        "fiber_rotation": 20.769230769230766
    },
    "mechanical_parameters": {
        "interface_friction": 0.0,
        "GI": 0.0015,
        "GII,GIII": 0.3,
        "tI=tII=tIII": 1.3,
        "blade_friction": 0.6
    }
}
