{
    "geometrical_parameters": {
        "fiber_diameter": 0.028474949899799602,
        "blade_distance": 0.6510220440881764,
        "elliptical_fiber_ratio": 2.2775551102204408,
        "ratio_droplet_embedded_length": 1.2132264529058117,
        "droplet_diameter": 0.1261362725450902,
        "contact_angle": 28.546292585170338,
        "fiber_rotation": 40.76152304609219
    },
    "mechanical_parameters": {
        "interface_friction": 0.0,
        "tI": 1,
        "tII,tIII": 1.3,
        "GI": 0.01,
        "GII,GIII": 0.15,
        "blade_friction": 0.6
    }
}
