{
    "geometrical_parameters": {
        "fiber_diameter": 0.01474581939799331,
        "blade_distance": 0.5565217391304348,
        "elliptical_fiber_ratio": 1.391304347826087,
        "ratio_droplet_embedded_length": 1.4179264214046823,
        "droplet_diameter": 0.14721404682274247,
        "contact_angle": 28.06622073578595,
        "fiber_rotation": 58.99665551839465
    },
    "mechanical_parameters": {
        "interface_friction": 0.0,
        "tI": 1,
        "tII,tIII": 1.3,
        "GI": 0.01,
        "GII,GIII": 0.15,
        "blade_friction": 0.8
    }
}
