{
    "geometrical_parameters": {
        "fiber_diameter": 0.022135678391959797,
        "blade_distance": 0.6914572864321609,
        "elliptical_fiber_ratio": 1.6834170854271355,
        "ratio_droplet_embedded_length": 1.2082412060301506,
        "droplet_diameter": 0.13463316582914575,
        "contact_angle": 28.806030150753767,
        "fiber_rotation": 46.582914572864325
    },
    "mechanical_parameters": {
        "interface_friction": 0.0,
        "GI": 0.0015,
        "GII,GIII": 0.3,
        "tI=tII=tIII": 1.3,
        "blade_friction": 0.6
    }
}
