{
    "geometrical_parameters": {
        "fiber_diameter": 0.01437074148296593,
        "blade_distance": 0.47146292585170346,
        "elliptical_fiber_ratio": 1.4659318637274548,
        "ratio_droplet_embedded_length": 1.3953507014028055,
        "droplet_diameter": 0.10611623246492986,
        "contact_angle": 16.739078156312623,
        "fiber_rotation": 28.316633266533067
    },
    "mechanical_parameters": {
        "interface_friction": 0.0,
        "tI": 1,
        "tII,tIII": 1.3,
        "GI": 0.01,
        "GII,GIII": 0.15,
        "blade_friction": 0.6
    }
}
