{
    "geometrical_parameters": {
        "fiber_diameter": 0.013072144288577154,
        "elliptical_fiber_ratio": 1.0,
        "blade_distance": 0.3735470941883767,
        "ratio_droplet_embedded_length": 1.36,
        "droplet_diameter": 0.20053507014028057,
        "contact_angle": 25.7,
        "fiber_rotation": 0
    },
    "mechanical_parameters": {
        "interface_friction": 0.0,
        "GI": 0.0015,
        "GII,GIII": 0.3006613226452906,
        "blade_friction": 0.0,
        "tI=tII=tIII": 1.5821643286573146
    }
}
