{
    "geometrical_parameters": {
        "fiber_diameter": 0.02075551102204409,
        "blade_distance": 0.6162324649298598,
        "elliptical_fiber_ratio": 2.0040080160320644,
        "ratio_droplet_embedded_length": 1.206813627254509,
        "droplet_diameter": 0.15400200400801603,
        "contact_angle": 15.597595190380762,
        "fiber_rotation": 42.02404809619239
    },
    "mechanical_parameters": {
        "interface_friction": 0.0,
        "tI": 1,
        "tII,tIII": 1.3,
        "GI": 0.01,
        "GII,GIII": 0.15,
        "blade_friction": 0.6
    }
}
