{
    "geometrical_parameters": {
        "fiber_diameter": 0.023100200400801605,
        "elliptical_fiber_ratio": 1.0,
        "blade_distance": 0.5799599198396793,
        "ratio_droplet_embedded_length": 1.36,
        "droplet_diameter": 0.10232865731462926,
        "contact_angle": 25.7,
        "fiber_rotation": 0
    },
    "mechanical_parameters": {
        "interface_friction": 0.0,
        "GI": 0.0015,
        "GII,GIII": 0.0875751503006012,
        "blade_friction": 0.0,
        "tI=tII=tIII": 1.6633266533066133
    }
}
