{
    "geometrical_parameters": {
        "fiber_diameter": 0.027508361204013378,
        "blade_distance": 0.4816053511705686,
        "elliptical_fiber_ratio": 1.5953177257525084,
        "ratio_droplet_embedded_length": 1.209230769230769,
        "droplet_diameter": 0.19687959866220736,
        "contact_angle": 21.636789297658858,
        "fiber_rotation": 73.1438127090301
    },
    "mechanical_parameters": {
        "interface_friction": 0.0,
        "GI": 0.0015,
        "GII,GIII": 0.3,
        "tI=tII=tIII": 1.3,
        "blade_friction": 0.6
    }
}
