{
    "geometrical_parameters": {
        "fiber_diameter": 0.025521739130434783,
        "elliptical_fiber_ratio": 1.0,
        "blade_distance": 0.48628762541806025,
        "ratio_droplet_embedded_length": 1.36,
        "droplet_diameter": 0.1147056856187291,
        "contact_angle": 25.7,
        "fiber_rotation": 0
    },
    "mechanical_parameters": {
        "interface_friction": 0.0,
        "GI": 0.0015,
        "GII,GIII": 0.4836120401337793,
        "blade_friction": 0.0,
        "tI=tII=tIII": 0.6053511705685619
    }
}
