{
    "geometrical_parameters": {
        "fiber_diameter": 0.0264247491638796,
        "elliptical_fiber_ratio": 1.0,
        "blade_distance": 0.31739130434782603,
        "ratio_droplet_embedded_length": 1.36,
        "droplet_diameter": 0.13863545150501672,
        "contact_angle": 25.7,
        "fiber_rotation": 0
    },
    "mechanical_parameters": {
        "interface_friction": 0.0,
        "GI": 0.0015,
        "GII,GIII": 0.17224080267558528,
        "blade_friction": 0.0,
        "tI=tII=tIII": 1.307692307692308
    }
}
