{
    "geometrical_parameters": {
        "fiber_diameter": 0.021,
        "blade_distance": 0.15,
        "elliptical_fiber_ratio": 1.0,
        "ratio_droplet_embedded_length": 1.36,
        "droplet_diameter": 0.162,
        "contact_angle": 25.7,
        "fiber_rotation": 0
    },
    "mechanical_parameters": {
        "interface_friction": 0.10969899665551841,
        "tI": 1.1301003344481606,
        "tII,tIII": 0.8110367892976589,
        "GI": 0.06589632107023412,
        "GII,GIII": 0.344314381270903,
        "blade_friction": 0.2889632107023411
    }
}
