{
    "geometrical_parameters": {
        "fiber_diameter": 0.03087959866220736,
        "blade_distance": 0.5498327759197325,
        "elliptical_fiber_ratio": 1.080267558528428,
        "ratio_droplet_embedded_length": 1.2349163879598661,
        "droplet_diameter": 0.18107692307692308,
        "contact_angle": 22.648829431438124,
        "fiber_rotation": 83.37792642140468
    },
    "mechanical_parameters": {
        "interface_friction": 0.0,
        "GI": 0.0015,
        "GII,GIII": 0.3,
        "tI=tII=tIII": 1.3,
        "blade_friction": 0.6
    }
}
