{
    "geometrical_parameters": {
        "fiber_diameter": 0.015545454545454545,
        "blade_distance": 0.04233131669706458,
        "elliptical_fiber_ratio": 1.7070707070707072,
        "ratio_droplet_embedded_length": 1.4767676767676767,
        "droplet_diameter": 0.10618181818181818,
        "contact_angle": 17.735353535353536,
        "fiber_rotation": 77.27272727272728
    },
    "mechanical_parameters": {
        "interface_friction": 0.0,
        "GI": 0.015,
        "GII,GIII": 0.3,
        "tI=tII=tIII": 1.3,
        "blade_friction": 0.6
    }
}
