{
    "geometrical_parameters": {
        "fiber_diameter": 0.027545454545454547,
        "blade_distance_ratio_to_fiber_diameter": 2.159090909090909,
        "elliptical_fiber_ratio": 2.2323232323232323,
        "ratio_droplet_embedded_length": 1.3054545454545454,
        "droplet_diameter": 0.16890909090909093,
        "contact_angle": 13.77979797979798,
        "fiber_rotation": 37.27272727272727
    },
    "mechanical_parameters": {
        "interface_friction": 0.0,
        "GI": 0.015,
        "GII,GIII": 0.3,
        "tI=tII=tIII": 1.3,
        "blade_friction": 0.6
    }
}
