{
    "geometrical_parameters": {
        "fiber_diameter": 0.014625418060200669,
        "blade_distance": 0.1903010033444816,
        "elliptical_fiber_ratio": 1.8177257525083612,
        "ratio_droplet_embedded_length": 1.36,
        "droplet_diameter": 0.162,
        "contact_angle": 25.7,
        "fiber_rotation": 45
    },
    "mechanical_parameters": {
        "interface_friction": 0.0,
        "GI": 0.0015,
        "GII,GIII": 0.14929765886287627,
        "blade_friction": 0.0,
        "tI=tII=tIII": 1.463210702341137
    }
}
