{
    "geometrical_parameters": {
        "fiber_diameter": 0.024002004008016033,
        "blade_distance": 0.3344689378757515,
        "elliptical_fiber_ratio": 2.2925851703406814,
        "ratio_droplet_embedded_length": 1.4511422845691382,
        "droplet_diameter": 0.20973346693386774,
        "contact_angle": 18.8436873747495,
        "fiber_rotation": 37.87575150300601
    },
    "mechanical_parameters": {
        "interface_friction": 0.0,
        "tI": 1,
        "tII,tIII": 1.3,
        "GI": 0.015,
        "GII,GIII": 0.1,
        "blade_friction": 0.6
    }
}
