{
    "geometrical_parameters": {
        "fiber_diameter": 0.015709030100334448,
        "blade_distance": 0.27792642140468227,
        "elliptical_fiber_ratio": 2.9331103678929766,
        "ratio_droplet_embedded_length": 1.166421404682274,
        "droplet_diameter": 0.19733110367892978,
        "contact_angle": 27.35183946488294,
        "fiber_rotation": 88.79598662207357
    },
    "mechanical_parameters": {
        "interface_friction": 0.0,
        "GI": 0.0015,
        "GII,GIII": 0.3,
        "tI=tII=tIII": 1.3,
        "blade_friction": 0.6
    }
}
