{
    "geometrical_parameters": {
        "fiber_diameter": 0.01980267558528428,
        "elliptical_fiber_ratio": 1.0,
        "blade_distance": 0.5096989966555184,
        "ratio_droplet_embedded_length": 1.36,
        "droplet_diameter": 0.1801739130434783,
        "contact_angle": 25.7,
        "fiber_rotation": 0
    },
    "mechanical_parameters": {
        "interface_friction": 0.0,
        "GI": 0.0015,
        "GII,GIII": 0.3344816053511706,
        "blade_friction": 0.0,
        "tI=tII=tIII": 1.5033444816053512
    }
}
