{
    "geometrical_parameters": {
        "fiber_diameter": 0.025040133779264215,
        "blade_distance": 0.36086956521739133,
        "elliptical_fiber_ratio": 1.8026755852842808,
        "ratio_droplet_embedded_length": 1.428628762541806,
        "droplet_diameter": 0.15805016722408027,
        "contact_angle": 21.636789297658858,
        "fiber_rotation": 35.51839464882943
    },
    "mechanical_parameters": {
        "interface_friction": 0.0,
        "tI": 1,
        "tII,tIII": 1.3,
        "GI": 0.01,
        "GII,GIII": 0.15,
        "blade_friction": 0.8
    }
}
