{
    "geometrical_parameters": {
        "fiber_diameter": 0.026063545150501674,
        "blade_distance": 0.2705685618729097,
        "elliptical_fiber_ratio": 1.5719063545150502,
        "ratio_droplet_embedded_length": 1.36,
        "droplet_diameter": 0.162,
        "contact_angle": 25.7,
        "fiber_rotation": 45
    },
    "mechanical_parameters": {
        "interface_friction": 0.0,
        "GI": 0.0015,
        "GII,GIII": 0.255819397993311,
        "blade_friction": 0.0,
        "tI=tII=tIII": 0.9214046822742474
    }
}
