{
    "geometrical_parameters": {
        "fiber_diameter": 0.014478957915831663,
        "blade_distance": 0.3284569138276553,
        "elliptical_fiber_ratio": 1.7304609218436875,
        "ratio_droplet_embedded_length": 1.4139478957915832,
        "droplet_diameter": 0.18349098196392788,
        "contact_angle": 26.905410821643287,
        "fiber_rotation": 63.306613226452896
    },
    "mechanical_parameters": {
        "interface_friction": 0.0,
        "tI": 1,
        "tII,tIII": 1.3,
        "GI": 0.015,
        "GII,GIII": 0.1,
        "blade_friction": 0.6
    }
}
