{
    "geometrical_parameters": {
        "fiber_diameter": 0.02364128256513026,
        "elliptical_fiber_ratio": 1.0,
        "blade_distance": 0.35350701402805607,
        "ratio_droplet_embedded_length": 1.36,
        "droplet_diameter": 0.19350100200400802,
        "contact_angle": 25.7,
        "fiber_rotation": 0
    },
    "mechanical_parameters": {
        "interface_friction": 0.0,
        "GI": 0.0015,
        "GII,GIII": 0.2702204408817635,
        "blade_friction": 0.0,
        "tI=tII=tIII": 0.8306613226452906
    }
}
