{
    "geometrical_parameters": {
        "fiber_diameter": 0.021,
        "blade_distance": 0.15,
        "elliptical_fiber_ratio": 1.0,
        "ratio_droplet_embedded_length": 1.36,
        "droplet_diameter": 0.162,
        "contact_angle": 25.7,
        "fiber_rotation": 0
    },
    "mechanical_parameters": {
        "interface_friction": 0.6474916387959867,
        "GI": 0.04934113712374582,
        "GII,GIII": 0.15093645484949833,
        "tI=tII=tIII": 0.9063545150501671,
        "blade_friction": 0.7785953177257526
    }
}
