{
    "geometrical_parameters": {
        "fiber_diameter": 0.01588963210702341,
        "elliptical_fiber_ratio": 1.0,
        "blade_distance": 0.19531772575250836,
        "ratio_droplet_embedded_length": 1.36,
        "droplet_diameter": 0.09935451505016722,
        "contact_angle": 25.7,
        "fiber_rotation": 0
    },
    "mechanical_parameters": {
        "interface_friction": 0.0,
        "GI": 0.0015,
        "GII,GIII": 0.2082943143812709,
        "blade_friction": 0.0,
        "tI=tII=tIII": 1.5133779264214047
    }
}
