{
    "geometrical_parameters": {
        "fiber_diameter": 0.021,
        "blade_distance": 0.15,
        "elliptical_fiber_ratio": 1.0,
        "ratio_droplet_embedded_length": 1.36,
        "droplet_diameter": 0.162,
        "contact_angle": 25.7,
        "fiber_rotation": 0
    },
    "mechanical_parameters": {
        "interface_friction": 0.5618729096989967,
        "GI": 0.021528428093645486,
        "GII,GIII": 0.014916387959866221,
        "tI=tII=tIII": 1.011705685618729,
        "blade_friction": 0.3210702341137124
    }
}
