{
    "geometrical_parameters": {
        "fiber_diameter": 0.018297658862876254,
        "blade_distance": 0.15852842809364548,
        "elliptical_fiber_ratio": 1.2859531772575252,
        "ratio_droplet_embedded_length": 1.36,
        "droplet_diameter": 0.162,
        "contact_angle": 25.7,
        "fiber_rotation": 45
    },
    "mechanical_parameters": {
        "interface_friction": 0.0,
        "GI": 0.0015,
        "GII,GIII": 0.2853177257525084,
        "blade_friction": 0.0,
        "tI=tII=tIII": 1.6688963210702341
    }
}
