{
    "geometrical_parameters": {
        "fiber_diameter": 0.030217391304347828,
        "blade_distance": 0.37926421404682276,
        "elliptical_fiber_ratio": 2.023411371237458,
        "ratio_droplet_embedded_length": 1.36,
        "droplet_diameter": 0.162,
        "contact_angle": 25.7,
        "fiber_rotation": 0
    },
    "mechanical_parameters": {
        "interface_friction": 0.0,
        "GI": 0.0015,
        "GII,GIII": 0.30334448160535116,
        "blade_friction": 0.0,
        "tI=tII=tIII": 0.5351170568561873
    }
}
