{
    "geometrical_parameters": {
        "fiber_diameter": 0.016070234113712376,
        "elliptical_fiber_ratio": 1.0,
        "blade_distance": 0.4043478260869565,
        "ratio_droplet_embedded_length": 1.36,
        "droplet_diameter": 0.10883612040133779,
        "contact_angle": 25.7,
        "fiber_rotation": 0
    },
    "mechanical_parameters": {
        "interface_friction": 0.0,
        "GI": 0.0015,
        "GII,GIII": 0.3049832775919733,
        "blade_friction": 0.0,
        "tI=tII=tIII": 1.9247491638795986
    }
}
