{
    "geometrical_parameters": {
        "fiber_diameter": 0.021,
        "blade_distance": 0.15,
        "elliptical_fiber_ratio": 1.0,
        "ratio_droplet_embedded_length": 1.36,
        "droplet_diameter": 0.162,
        "contact_angle": 25.7,
        "fiber_rotation": 0
    },
    "mechanical_parameters": {
        "interface_friction": 0.3959866220735786,
        "GI": 0.06258528428093646,
        "GII,GIII": 0.3377591973244148,
        "tI=tII=tIII": 0.7508361204013378,
        "blade_friction": 0.5939799331103679
    }
}
