{
    "geometrical_parameters": {
        "fiber_diameter": 0.02009090909090909,
        "blade_distance": 0.07086324358142526,
        "elliptical_fiber_ratio": 1.606060606060606,
        "ratio_droplet_embedded_length": 1.311919191919192,
        "droplet_diameter": 0.19481818181818183,
        "contact_angle": 22.230303030303027,
        "fiber_rotation": 84.54545454545453
    },
    "mechanical_parameters": {
        "interface_friction": 0.0,
        "GI": 0.015,
        "GII,GIII": 0.3,
        "tI=tII=tIII": 1.3,
        "blade_friction": 0.6
    }
}
