{
    "geometrical_parameters": {
        "fiber_diameter": 0.022162324649298598,
        "blade_distance": 0.0330108314993308,
        "elliptical_fiber_ratio": 2.250501002004008,
        "ratio_droplet_embedded_length": 1.3292985971943887,
        "droplet_diameter": 0.12667735470941885,
        "contact_angle": 23.659318637274545,
        "fiber_rotation": 59.15831663326653
    },
    "mechanical_parameters": {
        "interface_friction": 0.4360721442885772,
        "GI": 0.00417434869739479,
        "GII,GIII": 0.6944689378757515,
        "tI=tII=tIII": 0.8787575150300602,
        "blade_friction": 0.28216432865731467
    }
}
