{
    "geometrical_parameters": {
        "fiber_diameter": 0.03027272727272727,
        "blade_distance": 0.1565595330344955,
        "elliptical_fiber_ratio": 1.2222222222222223,
        "ratio_droplet_embedded_length": 1.2666666666666666,
        "droplet_diameter": 0.1920909090909091,
        "contact_angle": 26.905050505050504,
        "fiber_rotation": 78.18181818181819
    },
    "mechanical_parameters": {
        "interface_friction": 0.0,
        "GI": 0.015,
        "GII,GIII": 0.3,
        "tI=tII=tIII": 1.3,
        "blade_friction": 0.6
    }
}
