{
    "geometrical_parameters": {
        "fiber_diameter": 0.021,
        "blade_distance": 0.15,
        "elliptical_fiber_ratio": 1.0,
        "ratio_droplet_embedded_length": 1.36,
        "droplet_diameter": 0.162,
        "contact_angle": 25.7,
        "fiber_rotation": 0
    },
    "mechanical_parameters": {
        "interface_friction": 0.010702341137123745,
        "GI": 0.0672207357859532,
        "GII,GIII": 0.036220735785953175,
        "tI=tII=tIII": 0.6956521739130435,
        "blade_friction": 0.17391304347826086
    }
}
