{
    "geometrical_parameters": {
        "fiber_diameter": 0.02620240480961924,
        "elliptical_fiber_ratio": 1.0,
        "blade_distance": 0.5629258517034068,
        "ratio_droplet_embedded_length": 1.36,
        "droplet_diameter": 0.19674749498997995,
        "contact_angle": 25.7,
        "fiber_rotation": 0
    },
    "mechanical_parameters": {
        "interface_friction": 0.0,
        "GI": 0.0015,
        "GII,GIII": 0.4754509018036072,
        "blade_friction": 0.0,
        "tI=tII=tIII": 1.2304609218436875
    }
}
