{
    "geometrical_parameters": {
        "fiber_diameter": 0.02365551839464883,
        "blade_distance": 0.6361204013377927,
        "elliptical_fiber_ratio": 2.230769230769231,
        "ratio_droplet_embedded_length": 1.2862876254180602,
        "droplet_diameter": 0.2212608695652174,
        "contact_angle": 13.957190635451505,
        "fiber_rotation": 79.1638795986622
    },
    "mechanical_parameters": {
        "interface_friction": 0.0,
        "GI": 0.0015,
        "GII,GIII": 0.3,
        "tI=tII=tIII": 1.3,
        "blade_friction": 0.6
    }
}
