{
    "geometrical_parameters": {
        "fiber_diameter": 0.018663326653306615,
        "blade_distance": 0.1796793587174349,
        "elliptical_fiber_ratio": 2.367735470941884,
        "ratio_droplet_embedded_length": 1.3023647294589178,
        "droplet_diameter": 0.2110861723446894,
        "contact_angle": 25.193186372745487,
        "fiber_rotation": 5.2304609218436875
    },
    "mechanical_parameters": {
        "interface_friction": 0.0,
        "tI": 1,
        "tII,tIII": 1.3,
        "GI": 0.01,
        "GII,GIII": 0.15,
        "blade_friction": 0.6
    }
}
