{
    "geometrical_parameters": {
        "fiber_diameter": 0.018818181818181817,
        "blade_distance": 0.19588558495359218,
        "elliptical_fiber_ratio": 2.0303030303030303,
        "ratio_droplet_embedded_length": 1.2246464646464645,
        "droplet_diameter": 0.21800000000000003,
        "contact_angle": 30.501010101010095,
        "fiber_rotation": 32.72727272727273
    },
    "mechanical_parameters": {
        "interface_friction": 0.0,
        "GI": 0.015,
        "GII,GIII": 0.3,
        "tI=tII=tIII": 1.3,
        "blade_friction": 0.6
    }
}
