{
    "geometrical_parameters": {
        "fiber_diameter": 0.03027759197324415,
        "blade_distance": 0.6876254180602007,
        "elliptical_fiber_ratio": 1.0066889632107023,
        "ratio_droplet_embedded_length": 1.374046822742475,
        "droplet_diameter": 0.18423745819397996,
        "contact_angle": 14.790635451505016,
        "fiber_rotation": 66.52173913043478
    },
    "mechanical_parameters": {
        "interface_friction": 0.0,
        "GI": 0.0015,
        "GII,GIII": 0.3,
        "tI=tII=tIII": 1.3,
        "blade_friction": 0.6
    }
}
