{
    "geometrical_parameters": {
        "fiber_diameter": 0.02910050251256282,
        "blade_distance": 0.6854271356783921,
        "elliptical_fiber_ratio": 2.628140703517588,
        "ratio_droplet_embedded_length": 1.417286432160804,
        "droplet_diameter": 0.1787286432160804,
        "contact_angle": 19.41407035175879,
        "fiber_rotation": 4.522613065326633
    },
    "mechanical_parameters": {
        "interface_friction": 0.0,
        "GI": 0.0015,
        "GII,GIII": 0.3,
        "tI=tII=tIII": 1.3,
        "blade_friction": 0.6
    }
}
