{
    "geometrical_parameters": {
        "fiber_diameter": 0.016454545454545454,
        "blade_distance": 0.07157287137601885,
        "elliptical_fiber_ratio": 2.494949494949495,
        "ratio_droplet_embedded_length": 1.3151515151515152,
        "droplet_diameter": 0.16890909090909093,
        "contact_angle": 14.319191919191919,
        "fiber_rotation": 58.18181818181819
    },
    "mechanical_parameters": {
        "interface_friction": 0.0,
        "GI": 0.015,
        "GII,GIII": 0.3,
        "tI=tII=tIII": 1.3,
        "blade_friction": 0.6
    }
}
