{
    "geometrical_parameters": {
        "fiber_diameter": 0.016454545454545454,
        "blade_distance_ratio_to_fiber_diameter": 1.7045454545454546,
        "elliptical_fiber_ratio": 1.3434343434343434,
        "ratio_droplet_embedded_length": 1.3474747474747475,
        "droplet_diameter": 0.14300000000000002,
        "contact_angle": 18.993939393939392,
        "fiber_rotation": 35.45454545454545
    },
    "mechanical_parameters": {
        "interface_friction": 0.0,
        "GI": 0.015,
        "GII,GIII": 0.3,
        "tI=tII=tIII": 1.3,
        "blade_friction": 0.6
    }
}
