{
    "geometrical_parameters": {
        "fiber_diameter": 0.02594314381270903,
        "blade_distance": 0.5949832775919732,
        "elliptical_fiber_ratio": 1.8227424749163879,
        "ratio_droplet_embedded_length": 1.202809364548495,
        "droplet_diameter": 0.19417056856187292,
        "contact_angle": 21.75585284280936,
        "fiber_rotation": 26.78929765886287
    },
    "mechanical_parameters": {
        "interface_friction": 0.0,
        "GI": 0.0015,
        "GII,GIII": 0.3,
        "tI=tII=tIII": 1.3,
        "blade_friction": 0.6
    }
}
