{
    "geometrical_parameters": {
        "fiber_diameter": 0.021,
        "blade_distance": 0.042,
        "elliptical_fiber_ratio": 1.0,
        "ratio_droplet_embedded_length": 1.36,
        "droplet_diameter": 0.162,
        "contact_angle": 25.7,
        "fiber_rotation": 0
    },
    "mechanical_parameters": {
        "interface_friction": 0.5725752508361205,
        "GI": 0.09172240802675585,
        "GII,GIII": 0.26401337792642143,
        "tI=tII=tIII": 0.7107023411371238,
        "blade_friction": 0.676923076923077
    }
}
