{
    "geometrical_parameters": {
        "fiber_diameter": 0.028105527638190957,
        "blade_distance": 0.5587939698492463,
        "elliptical_fiber_ratio": 2.7386934673366836,
        "ratio_droplet_embedded_length": 1.2532663316582915,
        "droplet_diameter": 0.10410552763819096,
        "contact_angle": 29.879396984924618,
        "fiber_rotation": 59.69849246231156
    },
    "mechanical_parameters": {
        "interface_friction": 0.0,
        "GI": 0.0015,
        "GII,GIII": 0.3,
        "tI=tII=tIII": 1.3,
        "blade_friction": 0.6
    }
}
