{
    "geometrical_parameters": {
        "fiber_diameter": 0.021,
        "blade_distance": 0.042,
        "elliptical_fiber_ratio": 1.0,
        "ratio_droplet_embedded_length": 1.36,
        "droplet_diameter": 0.162,
        "contact_angle": 25.7,
        "fiber_rotation": 0
    },
    "mechanical_parameters": {
        "interface_friction": 0.5993311036789298,
        "GI": 0.07218729096989966,
        "GII,GIII": 0.024749163879598662,
        "tI=tII=tIII": 1.4431438127090301,
        "blade_friction": 0.024080267558528427
    }
}
