{
    "geometrical_parameters": {
        "fiber_diameter": 0.021,
        "blade_distance": 0.15,
        "elliptical_fiber_ratio": 1.0,
        "ratio_droplet_embedded_length": 1.36,
        "droplet_diameter": 0.162,
        "contact_angle": 25.7,
        "fiber_rotation": 0
    },
    "mechanical_parameters": {
        "interface_friction": 0.09632107023411372,
        "GI": 0.045036789297658864,
        "GII,GIII": 0.43936454849498335,
        "tI=tII=tIII": 1.2123745819397993,
        "blade_friction": 0.2301003344481605
    }
}
