{
    "geometrical_parameters": {
        "fiber_diameter": 0.013481605351170567,
        "blade_distance": 0.5565217391304348,
        "elliptical_fiber_ratio": 2.1438127090301005,
        "ratio_droplet_embedded_length": 1.36,
        "droplet_diameter": 0.162,
        "contact_angle": 25.7,
        "fiber_rotation": 45
    },
    "mechanical_parameters": {
        "interface_friction": 0.0,
        "GI": 0.0015,
        "GII,GIII": 0.27712374581939797,
        "blade_friction": 0.0,
        "tI=tII=tIII": 1.3779264214046822
    }
}
