{
    "geometrical_parameters": {
        "fiber_diameter": 0.02009090909090909,
        "blade_distance_ratio_to_fiber_diameter": 2.0075757575757573,
        "elliptical_fiber_ratio": 1.4646464646464645,
        "ratio_droplet_embedded_length": 1.3022222222222222,
        "droplet_diameter": 0.14572727272727273,
        "contact_angle": 26.72525252525252,
        "fiber_rotation": 7.272727272727273
    },
    "mechanical_parameters": {
        "interface_friction": 0.0,
        "GI": 0.015,
        "GII,GIII": 0.3,
        "tI=tII=tIII": 1.3,
        "blade_friction": 0.6
    }
}
