{
    "geometrical_parameters": {
        "fiber_diameter": 0.028892976588628765,
        "blade_distance": 0.20200668896321072,
        "elliptical_fiber_ratio": 2.0535117056856187,
        "ratio_droplet_embedded_length": 1.1931772575250836,
        "droplet_diameter": 0.14405351170568562,
        "contact_angle": 15.981270903010033,
        "fiber_rotation": 80.66889632107022
    },
    "mechanical_parameters": {
        "interface_friction": 0.0,
        "GI": 0.0015,
        "GII,GIII": 0.3,
        "tI=tII=tIII": 1.3,
        "blade_friction": 0.6
    }
}
