{
    "geometrical_parameters": {
        "fiber_diameter": 0.022692307692307692,
        "blade_distance": 0.5816053511705686,
        "elliptical_fiber_ratio": 1.963210702341137,
        "ratio_droplet_embedded_length": 1.4018729096989966,
        "droplet_diameter": 0.10567558528428093,
        "contact_angle": 20.446153846153845,
        "fiber_rotation": 49.06354515050167
    },
    "mechanical_parameters": {
        "interface_friction": 0.0,
        "tI": 1,
        "tII,tIII": 1.3,
        "GI": 0.01,
        "GII,GIII": 0.15,
        "blade_friction": 0.8
    }
}
