{
    "geometrical_parameters": {
        "fiber_diameter": 0.023677354709418837,
        "elliptical_fiber_ratio": 1.0,
        "blade_distance": 0.1470941883767535,
        "ratio_droplet_embedded_length": 1.36,
        "droplet_diameter": 0.16482364729458918,
        "contact_angle": 25.7,
        "fiber_rotation": 0
    },
    "mechanical_parameters": {
        "interface_friction": 0.0,
        "GI": 0.0015,
        "GII,GIII": 0.2525450901803607,
        "blade_friction": 0.0,
        "tI=tII=tIII": 0.812625250501002
    }
}
