{
    "geometrical_parameters": {
        "fiber_diameter": 0.014444816053511705,
        "blade_distance": 0.16354515050167223,
        "elliptical_fiber_ratio": 1.7976588628762542,
        "ratio_droplet_embedded_length": 1.36,
        "droplet_diameter": 0.162,
        "contact_angle": 25.7,
        "fiber_rotation": 45
    },
    "mechanical_parameters": {
        "interface_friction": 0.0,
        "GI": 0.0015,
        "GII,GIII": 0.41314381270903017,
        "blade_friction": 0.0,
        "tI=tII=tIII": 1.9548494983277591
    }
}
