{
    "geometrical_parameters": {
        "fiber_diameter": 0.020034068136272544,
        "blade_distance": 0.5418837675350702,
        "elliptical_fiber_ratio": 2.034068136272545,
        "ratio_droplet_embedded_length": 1.445370741482966,
        "droplet_diameter": 0.23272945891783567,
        "contact_angle": 23.90901803607214,
        "fiber_rotation": 47.254509018036075
    },
    "mechanical_parameters": {
        "interface_friction": 0.0,
        "tI": 1,
        "tII,tIII": 1.3,
        "GI": 0.015,
        "GII,GIII": 0.1,
        "blade_friction": 0.6
    }
}
