{
    "geometrical_parameters": {
        "fiber_diameter": 0.029494983277591973,
        "blade_distance": 0.46755852842809364,
        "elliptical_fiber_ratio": 1.6822742474916388,
        "ratio_droplet_embedded_length": 1.4650167224080268,
        "droplet_diameter": 0.12238127090301004,
        "contact_angle": 19.076923076923073,
        "fiber_rotation": 49.66555183946489
    },
    "mechanical_parameters": {
        "interface_friction": 0.0,
        "GI": 0.0015,
        "GII,GIII": 0.3,
        "tI=tII=tIII": 1.3,
        "blade_friction": 0.6
    }
}
