{
    "geometrical_parameters": {
        "fiber_diameter": 0.017695652173913043,
        "blade_distance": 0.13678929765886289,
        "elliptical_fiber_ratio": 1.6622073578595318,
        "ratio_droplet_embedded_length": 1.2220735785953176,
        "droplet_diameter": 0.20410367892976589,
        "contact_angle": 29.137792642140464,
        "fiber_rotation": 70.43478260869566
    },
    "mechanical_parameters": {
        "interface_friction": 0.0,
        "GI": 0.0015,
        "GII,GIII": 0.3,
        "tI=tII=tIII": 1.3,
        "blade_friction": 0.6
    }
}
