{
    "geometrical_parameters": {
        "fiber_diameter": 0.017727272727272727,
        "blade_distance": 0.10402053244642187,
        "elliptical_fiber_ratio": 1.2828282828282829,
        "ratio_droplet_embedded_length": 1.3894949494949493,
        "droplet_diameter": 0.1920909090909091,
        "contact_angle": 22.41010101010101,
        "fiber_rotation": 56.36363636363636
    },
    "mechanical_parameters": {
        "interface_friction": 0.0,
        "GI": 0.015,
        "GII,GIII": 0.3,
        "tI=tII=tIII": 1.3,
        "blade_friction": 0.6
    }
}
