{
    "geometrical_parameters": {
        "fiber_diameter": 0.022632107023411372,
        "blade_distance": 0.5966555183946488,
        "elliptical_fiber_ratio": 1.6020066889632107,
        "ratio_droplet_embedded_length": 1.214581939799331,
        "droplet_diameter": 0.1259933110367893,
        "contact_angle": 26.042140468227423,
        "fiber_rotation": 5.418060200668896
    },
    "mechanical_parameters": {
        "interface_friction": 0.0,
        "tI": 1,
        "tII,tIII": 1.3,
        "GI": 0.01,
        "GII,GIII": 0.15,
        "blade_friction": 0.8
    }
}
