{
    "geometrical_parameters": {
        "fiber_diameter": 0.021,
        "blade_distance": 0.15,
        "elliptical_fiber_ratio": 1.0,
        "ratio_droplet_embedded_length": 1.36,
        "droplet_diameter": 0.162,
        "contact_angle": 25.7,
        "fiber_rotation": 0
    },
    "mechanical_parameters": {
        "interface_friction": 0.5217391304347826,
        "tI": 1.3642140468227426,
        "tII,tIII": 1.4782608695652173,
        "GI": 0.045698996655518395,
        "GII,GIII": 0.42133779264214044,
        "blade_friction": 0.010702341137123745
    }
}
