{
    "geometrical_parameters": {
        "fiber_diameter": 0.027387959866220737,
        "blade_distance": 0.6688963210702341,
        "elliptical_fiber_ratio": 1.9966555183946486,
        "ratio_droplet_embedded_length": 1.3462207357859532,
        "droplet_diameter": 0.17340133779264216,
        "contact_angle": 26.935117056856186,
        "fiber_rotation": 12.642140468227426
    },
    "mechanical_parameters": {
        "interface_friction": 0.0,
        "GI": 0.0015,
        "GII,GIII": 0.3,
        "tI=tII=tIII": 1.3,
        "blade_friction": 0.6
    }
}
