{
    "geometrical_parameters": {
        "fiber_diameter": 0.02305351170568562,
        "blade_distance": 0.33879598662207355,
        "elliptical_fiber_ratio": 2.4046822742474916,
        "ratio_droplet_embedded_length": 1.2081605351170568,
        "droplet_diameter": 0.1697892976588629,
        "contact_angle": 25.625418060200666,
        "fiber_rotation": 89.6989966555184
    },
    "mechanical_parameters": {
        "interface_friction": 0.0,
        "GI": 0.0015,
        "GII,GIII": 0.3,
        "tI=tII=tIII": 1.3,
        "blade_friction": 0.6
    }
}
