{
    "geometrical_parameters": {
        "fiber_diameter": 0.017617234468937877,
        "blade_distance": 0.13478957915831663,
        "elliptical_fiber_ratio": 2.202404809619239,
        "ratio_droplet_embedded_length": 1.249138276553106,
        "droplet_diameter": 0.10665731462925852,
        "contact_angle": 27.119438877755506,
        "fiber_rotation": 49.23847695390781
    },
    "mechanical_parameters": {
        "interface_friction": 0.0,
        "tI": 1,
        "tII,tIII": 1.3,
        "GI": 0.01,
        "GII,GIII": 0.15,
        "blade_friction": 0.6
    }
}
