{
    "geometrical_parameters": {
        "fiber_diameter": 0.023677354709418837,
        "blade_distance": 0.14295184661758173,
        "elliptical_fiber_ratio": 2.3026052104208414,
        "ratio_droplet_embedded_length": 1.2292585170340682,
        "droplet_diameter": 0.23245891783567135,
        "contact_angle": 22.624849699398794,
        "fiber_rotation": 34.809619238476955
    },
    "mechanical_parameters": {
        "interface_friction": 0.09298597194388777,
        "GI": 0.061709418837675355,
        "GII,GIII": 0.8353306613226452,
        "tI=tII=tIII": 1.8286573146292586,
        "blade_friction": 0.7006012024048097
    }
}
