{
    "geometrical_parameters": {
        "fiber_diameter": 0.023181818181818182,
        "blade_distance_ratio_to_fiber_diameter": 1.893939393939394,
        "elliptical_fiber_ratio": 1.3636363636363638,
        "ratio_droplet_embedded_length": 1.3636363636363635,
        "droplet_diameter": 0.1320909090909091,
        "contact_angle": 27.983838383838382,
        "fiber_rotation": 72.72727272727273
    },
    "mechanical_parameters": {
        "interface_friction": 0.0,
        "GI": 0.015,
        "GII,GIII": 0.3,
        "tI=tII=tIII": 1.3,
        "blade_friction": 0.6
    }
}
