{
    "geometrical_parameters": {
        "fiber_diameter": 0.017727272727272727,
        "blade_distance": 0.04159547776012622,
        "elliptical_fiber_ratio": 2.111111111111111,
        "ratio_droplet_embedded_length": 1.172929292929293,
        "droplet_diameter": 0.12936363636363638,
        "contact_angle": 29.24242424242424,
        "fiber_rotation": 70.0
    },
    "mechanical_parameters": {
        "interface_friction": 0.0,
        "GI": 0.015,
        "GII,GIII": 0.3,
        "tI=tII=tIII": 1.3,
        "blade_friction": 0.6
    }
}
