{
    "geometrical_parameters": {
        "fiber_diameter": 0.017328657314629257,
        "blade_distance": 0.5219639278557114,
        "elliptical_fiber_ratio": 1.2915831663326653,
        "ratio_droplet_embedded_length": 1.2452905811623245,
        "droplet_diameter": 0.2151442885771543,
        "contact_angle": 18.808016032064128,
        "fiber_rotation": 23.627254509018037
    },
    "mechanical_parameters": {
        "interface_friction": 0.0,
        "tI": 1,
        "tII,tIII": 1.3,
        "GI": 0.01,
        "GII,GIII": 0.15,
        "blade_friction": 0.6
    }
}
