{
    "geometrical_parameters": {
        "fiber_diameter": 0.023857715430861723,
        "blade_distance": 0.4591182364729459,
        "elliptical_fiber_ratio": 1.652304609218437,
        "ratio_droplet_embedded_length": 1.3761122244488977,
        "droplet_diameter": 0.12126653306613228,
        "contact_angle": 30.044488977955908,
        "fiber_rotation": 24.709418837675354
    },
    "mechanical_parameters": {
        "interface_friction": 0.0,
        "tI": 1,
        "tII,tIII": 1.3,
        "GI": 0.01,
        "GII,GIII": 0.15,
        "blade_friction": 0.6
    }
}
