{
    "geometrical_parameters": {
        "fiber_diameter": 0.025301507537688443,
        "blade_distance": 0.4381909547738694,
        "elliptical_fiber_ratio": 1.5326633165829144,
        "ratio_droplet_embedded_length": 1.3706532663316582,
        "droplet_diameter": 0.2207889447236181,
        "contact_angle": 23.439195979899495,
        "fiber_rotation": 52.462311557788944
    },
    "mechanical_parameters": {
        "interface_friction": 0.0,
        "GI": 0.0015,
        "GII,GIII": 0.3,
        "tI=tII=tIII": 1.3,
        "blade_friction": 0.6
    }
}
