{
    "geometrical_parameters": {
        "fiber_diameter": 0.021,
        "blade_distance": 0.042,
        "elliptical_fiber_ratio": 1.0,
        "ratio_droplet_embedded_length": 1.36,
        "droplet_diameter": 0.162,
        "contact_angle": 25.7,
        "fiber_rotation": 0
    },
    "mechanical_parameters": {
        "interface_friction": 0.14715719063545152,
        "GI": 0.06424080267558528,
        "GII,GIII": 0.30006688963210704,
        "tI=tII=tIII": 0.560200668896321,
        "blade_friction": 0.14983277591973246
    }
}
