{
    "geometrical_parameters": {
        "fiber_diameter": 0.0141438127090301,
        "blade_distance": 0.42274247491638794,
        "elliptical_fiber_ratio": 2.309364548494983,
        "ratio_droplet_embedded_length": 1.4050836120401338,
        "droplet_diameter": 0.12147826086956522,
        "contact_angle": 29.852173913043472,
        "fiber_rotation": 28.294314381270897
    },
    "mechanical_parameters": {
        "interface_friction": 0.0,
        "GI": 0.0015,
        "GII,GIII": 0.3,
        "tI=tII=tIII": 1.3,
        "blade_friction": 0.6
    }
}
