{
    "geometrical_parameters": {
        "fiber_diameter": 0.029412825651302606,
        "blade_distance": 0.5458917835671343,
        "elliptical_fiber_ratio": 1.123246492985972,
        "ratio_droplet_embedded_length": 1.399198396793587,
        "droplet_diameter": 0.12316032064128257,
        "contact_angle": 28.403607214428853,
        "fiber_rotation": 85.49098196392785
    },
    "mechanical_parameters": {
        "interface_friction": 0.0,
        "tI": 1,
        "tII,tIII": 1.3,
        "GI": 0.015,
        "GII,GIII": 0.1,
        "blade_friction": 0.6
    }
}
