{
    "geometrical_parameters": {
        "fiber_diameter": 0.02190969899665552,
        "blade_distance": 0.36923076923076925,
        "elliptical_fiber_ratio": 1.7775919732441472,
        "ratio_droplet_embedded_length": 1.36,
        "droplet_diameter": 0.162,
        "contact_angle": 25.7,
        "fiber_rotation": 45
    },
    "mechanical_parameters": {
        "interface_friction": 0.0,
        "GI": 0.0015,
        "GII,GIII": 0.39511705685618725,
        "blade_friction": 0.0,
        "tI=tII=tIII": 1.0418060200668897
    }
}
