{
    "geometrical_parameters": {
        "fiber_diameter": 0.028471571906354513,
        "blade_distance": 0.4578595317725752,
        "elliptical_fiber_ratio": 1.1103678929765886,
        "ratio_droplet_embedded_length": 1.2723745819397994,
        "droplet_diameter": 0.14676254180602008,
        "contact_angle": 19.49364548494983,
        "fiber_rotation": 81.57190635451505
    },
    "mechanical_parameters": {
        "interface_friction": 0.0,
        "GI": 0.0015,
        "GII,GIII": 0.3,
        "tI=tII=tIII": 1.3,
        "blade_friction": 0.6
    }
}
