{
    "geometrical_parameters": {
        "fiber_diameter": 0.025012024048096194,
        "blade_distance": 0.3480160320641283,
        "elliptical_fiber_ratio": 1.1623246492985972,
        "ratio_droplet_embedded_length": 1.2433667334669338,
        "droplet_diameter": 0.2035110220440882,
        "contact_angle": 31.22164328657314,
        "fiber_rotation": 66.0120240480962
    },
    "mechanical_parameters": {
        "interface_friction": 0.0,
        "tI": 1,
        "tII,tIII": 1.3,
        "GI": 0.01,
        "GII,GIII": 0.15,
        "blade_friction": 0.6
    }
}
