{
    "geometrical_parameters": {
        "fiber_diameter": 0.02359531772575251,
        "blade_distance": 0.26387959866220734,
        "elliptical_fiber_ratio": 1.7023411371237458,
        "ratio_droplet_embedded_length": 1.36,
        "droplet_diameter": 0.162,
        "contact_angle": 25.7,
        "fiber_rotation": 45
    },
    "mechanical_parameters": {
        "interface_friction": 0.0,
        "GI": 0.0015,
        "GII,GIII": 0.47050167224080264,
        "blade_friction": 0.0,
        "tI=tII=tIII": 1.7842809364548495
    }
}
