{
    "geometrical_parameters": {
        "fiber_diameter": 0.026605351170568566,
        "blade_distance": 0.5481605351170569,
        "elliptical_fiber_ratio": 1.4565217391304346,
        "ratio_droplet_embedded_length": 1.36,
        "droplet_diameter": 0.162,
        "contact_angle": 25.7,
        "fiber_rotation": 45
    },
    "mechanical_parameters": {
        "interface_friction": 0.0,
        "GI": 0.0015,
        "GII,GIII": 0.18535117056856187,
        "blade_friction": 0.0,
        "tI=tII=tIII": 1.4983277591973243
    }
}
