{
    "geometrical_parameters": {
        "fiber_diameter": 0.021668896321070233,
        "blade_distance": 0.4177257525083612,
        "elliptical_fiber_ratio": 1.7775919732441472,
        "ratio_droplet_embedded_length": 1.4436120401337793,
        "droplet_diameter": 0.20184615384615384,
        "contact_angle": 26.756521739130434,
        "fiber_rotation": 90.0
    },
    "mechanical_parameters": {
        "interface_friction": 0.0,
        "tI": 1,
        "tII,tIII": 1.3,
        "GI": 0.01,
        "GII,GIII": 0.15,
        "blade_friction": 0.8
    }
}
