{
    "geometrical_parameters": {
        "fiber_diameter": 0.02028428093645485,
        "blade_distance": 0.18528428093645485,
        "elliptical_fiber_ratio": 2.0735785953177257,
        "ratio_droplet_embedded_length": 1.36,
        "droplet_diameter": 0.162,
        "contact_angle": 25.7,
        "fiber_rotation": 45
    },
    "mechanical_parameters": {
        "interface_friction": 0.0,
        "GI": 0.0015,
        "GII,GIII": 0.35578595317725753,
        "blade_friction": 0.0,
        "tI=tII=tIII": 0.6605351170568562
    }
}
