{
    "geometrical_parameters": {
        "fiber_diameter": 0.021,
        "blade_distance": 0.042,
        "elliptical_fiber_ratio": 1.0,
        "ratio_droplet_embedded_length": 1.36,
        "droplet_diameter": 0.162,
        "contact_angle": 25.7,
        "fiber_rotation": 0
    },
    "mechanical_parameters": {
        "interface_friction": 0.5297658862876254,
        "GI": 0.03179264214046823,
        "GII,GIII": 0.20337792642140468,
        "tI=tII=tIII": 1.6638795986622072,
        "blade_friction": 0.6795986622073579
    }
}
