{
    "geometrical_parameters": {
        "fiber_diameter": 0.017363636363636362,
        "blade_distance_ratio_to_fiber_diameter": 4.393939393939394,
        "elliptical_fiber_ratio": 2.111111111111111,
        "ratio_droplet_embedded_length": 1.399191919191919,
        "droplet_diameter": 0.19072727272727275,
        "contact_angle": 19.892929292929292,
        "fiber_rotation": 83.63636363636364
    },
    "mechanical_parameters": {
        "interface_friction": 0.0,
        "GI": 0.015,
        "GII,GIII": 0.3,
        "tI=tII=tIII": 1.3,
        "blade_friction": 0.6
    }
}
