{
    "geometrical_parameters": {
        "fiber_diameter": 0.02372727272727273,
        "blade_distance": 0.04914897343361046,
        "elliptical_fiber_ratio": 2.5555555555555554,
        "ratio_droplet_embedded_length": 1.2860606060606061,
        "droplet_diameter": 0.09936363636363636,
        "contact_angle": 30.321212121212113,
        "fiber_rotation": 49.09090909090909
    },
    "mechanical_parameters": {
        "interface_friction": 0.0,
        "GI": 0.015,
        "GII,GIII": 0.3,
        "tI=tII=tIII": 1.3,
        "blade_friction": 0.6
    }
}
