{
    "geometrical_parameters": {
        "fiber_diameter": 0.021,
        "blade_distance": 0.042,
        "elliptical_fiber_ratio": 1.0,
        "ratio_droplet_embedded_length": 1.36,
        "droplet_diameter": 0.162,
        "contact_angle": 25.7,
        "fiber_rotation": 0
    },
    "mechanical_parameters": {
        "interface_friction": 0.4575250836120402,
        "GI": 0.0884113712374582,
        "GII,GIII": 0.021471571906354514,
        "tI=tII=tIII": 1.5484949832775918,
        "blade_friction": 0.7759197324414716
    }
}
