{
    "geometrical_parameters": {
        "fiber_diameter": 0.024074148296593188,
        "blade_distance": 0.11302605210420842,
        "elliptical_fiber_ratio": 2.4639278557114226,
        "ratio_droplet_embedded_length": 1.421002004008016,
        "droplet_diameter": 0.1488617234468938,
        "contact_angle": 27.690180360721442,
        "fiber_rotation": 35.71142284569138
    },
    "mechanical_parameters": {
        "interface_friction": 0.0,
        "tI": 1,
        "tII,tIII": 1.3,
        "GI": 0.015,
        "GII,GIII": 0.1,
        "blade_friction": 0.6
    }
}
