{
    "geometrical_parameters": {
        "fiber_diameter": 0.014926421404682274,
        "blade_distance": 0.5214046822742475,
        "elliptical_fiber_ratio": 1.8829431438127089,
        "ratio_droplet_embedded_length": 1.4318394648829431,
        "droplet_diameter": 0.17927090301003346,
        "contact_angle": 22.053511705685615,
        "fiber_rotation": 67.4247491638796
    },
    "mechanical_parameters": {
        "interface_friction": 0.0,
        "tI": 1,
        "tII,tIII": 1.3,
        "GI": 0.01,
        "GII,GIII": 0.15,
        "blade_friction": 0.8
    }
}
