{
    "geometrical_parameters": {
        "fiber_diameter": 0.021,
        "blade_distance": 0.15,
        "elliptical_fiber_ratio": 1.0,
        "ratio_droplet_embedded_length": 1.36,
        "droplet_diameter": 0.162,
        "contact_angle": 25.7,
        "fiber_rotation": 0
    },
    "mechanical_parameters": {
        "interface_friction": 0.7304347826086958,
        "tI": 0.47926421404682273,
        "tII,tIII": 1.8494983277591974,
        "GI": 0.03642809364548495,
        "GII,GIII": 0.28695652173913044,
        "blade_friction": 0.43076923076923085
    }
}
