{
    "geometrical_parameters": {
        "fiber_diameter": 0.013180602006688963,
        "blade_distance": 0.6220735785953178,
        "elliptical_fiber_ratio": 1.7959866220735785,
        "ratio_droplet_embedded_length": 1.2777257525083612,
        "droplet_diameter": 0.19913712374581943,
        "contact_angle": 28.840133779264214,
        "fiber_rotation": 77.65886287625419
    },
    "mechanical_parameters": {
        "interface_friction": 0.0,
        "GI": 0.0015,
        "GII,GIII": 0.3,
        "tI=tII=tIII": 1.3,
        "blade_friction": 0.6
    }
}
