{
    "geometrical_parameters": {
        "fiber_diameter": 0.019545454545454546,
        "blade_distance": 0.11360702288498861,
        "elliptical_fiber_ratio": 3.0,
        "ratio_droplet_embedded_length": 1.467070707070707,
        "droplet_diameter": 0.14436363636363636,
        "contact_angle": 28.34343434343434,
        "fiber_rotation": 71.81818181818183
    },
    "mechanical_parameters": {
        "interface_friction": 0.0,
        "GI": 0.015,
        "GII,GIII": 0.3,
        "tI=tII=tIII": 1.3,
        "blade_friction": 0.6
    }
}
