{
    "geometrical_parameters": {
        "fiber_diameter": 0.01522742474916388,
        "elliptical_fiber_ratio": 1.0,
        "blade_distance": 0.297324414715719,
        "ratio_droplet_embedded_length": 1.36,
        "droplet_diameter": 0.11154515050167224,
        "contact_angle": 25.7,
        "fiber_rotation": 0
    },
    "mechanical_parameters": {
        "interface_friction": 0.0,
        "GI": 0.0015,
        "GII,GIII": 0.4049498327759197,
        "blade_friction": 0.0,
        "tI=tII=tIII": 1.754180602006689
    }
}
