{
    "geometrical_parameters": {
        "fiber_diameter": 0.02454308617234469,
        "elliptical_fiber_ratio": 1.0,
        "blade_distance": 0.3985971943887775,
        "ratio_droplet_embedded_length": 1.36,
        "droplet_diameter": 0.17591583166332664,
        "contact_angle": 25.7,
        "fiber_rotation": 0
    },
    "mechanical_parameters": {
        "interface_friction": 0.0,
        "GI": 0.0015,
        "GII,GIII": 0.33993987975951906,
        "blade_friction": 0.0,
        "tI=tII=tIII": 1.8527054108216434
    }
}
