{
    "geometrical_parameters": {
        "fiber_diameter": 0.029013377926421405,
        "blade_distance": 0.4160535117056856,
        "elliptical_fiber_ratio": 1.7173913043478262,
        "ratio_droplet_embedded_length": 1.36,
        "droplet_diameter": 0.162,
        "contact_angle": 25.7,
        "fiber_rotation": 45
    },
    "mechanical_parameters": {
        "interface_friction": 0.0,
        "GI": 0.0015,
        "GII,GIII": 0.2656521739130435,
        "blade_friction": 0.0,
        "tI=tII=tIII": 0.560200668896321
    }
}
