{
    "geometrical_parameters": {
        "fiber_diameter": 0.021,
        "blade_distance": 0.042,
        "elliptical_fiber_ratio": 1.0,
        "ratio_droplet_embedded_length": 1.36,
        "droplet_diameter": 0.162,
        "contact_angle": 25.7,
        "fiber_rotation": 0
    },
    "mechanical_parameters": {
        "interface_friction": 0.07491638795986623,
        "GI": 0.041725752508361205,
        "GII,GIII": 0.3934782608695652,
        "tI=tII=tIII": 0.5501672240802675,
        "blade_friction": 0.5779264214046823
    }
}
