{
    "geometrical_parameters": {
        "fiber_diameter": 0.014625418060200669,
        "blade_distance": 0.47458193979933117,
        "elliptical_fiber_ratio": 1.6471571906354514,
        "ratio_droplet_embedded_length": 1.1995986622073578,
        "droplet_diameter": 0.1205752508361204,
        "contact_angle": 26.45886287625418,
        "fiber_rotation": 48.76254180602007
    },
    "mechanical_parameters": {
        "interface_friction": 0.0,
        "tI": 1,
        "tII,tIII": 1.3,
        "GI": 0.01,
        "GII,GIII": 0.15,
        "blade_friction": 0.8
    }
}
