{
    "geometrical_parameters": {
        "fiber_diameter": 0.019983277591973245,
        "blade_distance": 0.5046822742474917,
        "elliptical_fiber_ratio": 1.2207357859531773,
        "ratio_droplet_embedded_length": 1.36,
        "droplet_diameter": 0.162,
        "contact_angle": 25.7,
        "fiber_rotation": 45
    },
    "mechanical_parameters": {
        "interface_friction": 0.0,
        "GI": 0.0015,
        "GII,GIII": 0.0968561872909699,
        "blade_friction": 0.0,
        "tI=tII=tIII": 1.959866220735786
    }
}
