{
    "geometrical_parameters": {
        "fiber_diameter": 0.016792642140468227,
        "blade_distance": 0.38093645484949834,
        "elliptical_fiber_ratio": 1.6973244147157192,
        "ratio_droplet_embedded_length": 1.36,
        "droplet_diameter": 0.162,
        "contact_angle": 25.7,
        "fiber_rotation": 0
    },
    "mechanical_parameters": {
        "interface_friction": 0.0,
        "GI": 0.0015,
        "GII,GIII": 0.26401337792642143,
        "blade_friction": 0.0,
        "tI=tII=tIII": 0.8260869565217391
    }
}
