{
    "geometrical_parameters": {
        "fiber_diameter": 0.020525083612040133,
        "blade_distance": 0.3725752508361204,
        "elliptical_fiber_ratio": 1.145484949832776,
        "ratio_droplet_embedded_length": 1.36,
        "droplet_diameter": 0.162,
        "contact_angle": 25.7,
        "fiber_rotation": 45
    },
    "mechanical_parameters": {
        "interface_friction": 0.0,
        "GI": 0.0015,
        "GII,GIII": 0.3574247491638796,
        "blade_friction": 0.0,
        "tI=tII=tIII": 1.6588628762541806
    }
}
