{
    "geometrical_parameters": {
        "fiber_diameter": 0.03039799331103679,
        "blade_distance": 0.4193979933110368,
        "elliptical_fiber_ratio": 1.7224080267558528,
        "ratio_droplet_embedded_length": 1.391170568561873,
        "droplet_diameter": 0.14450501672240804,
        "contact_angle": 27.709030100334445,
        "fiber_rotation": 29.197324414715716
    },
    "mechanical_parameters": {
        "interface_friction": 0.0,
        "tI": 1,
        "tII,tIII": 1.3,
        "GI": 0.01,
        "GII,GIII": 0.15,
        "blade_friction": 0.8
    }
}
