{
    "geometrical_parameters": {
        "fiber_diameter": 0.02203010033444816,
        "blade_distance": 0.23578595317725753,
        "elliptical_fiber_ratio": 2.224080267558528,
        "ratio_droplet_embedded_length": 1.2638127090301003,
        "droplet_diameter": 0.2153913043478261,
        "contact_angle": 17.767224080267557,
        "fiber_rotation": 58.69565217391304
    },
    "mechanical_parameters": {
        "interface_friction": 0.0,
        "GI": 0.0015,
        "GII,GIII": 0.3,
        "tI=tII=tIII": 1.3,
        "blade_friction": 0.6
    }
}
