{
    "geometrical_parameters": {
        "fiber_diameter": 0.015347826086956522,
        "blade_distance": 0.7438127090301004,
        "elliptical_fiber_ratio": 1.140468227424749,
        "ratio_droplet_embedded_length": 1.3665551839464882,
        "droplet_diameter": 0.23074247491638797,
        "contact_angle": 23.54180602006689,
        "fiber_rotation": 78.56187290969899
    },
    "mechanical_parameters": {
        "interface_friction": 0.0,
        "GI": 0.0015,
        "GII,GIII": 0.3,
        "tI=tII=tIII": 1.3,
        "blade_friction": 0.6
    }
}
