{
    "geometrical_parameters": {
        "fiber_diameter": 0.02861923847695391,
        "blade_distance": 0.5634869739478958,
        "elliptical_fiber_ratio": 1.3637274549098195,
        "ratio_droplet_embedded_length": 1.3562324649298596,
        "droplet_diameter": 0.1101743486973948,
        "contact_angle": 20.44889779559118,
        "fiber_rotation": 55.551102204408814
    },
    "mechanical_parameters": {
        "interface_friction": 0.0,
        "tI": 1,
        "tII,tIII": 1.3,
        "GI": 0.01,
        "GII,GIII": 0.15,
        "blade_friction": 0.6
    }
}
