{
    "geometrical_parameters": {
        "fiber_diameter": 0.015181818181818182,
        "blade_distance": 0.08124733857647946,
        "elliptical_fiber_ratio": 2.191919191919192,
        "ratio_droplet_embedded_length": 1.189090909090909,
        "droplet_diameter": 0.128,
        "contact_angle": 26.185858585858583,
        "fiber_rotation": 66.36363636363637
    },
    "mechanical_parameters": {
        "interface_friction": 0.0,
        "GI": 0.015,
        "GII,GIII": 0.3,
        "tI=tII=tIII": 1.3,
        "blade_friction": 0.6
    }
}
