{
    "geometrical_parameters": {
        "fiber_diameter": 0.021,
        "blade_distance": 0.15,
        "elliptical_fiber_ratio": 1.0,
        "ratio_droplet_embedded_length": 1.36,
        "droplet_diameter": 0.162,
        "contact_angle": 25.7,
        "fiber_rotation": 0
    },
    "mechanical_parameters": {
        "interface_friction": 0.6046822742474918,
        "tI": 0.8585284280936455,
        "tII,tIII": 1.8946488294314383,
        "GI": 0.03311705685618729,
        "GII,GIII": 0.01,
        "blade_friction": 0.36387959866220737
    }
}
