{
    "geometrical_parameters": {
        "fiber_diameter": 0.019923076923076922,
        "blade_distance": 0.5749163879598662,
        "elliptical_fiber_ratio": 2.369565217391304,
        "ratio_droplet_embedded_length": 1.36,
        "droplet_diameter": 0.162,
        "contact_angle": 25.7,
        "fiber_rotation": 45
    },
    "mechanical_parameters": {
        "interface_friction": 0.0,
        "GI": 0.0015,
        "GII,GIII": 0.24926421404682272,
        "blade_friction": 0.0,
        "tI=tII=tIII": 0.6304347826086957
    }
}
