{
    "geometrical_parameters": {
        "fiber_diameter": 0.015107023411371236,
        "blade_distance": 0.3240802675585284,
        "elliptical_fiber_ratio": 2.0183946488294318,
        "ratio_droplet_embedded_length": 1.36,
        "droplet_diameter": 0.162,
        "contact_angle": 25.7,
        "fiber_rotation": 45
    },
    "mechanical_parameters": {
        "interface_friction": 0.0,
        "GI": 0.0015,
        "GII,GIII": 0.09357859531772575,
        "blade_friction": 0.0,
        "tI=tII=tIII": 0.580267558528428
    }
}
