{
    "geometrical_parameters": {
        "fiber_diameter": 0.018237458193979934,
        "blade_distance": 0.14849498327759197,
        "elliptical_fiber_ratio": 1.612040133779264,
        "ratio_droplet_embedded_length": 1.36,
        "droplet_diameter": 0.162,
        "contact_angle": 25.7,
        "fiber_rotation": 0
    },
    "mechanical_parameters": {
        "interface_friction": 0.0,
        "GI": 0.0015,
        "GII,GIII": 0.0476923076923077,
        "blade_friction": 0.0,
        "tI=tII=tIII": 1.5735785953177257
    }
}
