{
    "geometrical_parameters": {
        "fiber_diameter": 0.017905811623246493,
        "elliptical_fiber_ratio": 1.0,
        "blade_distance": 0.49679358717434874,
        "ratio_droplet_embedded_length": 1.36,
        "droplet_diameter": 0.11720841683366734,
        "contact_angle": 25.7,
        "fiber_rotation": 0
    },
    "mechanical_parameters": {
        "interface_friction": 0.0,
        "GI": 0.0015,
        "GII,GIII": 0.4126052104208417,
        "blade_friction": 0.0,
        "tI=tII=tIII": 1.188376753507014
    }
}
