{
    "geometrical_parameters": {
        "fiber_diameter": 0.03075919732441472,
        "blade_distance": 0.4076923076923077,
        "elliptical_fiber_ratio": 2.0836120401337794,
        "ratio_droplet_embedded_length": 1.36,
        "droplet_diameter": 0.162,
        "contact_angle": 25.7,
        "fiber_rotation": 45
    },
    "mechanical_parameters": {
        "interface_friction": 0.0,
        "GI": 0.0015,
        "GII,GIII": 0.4377257525083612,
        "blade_friction": 0.0,
        "tI=tII=tIII": 1.6688963210702341
    }
}
