{
    "geometrical_parameters": {
        "fiber_diameter": 0.021,
        "blade_distance": 0.15,
        "elliptical_fiber_ratio": 1.0,
        "ratio_droplet_embedded_length": 1.36,
        "droplet_diameter": 0.162,
        "contact_angle": 25.7,
        "fiber_rotation": 0
    },
    "mechanical_parameters": {
        "interface_friction": 0.47090301003344487,
        "GI": 0.05198996655518396,
        "GII,GIII": 0.386923076923077,
        "tI=tII=tIII": 1.4983277591973243,
        "blade_friction": 0.3264214046822742
    }
}
