{
    "geometrical_parameters": {
        "fiber_diameter": 0.0152876254180602,
        "blade_distance": 0.4478260869565217,
        "elliptical_fiber_ratio": 1.4866220735785953,
        "ratio_droplet_embedded_length": 1.3408695652173912,
        "droplet_diameter": 0.16662876254180603,
        "contact_angle": 30.566555183946484,
        "fiber_rotation": 43.04347826086956
    },
    "mechanical_parameters": {
        "interface_friction": 0.0,
        "GI": 0.0015,
        "GII,GIII": 0.3,
        "tI=tII=tIII": 1.3,
        "blade_friction": 0.6
    }
}
