{
    "geometrical_parameters": {
        "fiber_diameter": 0.019501672240802674,
        "blade_distance": 0.551505016722408,
        "elliptical_fiber_ratio": 1.8177257525083612,
        "ratio_droplet_embedded_length": 1.36,
        "droplet_diameter": 0.162,
        "contact_angle": 25.7,
        "fiber_rotation": 45
    },
    "mechanical_parameters": {
        "interface_friction": 0.0,
        "GI": 0.0015,
        "GII,GIII": 0.14765886287625418,
        "blade_friction": 0.0,
        "tI=tII=tIII": 1.7441471571906355
    }
}
