{
    "geometrical_parameters": {
        "fiber_diameter": 0.01541683366733467,
        "blade_distance": 0.2144689378757515,
        "elliptical_fiber_ratio": 1.967935871743487,
        "ratio_droplet_embedded_length": 1.179879759519038,
        "droplet_diameter": 0.21622645290581163,
        "contact_angle": 22.945891783567134,
        "fiber_rotation": 87.83567134268537
    },
    "mechanical_parameters": {
        "interface_friction": 0.0,
        "tI": 1,
        "tII,tIII": 1.3,
        "GI": 0.01,
        "GII,GIII": 0.15,
        "blade_friction": 0.6
    }
}
