{
    "geometrical_parameters": {
        "fiber_diameter": 0.019889779559118238,
        "blade_distance": 0.41983967935871747,
        "elliptical_fiber_ratio": 2.1122244488977957,
        "ratio_droplet_embedded_length": 1.4261322645290582,
        "droplet_diameter": 0.23191783567134272,
        "contact_angle": 30.971943887775545,
        "fiber_rotation": 47.97595190380762
    },
    "mechanical_parameters": {
        "interface_friction": 0.0,
        "tI": 1,
        "tII,tIII": 1.3,
        "GI": 0.01,
        "GII,GIII": 0.15,
        "blade_friction": 0.6
    }
}
