{
    "geometrical_parameters": {
        "fiber_diameter": 0.021,
        "blade_distance": 0.15,
        "elliptical_fiber_ratio": 1.0,
        "ratio_droplet_embedded_length": 1.36,
        "droplet_diameter": 0.162,
        "contact_angle": 25.7,
        "fiber_rotation": 0
    },
    "mechanical_parameters": {
        "interface_friction": 0.591304347826087,
        "GI": 0.0903979933110368,
        "GII,GIII": 0.16076923076923078,
        "tI=tII=tIII": 0.8862876254180603,
        "blade_friction": 0.6207357859531772
    }
}
