{
    "geometrical_parameters": {
        "fiber_diameter": 0.028351170568561873,
        "blade_distance": 0.22040133779264215,
        "elliptical_fiber_ratio": 1.3411371237458194,
        "ratio_droplet_embedded_length": 1.428628762541806,
        "droplet_diameter": 0.1034180602006689,
        "contact_angle": 14.254849498327758,
        "fiber_rotation": 5.719063545150502
    },
    "mechanical_parameters": {
        "interface_friction": 0.0,
        "GI": 0.0015,
        "GII,GIII": 0.3,
        "tI=tII=tIII": 1.3,
        "blade_friction": 0.6
    }
}
