{
    "geometrical_parameters": {
        "fiber_diameter": 0.02124749163879599,
        "blade_distance": 0.3290969899665552,
        "elliptical_fiber_ratio": 2.3896321070234112,
        "ratio_droplet_embedded_length": 1.368695652173913,
        "droplet_diameter": 0.23029096989966558,
        "contact_angle": 29.49498327759197,
        "fiber_rotation": 45.15050167224079
    },
    "mechanical_parameters": {
        "interface_friction": 0.0,
        "tI": 1,
        "tII,tIII": 1.3,
        "GI": 0.01,
        "GII,GIII": 0.15,
        "blade_friction": 0.8
    }
}
