{
    "geometrical_parameters": {
        "fiber_diameter": 0.014023411371237457,
        "elliptical_fiber_ratio": 1.0,
        "blade_distance": 0.39096989966555185,
        "ratio_droplet_embedded_length": 1.36,
        "droplet_diameter": 0.11335117056856188,
        "contact_angle": 25.7,
        "fiber_rotation": 0
    },
    "mechanical_parameters": {
        "interface_friction": 0.0,
        "GI": 0.0015,
        "GII,GIII": 0.25909698996655517,
        "blade_friction": 0.0,
        "tI=tII=tIII": 1.3277591973244147
    }
}
