{
    "geometrical_parameters": {
        "fiber_diameter": 0.021,
        "blade_distance": 0.15,
        "elliptical_fiber_ratio": 1.0,
        "ratio_droplet_embedded_length": 1.36,
        "droplet_diameter": 0.162,
        "contact_angle": 25.7,
        "fiber_rotation": 0
    },
    "mechanical_parameters": {
        "interface_friction": 0.44414715719063547,
        "GI": 0.07715384615384616,
        "GII,GIII": 0.11488294314381271,
        "tI=tII=tIII": 1.899665551839465,
        "blade_friction": 0.717056856187291
    }
}
