{
    "geometrical_parameters": {
        "fiber_diameter": 0.021,
        "blade_distance": 0.15,
        "elliptical_fiber_ratio": 1.0,
        "ratio_droplet_embedded_length": 1.36,
        "droplet_diameter": 0.162,
        "contact_angle": 25.7,
        "fiber_rotation": 0
    },
    "mechanical_parameters": {
        "interface_friction": 0.43879598662207364,
        "GI": 0.0718561872909699,
        "GII,GIII": 0.20010033444816056,
        "tI=tII=tIII": 0.705685618729097,
        "blade_friction": 0.42006688963210703
    }
}
