{
    "geometrical_parameters": {
        "fiber_diameter": 0.021,
        "blade_distance": 0.042,
        "elliptical_fiber_ratio": 1.0,
        "ratio_droplet_embedded_length": 1.36,
        "droplet_diameter": 0.162,
        "contact_angle": 25.7,
        "fiber_rotation": 0
    },
    "mechanical_parameters": {
        "interface_friction": 0.2274247491638796,
        "GI": 0.056625418060200675,
        "GII,GIII": 0.3705351170568562,
        "tI=tII=tIII": 1.8294314381270904,
        "blade_friction": 0.37190635451505016
    }
}
