{
    "geometrical_parameters": {
        "fiber_diameter": 0.02317391304347826,
        "blade_distance": 0.30401337792642136,
        "elliptical_fiber_ratio": 1.5217391304347825,
        "ratio_droplet_embedded_length": 1.36,
        "droplet_diameter": 0.162,
        "contact_angle": 25.7,
        "fiber_rotation": 0
    },
    "mechanical_parameters": {
        "interface_friction": 0.0,
        "GI": 0.0015,
        "GII,GIII": 0.03458193979933111,
        "blade_friction": 0.0,
        "tI=tII=tIII": 0.951505016722408
    }
}
