{
    "geometrical_parameters": {
        "fiber_diameter": 0.014625418060200669,
        "blade_distance": 0.23043478260869563,
        "elliptical_fiber_ratio": 1.3210702341137124,
        "ratio_droplet_embedded_length": 1.36,
        "droplet_diameter": 0.162,
        "contact_angle": 25.7,
        "fiber_rotation": 45
    },
    "mechanical_parameters": {
        "interface_friction": 0.0,
        "GI": 0.0015,
        "GII,GIII": 0.20993311036789297,
        "blade_friction": 0.0,
        "tI=tII=tIII": 0.7508361204013378
    }
}
