{
    "geometrical_parameters": {
        "fiber_diameter": 0.018454545454545453,
        "blade_distance_ratio_to_fiber_diameter": 2.9166666666666665,
        "elliptical_fiber_ratio": 1.6262626262626263,
        "ratio_droplet_embedded_length": 1.3571717171717173,
        "droplet_diameter": 0.13481818181818184,
        "contact_angle": 30.501010101010095,
        "fiber_rotation": 64.54545454545455
    },
    "mechanical_parameters": {
        "interface_friction": 0.0,
        "GI": 0.015,
        "GII,GIII": 0.3,
        "tI=tII=tIII": 1.3,
        "blade_friction": 0.6
    }
}
