{
    "geometrical_parameters": {
        "fiber_diameter": 0.018454545454545453,
        "blade_distance": 0.19950688229698954,
        "elliptical_fiber_ratio": 1.7272727272727273,
        "ratio_droplet_embedded_length": 1.2052525252525252,
        "droplet_diameter": 0.23163636363636364,
        "contact_angle": 19.713131313131314,
        "fiber_rotation": 18.181818181818183
    },
    "mechanical_parameters": {
        "interface_friction": 0.0,
        "GI": 0.015,
        "GII,GIII": 0.3,
        "tI=tII=tIII": 1.3,
        "blade_friction": 0.6
    }
}
