{
    "geometrical_parameters": {
        "fiber_diameter": 0.03074749498997996,
        "elliptical_fiber_ratio": 1.0,
        "blade_distance": 0.18917835671342687,
        "ratio_droplet_embedded_length": 1.36,
        "droplet_diameter": 0.20702805611222447,
        "contact_angle": 25.7,
        "fiber_rotation": 0
    },
    "mechanical_parameters": {
        "interface_friction": 0.0,
        "GI": 0.0015,
        "GII,GIII": 0.20246492985971945,
        "blade_friction": 0.0,
        "tI=tII=tIII": 1.7895791583166332
    }
}
