{
    "geometrical_parameters": {
        "fiber_diameter": 0.013814070351758793,
        "blade_distance": 0.5949748743718594,
        "elliptical_fiber_ratio": 2.6381909547738696,
        "ratio_droplet_embedded_length": 1.2130653266331657,
        "droplet_diameter": 0.21807537688442213,
        "contact_angle": 23.618090452261306,
        "fiber_rotation": 11.306532663316583
    },
    "mechanical_parameters": {
        "interface_friction": 0.0,
        "GI": 0.0015,
        "GII,GIII": 0.3,
        "tI=tII=tIII": 1.3,
        "blade_friction": 0.6
    }
}
