{
    "geometrical_parameters": {
        "fiber_diameter": 0.026346693386773548,
        "blade_distance": 0.17915831663326653,
        "elliptical_fiber_ratio": 1.4358717434869739,
        "ratio_droplet_embedded_length": 1.4101002004008016,
        "droplet_diameter": 0.19079559118236472,
        "contact_angle": 17.09579158316633,
        "fiber_rotation": 26.87374749498998
    },
    "mechanical_parameters": {
        "interface_friction": 0.0,
        "tI": 1,
        "tII,tIII": 1.3,
        "GI": 0.015,
        "GII,GIII": 0.1,
        "blade_friction": 0.6
    }
}
