{
    "geometrical_parameters": {
        "fiber_diameter": 0.021,
        "blade_distance": 0.15,
        "elliptical_fiber_ratio": 1.0,
        "ratio_droplet_embedded_length": 1.36,
        "droplet_diameter": 0.162,
        "contact_angle": 25.7,
        "fiber_rotation": 0
    },
    "mechanical_parameters": {
        "interface_friction": 0.20602006688963212,
        "tI": 0.4324414715719064,
        "tII,tIII": 1.42809364548495,
        "GI": 0.07947157190635451,
        "GII,GIII": 0.44919732441471566,
        "blade_friction": 0.2301003344481605
    }
}
