{
    "geometrical_parameters": {
        "fiber_diameter": 0.021,
        "blade_distance": 0.15,
        "elliptical_fiber_ratio": 1.0,
        "ratio_droplet_embedded_length": 1.36,
        "droplet_diameter": 0.162,
        "contact_angle": 25.7,
        "fiber_rotation": 0
    },
    "mechanical_parameters": {
        "interface_friction": 0.34247491638795985,
        "GI": 0.03808361204013378,
        "GII,GIII": 0.30006688963210704,
        "tI=tII=tIII": 1.1471571906354514,
        "blade_friction": 0.3237458193979933
    }
}
