{
    "geometrical_parameters": {
        "fiber_diameter": 0.019363636363636364,
        "blade_distance": 0.054649230799805514,
        "elliptical_fiber_ratio": 2.1515151515151514,
        "ratio_droplet_embedded_length": 1.4056565656565656,
        "droplet_diameter": 0.11027272727272727,
        "contact_angle": 23.848484848484844,
        "fiber_rotation": 13.636363636363637
    },
    "mechanical_parameters": {
        "interface_friction": 0.0,
        "GI": 0.0015,
        "GII,GIII": 0.3,
        "tI=tII=tIII": 1.3,
        "blade_friction": 0.6
    }
}
