{
    "geometrical_parameters": {
        "fiber_diameter": 0.013180602006688963,
        "blade_distance": 0.15351170568561873,
        "elliptical_fiber_ratio": 1.040133779264214,
        "ratio_droplet_embedded_length": 1.36,
        "droplet_diameter": 0.162,
        "contact_angle": 25.7,
        "fiber_rotation": 45
    },
    "mechanical_parameters": {
        "interface_friction": 0.0,
        "GI": 0.0015,
        "GII,GIII": 0.4541137123745819,
        "blade_friction": 0.0,
        "tI=tII=tIII": 1.5384615384615385
    }
}
