{
    "geometrical_parameters": {
        "fiber_diameter": 0.01809090909090909,
        "blade_distance": 0.07716716940736523,
        "elliptical_fiber_ratio": 2.0101010101010104,
        "ratio_droplet_embedded_length": 1.3959595959595958,
        "droplet_diameter": 0.098,
        "contact_angle": 24.028282828282826,
        "fiber_rotation": 19.09090909090909
    },
    "mechanical_parameters": {
        "interface_friction": 0.0,
        "GI": 0.015,
        "GII,GIII": 0.3,
        "tI=tII=tIII": 1.3,
        "blade_friction": 0.6
    }
}
