{
    "geometrical_parameters": {
        "fiber_diameter": 0.021,
        "blade_distance": 0.15,
        "elliptical_fiber_ratio": 1.0,
        "ratio_droplet_embedded_length": 1.36,
        "droplet_diameter": 0.162,
        "contact_angle": 25.7,
        "fiber_rotation": 0
    },
    "mechanical_parameters": {
        "interface_friction": 0.7545150501672242,
        "GI": 0.03311705685618729,
        "GII,GIII": 0.4541137123745819,
        "tI=tII=tIII": 1.1220735785953178,
        "blade_friction": 0.18729096989966557
    }
}
