{
    "geometrical_parameters": {
        "fiber_diameter": 0.027086956521739133,
        "blade_distance": 0.3424749163879599,
        "elliptical_fiber_ratio": 1.4866220735785953,
        "ratio_droplet_embedded_length": 1.2563210702341137,
        "droplet_diameter": 0.1715953177257525,
        "contact_angle": 28.72107023411371,
        "fiber_rotation": 20.769230769230766
    },
    "mechanical_parameters": {
        "interface_friction": 0.0,
        "tI": 1,
        "tII,tIII": 1.3,
        "GI": 0.01,
        "GII,GIII": 0.15,
        "blade_friction": 0.8
    }
}
