{
    "geometrical_parameters": {
        "fiber_diameter": 0.029615384615384613,
        "blade_distance": 0.33076923076923076,
        "elliptical_fiber_ratio": 1.8678929765886287,
        "ratio_droplet_embedded_length": 1.1803344481605351,
        "droplet_diameter": 0.1770133779264214,
        "contact_angle": 15.207357859531772,
        "fiber_rotation": 14.448160535117056
    },
    "mechanical_parameters": {
        "interface_friction": 0.0,
        "GI": 0.0015,
        "GII,GIII": 0.3,
        "tI=tII=tIII": 1.3,
        "blade_friction": 0.6
    }
}
