{
    "geometrical_parameters": {
        "fiber_diameter": 0.021,
        "blade_distance": 0.15,
        "elliptical_fiber_ratio": 1.0,
        "ratio_droplet_embedded_length": 1.36,
        "droplet_diameter": 0.162,
        "contact_angle": 25.7,
        "fiber_rotation": 0
    },
    "mechanical_parameters": {
        "interface_friction": 0.3585284280936455,
        "GI": 0.09503344481605351,
        "GII,GIII": 0.4819732441471572,
        "tI=tII=tIII": 1.7692307692307694,
        "blade_friction": 0.6876254180602006
    }
}
