{
    "geometrical_parameters": {
        "fiber_diameter": 0.013577154308617233,
        "elliptical_fiber_ratio": 1.0,
        "blade_distance": 0.21823647294589177,
        "ratio_droplet_embedded_length": 1.36,
        "droplet_diameter": 0.23083567134268537,
        "contact_angle": 25.7,
        "fiber_rotation": 0
    },
    "mechanical_parameters": {
        "interface_friction": 0.0,
        "GI": 0.0015,
        "GII,GIII": 0.04927855711422846,
        "blade_friction": 0.0,
        "tI=tII=tIII": 1.9519038076152304
    }
}
