{
    "geometrical_parameters": {
        "fiber_diameter": 0.01914046822742475,
        "blade_distance": 0.44448160535117054,
        "elliptical_fiber_ratio": 1.3210702341137124,
        "ratio_droplet_embedded_length": 1.257391304347826,
        "droplet_diameter": 0.22938795986622074,
        "contact_angle": 25.74448160535117,
        "fiber_rotation": 82.47491638795987
    },
    "mechanical_parameters": {
        "interface_friction": 0.0,
        "GI": 0.0015,
        "GII,GIII": 0.3,
        "tI=tII=tIII": 1.3,
        "blade_friction": 0.6
    }
}
