{
    "geometrical_parameters": {
        "fiber_diameter": 0.027869565217391305,
        "blade_distance": 0.5080267558528428,
        "elliptical_fiber_ratio": 2.459866220735786,
        "ratio_droplet_embedded_length": 1.2713043478260868,
        "droplet_diameter": 0.20816722408026755,
        "contact_angle": 14.492976588628762,
        "fiber_rotation": 0.903010033444816
    },
    "mechanical_parameters": {
        "interface_friction": 0.0,
        "GI": 0.0015,
        "GII,GIII": 0.3,
        "tI=tII=tIII": 1.3,
        "blade_friction": 0.6
    }
}
