{
    "geometrical_parameters": {
        "fiber_diameter": 0.021,
        "blade_distance": 0.042,
        "elliptical_fiber_ratio": 1.0,
        "ratio_droplet_embedded_length": 1.36,
        "droplet_diameter": 0.162,
        "contact_angle": 25.7,
        "fiber_rotation": 0
    },
    "mechanical_parameters": {
        "interface_friction": 0.16321070234113713,
        "GI": 0.09867558528428094,
        "GII,GIII": 0.08538461538461539,
        "tI=tII=tIII": 1.0819397993311037,
        "blade_friction": 0.5003344481605352
    }
}
