{
    "geometrical_parameters": {
        "fiber_diameter": 0.023713426853707413,
        "elliptical_fiber_ratio": 1.0,
        "blade_distance": 0.12104208416833667,
        "ratio_droplet_embedded_length": 1.36,
        "droplet_diameter": 0.21730861723446895,
        "contact_angle": 25.7,
        "fiber_rotation": 0
    },
    "mechanical_parameters": {
        "interface_friction": 0.0,
        "GI": 0.0015,
        "GII,GIII": 0.11507014028056112,
        "blade_friction": 0.0,
        "tI=tII=tIII": 1.6122244488977955
    }
}
