{
    "geometrical_parameters": {
        "fiber_diameter": 0.014636363636363637,
        "blade_distance": 0.029549461730300916,
        "elliptical_fiber_ratio": 1.7272727272727273,
        "ratio_droplet_embedded_length": 1.2634343434343434,
        "droplet_diameter": 0.10618181818181818,
        "contact_angle": 27.444444444444443,
        "fiber_rotation": 48.18181818181819
    },
    "mechanical_parameters": {
        "interface_friction": 0.0,
        "GI": 0.0015,
        "GII,GIII": 0.3,
        "tI=tII=tIII": 1.3,
        "blade_friction": 0.6
    }
}
