{
    "geometrical_parameters": {
        "fiber_diameter": 0.017220440881763527,
        "elliptical_fiber_ratio": 1.0,
        "blade_distance": 0.17615230460921844,
        "ratio_droplet_embedded_length": 1.36,
        "droplet_diameter": 0.14588577154308618,
        "contact_angle": 25.7,
        "fiber_rotation": 0
    },
    "mechanical_parameters": {
        "interface_friction": 0.0,
        "GI": 0.0015,
        "GII,GIII": 0.15336673346693386,
        "blade_friction": 0.0,
        "tI=tII=tIII": 1.7084168336673347
    }
}
