{
    "geometrical_parameters": {
        "fiber_diameter": 0.02281162324649299,
        "elliptical_fiber_ratio": 1.0,
        "blade_distance": 0.17715430861723447,
        "ratio_droplet_embedded_length": 1.36,
        "droplet_diameter": 0.22596593186372746,
        "contact_angle": 25.7,
        "fiber_rotation": 0
    },
    "mechanical_parameters": {
        "interface_friction": 0.0,
        "GI": 0.0015,
        "GII,GIII": 0.397875751503006,
        "blade_friction": 0.0,
        "tI=tII=tIII": 1.4018036072144286
    }
}
