{
    "geometrical_parameters": {
        "fiber_diameter": 0.028230769230769233,
        "elliptical_fiber_ratio": 1.0,
        "blade_distance": 0.42274247491638794,
        "ratio_droplet_embedded_length": 1.36,
        "droplet_diameter": 0.11244816053511707,
        "contact_angle": 25.7,
        "fiber_rotation": 0
    },
    "mechanical_parameters": {
        "interface_friction": 0.0,
        "GI": 0.0015,
        "GII,GIII": 0.3115384615384616,
        "blade_friction": 0.0,
        "tI=tII=tIII": 0.6956521739130435
    }
}
