{
    "geometrical_parameters": {
        "fiber_diameter": 0.01926086956521739,
        "blade_distance": 0.7719063545150502,
        "elliptical_fiber_ratio": 2.8528428093645486,
        "ratio_droplet_embedded_length": 1.2894983277591971,
        "droplet_diameter": 0.20726421404682277,
        "contact_angle": 23.482274247491638,
        "fiber_rotation": 9.03010033444816
    },
    "mechanical_parameters": {
        "interface_friction": 0.0,
        "GI": 0.0015,
        "GII,GIII": 0.3,
        "tI=tII=tIII": 1.3,
        "blade_friction": 0.6
    }
}
