{
    "geometrical_parameters": {
        "fiber_diameter": 0.023821643286573147,
        "elliptical_fiber_ratio": 1.0,
        "blade_distance": 0.4797595190380761,
        "ratio_droplet_embedded_length": 1.36,
        "droplet_diameter": 0.2045931863727455,
        "contact_angle": 25.7,
        "fiber_rotation": 0
    },
    "mechanical_parameters": {
        "interface_friction": 0.0,
        "GI": 0.0015,
        "GII,GIII": 0.49607214428857715,
        "blade_friction": 0.0,
        "tI=tII=tIII": 0.7555110220440882
    }
}
