{
    "geometrical_parameters": {
        "fiber_diameter": 0.021,
        "blade_distance": 0.15,
        "elliptical_fiber_ratio": 1.0,
        "ratio_droplet_embedded_length": 1.36,
        "droplet_diameter": 0.162,
        "contact_angle": 25.7,
        "fiber_rotation": 0
    },
    "mechanical_parameters": {
        "interface_friction": 0.6367892976588629,
        "tI": 0.980267558528428,
        "tII,tIII": 0.7558528428093645,
        "GI": 0.02219063545150502,
        "GII,GIII": 0.4246153846153846,
        "blade_friction": 0.31304347826086953
    }
}
