{
    "geometrical_parameters": {
        "fiber_diameter": 0.02750100200400802,
        "blade_distance": 0.26032064128256516,
        "elliptical_fiber_ratio": 1.1352705410821644,
        "ratio_droplet_embedded_length": 1.4549899799599197,
        "droplet_diameter": 0.13344088176352706,
        "contact_angle": 30.222845691382766,
        "fiber_rotation": 4.509018036072145
    },
    "mechanical_parameters": {
        "interface_friction": 0.0,
        "tI": 1,
        "tII,tIII": 1.3,
        "GI": 0.015,
        "GII,GIII": 0.1,
        "blade_friction": 0.6
    }
}
