{
    "geometrical_parameters": {
        "fiber_diameter": 0.02790909090909091,
        "blade_distance": 0.24141414141414141,
        "elliptical_fiber_ratio": 1.712121212121212,
        "ratio_droplet_embedded_length": 1.2666666666666666,
        "droplet_diameter": 0.22072727272727274,
        "contact_angle": 16.656565656565654,
        "fiber_rotation": 80.0
    },
    "mechanical_parameters": {
        "interface_friction": 0.0,
        "GI": 0.003,
        "GII,GIII": 0.3,
        "tI=tII=tIII": 1.3,
        "blade_friction": 0.6
    }
}
