{
    "geometrical_parameters": {
        "fiber_diameter": 0.018357859531772575,
        "blade_distance": 0.28394648829431435,
        "elliptical_fiber_ratio": 2.339464882943144,
        "ratio_droplet_embedded_length": 1.36,
        "droplet_diameter": 0.162,
        "contact_angle": 25.7,
        "fiber_rotation": 0
    },
    "mechanical_parameters": {
        "interface_friction": 0.0,
        "GI": 0.0015,
        "GII,GIII": 0.3820066889632107,
        "blade_friction": 0.0,
        "tI=tII=tIII": 1.8695652173913042
    }
}
