{
    "geometrical_parameters": {
        "fiber_diameter": 0.016491638795986623,
        "blade_distance": 0.5866220735785953,
        "elliptical_fiber_ratio": 2.2491638795986626,
        "ratio_droplet_embedded_length": 1.4778595317725753,
        "droplet_diameter": 0.16753177257525087,
        "contact_angle": 17.17190635451505,
        "fiber_rotation": 74.64882943143813
    },
    "mechanical_parameters": {
        "interface_friction": 0.0,
        "tI": 1,
        "tII,tIII": 1.3,
        "GI": 0.01,
        "GII,GIII": 0.15,
        "blade_friction": 0.8
    }
}
