{
    "geometrical_parameters": {
        "fiber_diameter": 0.019020066889632106,
        "blade_distance": 0.4394648829431439,
        "elliptical_fiber_ratio": 1.6672240802675584,
        "ratio_droplet_embedded_length": 1.36,
        "droplet_diameter": 0.162,
        "contact_angle": 25.7,
        "fiber_rotation": 0
    },
    "mechanical_parameters": {
        "interface_friction": 0.0,
        "GI": 0.0015,
        "GII,GIII": 0.3508695652173913,
        "blade_friction": 0.0,
        "tI=tII=tIII": 1.1321070234113713
    }
}
