{
    "geometrical_parameters": {
        "fiber_diameter": 0.0298561872909699,
        "blade_distance": 0.3023411371237458,
        "elliptical_fiber_ratio": 2.479933110367893,
        "ratio_droplet_embedded_length": 1.36,
        "droplet_diameter": 0.162,
        "contact_angle": 25.7,
        "fiber_rotation": 45
    },
    "mechanical_parameters": {
        "interface_friction": 0.0,
        "GI": 0.0015,
        "GII,GIII": 0.28040133779264215,
        "blade_friction": 0.0,
        "tI=tII=tIII": 1.919732441471572
    }
}
