{
    "geometrical_parameters": {
        "fiber_diameter": 0.022090301003344484,
        "elliptical_fiber_ratio": 1.0,
        "blade_distance": 0.11003344481605351,
        "ratio_droplet_embedded_length": 1.36,
        "droplet_diameter": 0.14540802675585285,
        "contact_angle": 25.7,
        "fiber_rotation": 0
    },
    "mechanical_parameters": {
        "interface_friction": 0.0,
        "GI": 0.0015,
        "GII,GIII": 0.3770903010033445,
        "blade_friction": 0.0,
        "tI=tII=tIII": 1.2575250836120402
    }
}
