{
    "geometrical_parameters": {
        "fiber_diameter": 0.01972727272727273,
        "blade_distance": 0.04962391100056413,
        "elliptical_fiber_ratio": 2.898989898989899,
        "ratio_droplet_embedded_length": 1.2698989898989899,
        "droplet_diameter": 0.13345454545454546,
        "contact_angle": 23.309090909090905,
        "fiber_rotation": 49.09090909090909
    },
    "mechanical_parameters": {
        "interface_friction": 0.0,
        "GI": 0.0015,
        "GII,GIII": 0.3,
        "tI=tII=tIII": 1.3,
        "blade_friction": 0.6
    }
}
