{
    "geometrical_parameters": {
        "fiber_diameter": 0.020826086956521737,
        "blade_distance": 0.3658862876254181,
        "elliptical_fiber_ratio": 2.068561872909699,
        "ratio_droplet_embedded_length": 1.3226755852842809,
        "droplet_diameter": 0.10928762541806021,
        "contact_angle": 17.94581939799331,
        "fiber_rotation": 3.9130434782608696
    },
    "mechanical_parameters": {
        "interface_friction": 0.0,
        "tI": 1,
        "tII,tIII": 1.3,
        "GI": 0.01,
        "GII,GIII": 0.15,
        "blade_friction": 0.8
    }
}
