{
    "geometrical_parameters": {
        "fiber_diameter": 0.02696655518394649,
        "blade_distance": 0.4260869565217391,
        "elliptical_fiber_ratio": 1.9933110367892977,
        "ratio_droplet_embedded_length": 1.4382608695652173,
        "droplet_diameter": 0.1381839464882943,
        "contact_angle": 15.08829431438127,
        "fiber_rotation": 66.82274247491638
    },
    "mechanical_parameters": {
        "interface_friction": 0.0,
        "GI": 0.0015,
        "GII,GIII": 0.3,
        "tI=tII=tIII": 1.3,
        "blade_friction": 0.6
    }
}
