{
    "geometrical_parameters": {
        "fiber_diameter": 0.016852842809364547,
        "elliptical_fiber_ratio": 1.0,
        "blade_distance": 0.39264214046822743,
        "ratio_droplet_embedded_length": 1.36,
        "droplet_diameter": 0.16301672240802675,
        "contact_angle": 25.7,
        "fiber_rotation": 0
    },
    "mechanical_parameters": {
        "interface_friction": 0.0,
        "GI": 0.0015,
        "GII,GIII": 0.023110367892976588,
        "blade_friction": 0.0,
        "tI=tII=tIII": 1.714046822742475
    }
}
