{
    "geometrical_parameters": {
        "fiber_diameter": 0.014272727272727272,
        "blade_distance": 0.04817644655721409,
        "elliptical_fiber_ratio": 2.4545454545454546,
        "ratio_droplet_embedded_length": 1.3474747474747475,
        "droplet_diameter": 0.1743636363636364,
        "contact_angle": 28.16363636363636,
        "fiber_rotation": 68.18181818181819
    },
    "mechanical_parameters": {
        "interface_friction": 0.0,
        "GI": 0.0015,
        "GII,GIII": 0.3,
        "tI=tII=tIII": 1.3,
        "blade_friction": 0.6
    }
}
