{
    "geometrical_parameters": {
        "fiber_diameter": 0.020070140280561123,
        "elliptical_fiber_ratio": 1.0,
        "blade_distance": 0.18517034068136273,
        "ratio_droplet_embedded_length": 1.36,
        "droplet_diameter": 0.1112565130260521,
        "contact_angle": 25.7,
        "fiber_rotation": 0
    },
    "mechanical_parameters": {
        "interface_friction": 0.0,
        "GI": 0.0015,
        "GII,GIII": 0.25843687374749497,
        "blade_friction": 0.0,
        "tI=tII=tIII": 1.0050100200400802
    }
}
