{
    "geometrical_parameters": {
        "fiber_diameter": 0.018818181818181817,
        "blade_distance_ratio_to_fiber_diameter": 3.787878787878788,
        "elliptical_fiber_ratio": 1.101010101010101,
        "ratio_droplet_embedded_length": 1.37010101010101,
        "droplet_diameter": 0.16072727272727272,
        "contact_angle": 24.927272727272726,
        "fiber_rotation": 1.8181818181818181
    },
    "mechanical_parameters": {
        "interface_friction": 0.0,
        "GI": 0.015,
        "GII,GIII": 0.3,
        "tI=tII=tIII": 1.3,
        "blade_friction": 0.6
    }
}
