{
    "geometrical_parameters": {
        "fiber_diameter": 0.026272727272727274,
        "blade_distance": 0.11831696900096496,
        "elliptical_fiber_ratio": 1.3636363636363638,
        "ratio_droplet_embedded_length": 1.4088888888888889,
        "droplet_diameter": 0.21254545454545454,
        "contact_angle": 31.4,
        "fiber_rotation": 20.90909090909091
    },
    "mechanical_parameters": {
        "interface_friction": 0.0,
        "GI": 0.015,
        "GII,GIII": 0.3,
        "tI=tII=tIII": 1.3,
        "blade_friction": 0.6
    }
}
