{
    "geometrical_parameters": {
        "fiber_diameter": 0.021,
        "blade_distance": 0.15,
        "elliptical_fiber_ratio": 1.0,
        "ratio_droplet_embedded_length": 1.36,
        "droplet_diameter": 0.162,
        "contact_angle": 25.7,
        "fiber_rotation": 0
    },
    "mechanical_parameters": {
        "interface_friction": 0.6929765886287627,
        "tI": 0.4698996655518394,
        "tII,tIII": 1.0668896321070234,
        "GI": 0.09602675585284282,
        "GII,GIII": 0.36397993311036797,
        "blade_friction": 0.7785953177257526
    }
}
