{
    "geometrical_parameters": {
        "fiber_diameter": 0.02148829431438127,
        "blade_distance": 0.11505016722408028,
        "elliptical_fiber_ratio": 2.309364548494983,
        "ratio_droplet_embedded_length": 1.3868896321070234,
        "droplet_diameter": 0.15759866220735785,
        "contact_angle": 27.292307692307688,
        "fiber_rotation": 15.953177257525084
    },
    "mechanical_parameters": {
        "interface_friction": 0.0,
        "tI": 1,
        "tII,tIII": 1.3,
        "GI": 0.01,
        "GII,GIII": 0.15,
        "blade_friction": 0.8
    }
}
