{
    "geometrical_parameters": {
        "fiber_diameter": 0.02383612040133779,
        "elliptical_fiber_ratio": 1.0,
        "blade_distance": 0.3090301003344481,
        "ratio_droplet_embedded_length": 1.36,
        "droplet_diameter": 0.1873979933110368,
        "contact_angle": 25.7,
        "fiber_rotation": 0
    },
    "mechanical_parameters": {
        "interface_friction": 0.0,
        "GI": 0.0015,
        "GII,GIII": 0.21812709030100336,
        "blade_friction": 0.0,
        "tI=tII=tIII": 0.7558528428093645
    }
}
