{
    "geometrical_parameters": {
        "fiber_diameter": 0.013662207357859531,
        "blade_distance": 0.11672240802675586,
        "elliptical_fiber_ratio": 2.058528428093646,
        "ratio_droplet_embedded_length": 1.2755852842809363,
        "droplet_diameter": 0.12463879598662209,
        "contact_angle": 30.80468227424749,
        "fiber_rotation": 72.24080267558529
    },
    "mechanical_parameters": {
        "interface_friction": 0.0,
        "tI": 1,
        "tII,tIII": 1.3,
        "GI": 0.01,
        "GII,GIII": 0.15,
        "blade_friction": 0.8
    }
}
