{
    "geometrical_parameters": {
        "fiber_diameter": 0.021,
        "blade_distance": 0.15,
        "elliptical_fiber_ratio": 1.0,
        "ratio_droplet_embedded_length": 1.36,
        "droplet_diameter": 0.162,
        "contact_angle": 25.7,
        "fiber_rotation": 0
    },
    "mechanical_parameters": {
        "interface_friction": 0.1551839464882943,
        "tI": 1.462541806020067,
        "tII,tIII": 1.7491638795986624,
        "GI": 0.09933779264214046,
        "GII,GIII": 0.2623745819397994,
        "blade_friction": 0.16053511705685622
    }
}
