{
    "geometrical_parameters": {
        "fiber_diameter": 0.019983277591973245,
        "elliptical_fiber_ratio": 1.0,
        "blade_distance": 0.3525083612040134,
        "ratio_droplet_embedded_length": 1.36,
        "droplet_diameter": 0.11109364548494984,
        "contact_angle": 25.7,
        "fiber_rotation": 0
    },
    "mechanical_parameters": {
        "interface_friction": 0.0,
        "GI": 0.0015,
        "GII,GIII": 0.13127090301003344,
        "blade_friction": 0.0,
        "tI=tII=tIII": 1.1622073578595318
    }
}
