{
    "geometrical_parameters": {
        "fiber_diameter": 0.021,
        "blade_distance": 0.15,
        "elliptical_fiber_ratio": 1.0,
        "ratio_droplet_embedded_length": 1.36,
        "droplet_diameter": 0.162,
        "contact_angle": 25.7,
        "fiber_rotation": 0
    },
    "mechanical_parameters": {
        "interface_friction": 0.40401337792642145,
        "tI": 0.5869565217391303,
        "tII,tIII": 1.633779264214047,
        "GI": 0.018217391304347828,
        "GII,GIII": 0.15421404682274248,
        "blade_friction": 0.15785953177257525
    }
}
