{
    "geometrical_parameters": {
        "fiber_diameter": 0.01833867735470942,
        "blade_distance": 0.39290581162324656,
        "elliptical_fiber_ratio": 2.157314629258517,
        "ratio_droplet_embedded_length": 1.3530260521042083,
        "droplet_diameter": 0.20134669338677358,
        "contact_angle": 17.880561122244487,
        "fiber_rotation": 81.34268537074149
    },
    "mechanical_parameters": {
        "interface_friction": 0.0,
        "tI": 1,
        "tII,tIII": 1.3,
        "GI": 0.01,
        "GII,GIII": 0.15,
        "blade_friction": 0.6
    }
}
