{
    "geometrical_parameters": {
        "fiber_diameter": 0.01794188376753507,
        "blade_distance": 0.4411623246492986,
        "elliptical_fiber_ratio": 1.3787575150300602,
        "ratio_droplet_embedded_length": 1.4684569138276553,
        "droplet_diameter": 0.175374749498998,
        "contact_angle": 24.087374749499,
        "fiber_rotation": 27.595190380761522
    },
    "mechanical_parameters": {
        "interface_friction": 0.0,
        "tI": 1,
        "tII,tIII": 1.3,
        "GI": 0.01,
        "GII,GIII": 0.15,
        "blade_friction": 0.6
    }
}
