{
    "geometrical_parameters": {
        "fiber_diameter": 0.016551839464882943,
        "blade_distance": 0.277257525083612,
        "elliptical_fiber_ratio": 1.265886287625418,
        "ratio_droplet_embedded_length": 1.1674916387959866,
        "droplet_diameter": 0.15127759197324414,
        "contact_angle": 23.244147157190632,
        "fiber_rotation": 26.488294314381267
    },
    "mechanical_parameters": {
        "interface_friction": 0.0,
        "tI": 1,
        "tII,tIII": 1.3,
        "GI": 0.01,
        "GII,GIII": 0.15,
        "blade_friction": 0.8
    }
}
