{
    "geometrical_parameters": {
        "fiber_diameter": 0.02304020100502513,
        "blade_distance": 0.7457286432160806,
        "elliptical_fiber_ratio": 2.3969849246231156,
        "ratio_droplet_embedded_length": 1.2178894472361808,
        "droplet_diameter": 0.11495979899497488,
        "contact_angle": 26.122613065326632,
        "fiber_rotation": 12.21105527638191
    },
    "mechanical_parameters": {
        "interface_friction": 0.0,
        "GI": 0.0015,
        "GII,GIII": 0.3,
        "tI=tII=tIII": 1.3,
        "blade_friction": 0.6
    }
}
