{
    "geometrical_parameters": {
        "fiber_diameter": 0.015545454545454545,
        "blade_distance": 0.01769056987326494,
        "elliptical_fiber_ratio": 1.202020202020202,
        "ratio_droplet_embedded_length": 1.3086868686868687,
        "droplet_diameter": 0.11572727272727273,
        "contact_angle": 31.04040404040404,
        "fiber_rotation": 78.18181818181819
    },
    "mechanical_parameters": {
        "interface_friction": 0.0,
        "GI": 0.0015,
        "GII,GIII": 0.3,
        "tI=tII=tIII": 1.3,
        "blade_friction": 0.6
    }
}
