{
    "geometrical_parameters": {
        "fiber_diameter": 0.021,
        "blade_distance": 0.15,
        "elliptical_fiber_ratio": 1.0,
        "ratio_droplet_embedded_length": 1.36,
        "droplet_diameter": 0.162,
        "contact_angle": 25.7,
        "fiber_rotation": 0
    },
    "mechanical_parameters": {
        "interface_friction": 0.585953177257525,
        "tI": 0.9521739130434782,
        "tII,tIII": 1.6939799331103678,
        "GI": 0.01722408026755853,
        "GII,GIII": 0.3164548494983278,
        "blade_friction": 0.4521739130434783
    }
}
