{
    "geometrical_parameters": {
        "fiber_diameter": 0.029953907815631266,
        "elliptical_fiber_ratio": 1.0,
        "blade_distance": 0.28637274549098196,
        "ratio_droplet_embedded_length": 1.36,
        "droplet_diameter": 0.18511422845691383,
        "contact_angle": 25.7,
        "fiber_rotation": 0
    },
    "mechanical_parameters": {
        "interface_friction": 0.0,
        "GI": 0.0015,
        "GII,GIII": 0.24763527054108214,
        "blade_friction": 0.0,
        "tI=tII=tIII": 1.5250501002004009
    }
}
