{
    "geometrical_parameters": {
        "fiber_diameter": 0.014818181818181817,
        "blade_distance": 0.1319142146560921,
        "elliptical_fiber_ratio": 1.1414141414141414,
        "ratio_droplet_embedded_length": 1.37010101010101,
        "droplet_diameter": 0.21254545454545454,
        "contact_angle": 28.34343434343434,
        "fiber_rotation": 45.45454545454545
    },
    "mechanical_parameters": {
        "interface_friction": 0.0,
        "GI": 0.015,
        "GII,GIII": 0.3,
        "tI=tII=tIII": 1.3,
        "blade_friction": 0.6
    }
}
