{
    "geometrical_parameters": {
        "fiber_diameter": 0.0152876254180602,
        "elliptical_fiber_ratio": 1.0,
        "blade_distance": 0.49632107023411376,
        "ratio_droplet_embedded_length": 1.36,
        "droplet_diameter": 0.2257759197324415,
        "contact_angle": 25.7,
        "fiber_rotation": 0
    },
    "mechanical_parameters": {
        "interface_friction": 0.0,
        "GI": 0.0015,
        "GII,GIII": 0.06244147157190636,
        "blade_friction": 0.0,
        "tI=tII=tIII": 1.9949832775919734
    }
}
