{
    "geometrical_parameters": {
        "fiber_diameter": 0.02377591973244147,
        "blade_distance": 0.48628762541806025,
        "elliptical_fiber_ratio": 2.459866220735786,
        "ratio_droplet_embedded_length": 1.2948494983277592,
        "droplet_diameter": 0.16030769230769232,
        "contact_angle": 18.898327759197322,
        "fiber_rotation": 80.66889632107022
    },
    "mechanical_parameters": {
        "interface_friction": 0.0,
        "tI": 1,
        "tII,tIII": 1.3,
        "GI": 0.01,
        "GII,GIII": 0.15,
        "blade_friction": 0.8
    }
}
