{
    "geometrical_parameters": {
        "fiber_diameter": 0.027753507014028057,
        "blade_distance": 0.2583166332665331,
        "elliptical_fiber_ratio": 1.5380761523046091,
        "ratio_droplet_embedded_length": 1.2523446893787575,
        "droplet_diameter": 0.10341082164328658,
        "contact_angle": 22.731863727454908,
        "fiber_rotation": 64.5691382765531
    },
    "mechanical_parameters": {
        "interface_friction": 0.0,
        "tI": 1,
        "tII,tIII": 1.3,
        "GI": 0.015,
        "GII,GIII": 0.1,
        "blade_friction": 0.6
    }
}
