{
    "geometrical_parameters": {
        "fiber_diameter": 0.023929859719438878,
        "elliptical_fiber_ratio": 1.0,
        "blade_distance": 0.1751503006012024,
        "ratio_droplet_embedded_length": 1.36,
        "droplet_diameter": 0.12261923847695391,
        "contact_angle": 25.7,
        "fiber_rotation": 0
    },
    "mechanical_parameters": {
        "interface_friction": 0.0,
        "GI": 0.0015,
        "GII,GIII": 0.31146292585170343,
        "blade_friction": 0.0,
        "tI=tII=tIII": 1.6813627254509018
    }
}
