{
    "geometrical_parameters": {
        "fiber_diameter": 0.020597989949748742,
        "blade_distance": 0.23015075376884425,
        "elliptical_fiber_ratio": 2.648241206030151,
        "ratio_droplet_embedded_length": 1.2243216080402008,
        "droplet_diameter": 0.22553768844221106,
        "contact_angle": 22.186934673366835,
        "fiber_rotation": 28.944723618090453
    },
    "mechanical_parameters": {
        "interface_friction": 0.0,
        "GI": 0.0015,
        "GII,GIII": 0.3,
        "tI=tII=tIII": 1.3,
        "blade_friction": 0.6
    }
}
