{
    "geometrical_parameters": {
        "fiber_diameter": 0.020214428857715433,
        "elliptical_fiber_ratio": 1.0,
        "blade_distance": 0.10901803607214429,
        "ratio_droplet_embedded_length": 1.36,
        "droplet_diameter": 0.1196432865731463,
        "contact_angle": 25.7,
        "fiber_rotation": 0
    },
    "mechanical_parameters": {
        "interface_friction": 0.0,
        "GI": 0.0015,
        "GII,GIII": 0.07186372745490982,
        "blade_friction": 0.0,
        "tI=tII=tIII": 1.5100200400801602
    }
}
