{
    "geometrical_parameters": {
        "fiber_diameter": 0.014090909090909091,
        "blade_distance": 0.13783239866970398,
        "elliptical_fiber_ratio": 2.717171717171717,
        "ratio_droplet_embedded_length": 1.2763636363636364,
        "droplet_diameter": 0.17709090909090908,
        "contact_angle": 23.66868686868687,
        "fiber_rotation": 66.36363636363637
    },
    "mechanical_parameters": {
        "interface_friction": 0.0,
        "GI": 0.0015,
        "GII,GIII": 0.3,
        "tI=tII=tIII": 1.3,
        "blade_friction": 0.6
    }
}
