{
    "geometrical_parameters": {
        "fiber_diameter": 0.02600334448160535,
        "blade_distance": 0.5775919732441472,
        "elliptical_fiber_ratio": 1.4949832775919734,
        "ratio_droplet_embedded_length": 1.168561872909699,
        "droplet_diameter": 0.12102675585284281,
        "contact_angle": 27.05418060200669,
        "fiber_rotation": 66.22073578595318
    },
    "mechanical_parameters": {
        "interface_friction": 0.0,
        "GI": 0.0015,
        "GII,GIII": 0.3,
        "tI=tII=tIII": 1.3,
        "blade_friction": 0.6
    }
}
