{
    "geometrical_parameters": {
        "fiber_diameter": 0.021,
        "blade_distance": 0.15,
        "elliptical_fiber_ratio": 1.0,
        "ratio_droplet_embedded_length": 1.36,
        "droplet_diameter": 0.162,
        "contact_angle": 25.7,
        "fiber_rotation": 0
    },
    "mechanical_parameters": {
        "interface_friction": 0.5137123745819397,
        "GI": 0.06291638795986622,
        "GII,GIII": 0.011638795986622074,
        "tI=tII=tIII": 1.919732441471572,
        "blade_friction": 0.5591973244147157
    }
}
