{
    "geometrical_parameters": {
        "fiber_diameter": 0.013240802675585283,
        "blade_distance": 0.45451505016722404,
        "elliptical_fiber_ratio": 1.5367892976588626,
        "ratio_droplet_embedded_length": 1.36,
        "droplet_diameter": 0.162,
        "contact_angle": 25.7,
        "fiber_rotation": 0
    },
    "mechanical_parameters": {
        "interface_friction": 0.0,
        "GI": 0.0015,
        "GII,GIII": 0.4459197324414716,
        "blade_friction": 0.0,
        "tI=tII=tIII": 1.3377926421404682
    }
}
