{
    "geometrical_parameters": {
        "fiber_diameter": 0.021,
        "blade_distance": 0.042,
        "elliptical_fiber_ratio": 1.0,
        "ratio_droplet_embedded_length": 1.36,
        "droplet_diameter": 0.162,
        "contact_angle": 25.7,
        "fiber_rotation": 0
    },
    "mechanical_parameters": {
        "interface_friction": 0.0882943143812709,
        "GI": 0.09238461538461538,
        "GII,GIII": 0.14110367892976589,
        "tI=tII=tIII": 0.971571906354515,
        "blade_friction": 0.25953177257525084
    }
}
