{
    "geometrical_parameters": {
        "fiber_diameter": 0.021849498327759197,
        "blade_distance": 0.4812709030100334,
        "elliptical_fiber_ratio": 2.3595317725752505,
        "ratio_droplet_embedded_length": 1.1728428093645484,
        "droplet_diameter": 0.20004013377926422,
        "contact_angle": 13.719063545150501,
        "fiber_rotation": 82.17391304347827
    },
    "mechanical_parameters": {
        "interface_friction": 0.0,
        "tI": 1,
        "tII,tIII": 1.3,
        "GI": 0.01,
        "GII,GIII": 0.15,
        "blade_friction": 0.8
    }
}
