{
    "geometrical_parameters": {
        "fiber_diameter": 0.021,
        "blade_distance": 0.042,
        "elliptical_fiber_ratio": 1.0,
        "ratio_droplet_embedded_length": 1.36,
        "droplet_diameter": 0.162,
        "contact_angle": 25.7,
        "fiber_rotation": 0
    },
    "mechanical_parameters": {
        "interface_friction": 0.7250836120401337,
        "GI": 0.0768227424749164,
        "GII,GIII": 0.26892976588628764,
        "tI=tII=tIII": 1.774247491638796,
        "blade_friction": 0.7117056856187292
    }
}
