{
    "geometrical_parameters": {
        "fiber_diameter": 0.021,
        "blade_distance": 0.15,
        "elliptical_fiber_ratio": 1.0,
        "ratio_droplet_embedded_length": 1.36,
        "droplet_diameter": 0.162,
        "contact_angle": 25.7,
        "fiber_rotation": 0
    },
    "mechanical_parameters": {
        "interface_friction": 0.5297658862876254,
        "GI": 0.059605351170568574,
        "GII,GIII": 0.4475585284280936,
        "tI=tII=tIII": 0.8913043478260869,
        "blade_friction": 0.5110367892976589
    }
}
