{
    "geometrical_parameters": {
        "fiber_diameter": 0.03078356713426854,
        "blade_distance": 0.22905811623246497,
        "elliptical_fiber_ratio": 2.460921843687375,
        "ratio_droplet_embedded_length": 1.3870140280561123,
        "droplet_diameter": 0.1829498997995992,
        "contact_angle": 26.834068136272542,
        "fiber_rotation": 64.20841683366733
    },
    "mechanical_parameters": {
        "interface_friction": 0.0,
        "tI": 1,
        "tII,tIII": 1.3,
        "GI": 0.01,
        "GII,GIII": 0.15,
        "blade_friction": 0.6
    }
}
