{
    "geometrical_parameters": {
        "fiber_diameter": 0.021,
        "blade_distance": 0.042,
        "elliptical_fiber_ratio": 1.0,
        "ratio_droplet_embedded_length": 1.36,
        "droplet_diameter": 0.162,
        "contact_angle": 25.7,
        "fiber_rotation": 0
    },
    "mechanical_parameters": {
        "interface_friction": 0.4147157190635452,
        "GI": 0.06324749163879599,
        "GII,GIII": 0.44100334448160533,
        "tI=tII=tIII": 1.7040133779264215,
        "blade_friction": 0.462876254180602
    }
}
