{
    "geometrical_parameters": {
        "fiber_diameter": 0.014565217391304347,
        "elliptical_fiber_ratio": 1.0,
        "blade_distance": 0.11672240802675586,
        "ratio_droplet_embedded_length": 1.36,
        "droplet_diameter": 0.20184615384615384,
        "contact_angle": 25.7,
        "fiber_rotation": 0
    },
    "mechanical_parameters": {
        "interface_friction": 0.0,
        "GI": 0.0015,
        "GII,GIII": 0.12963210702341138,
        "blade_friction": 0.0,
        "tI=tII=tIII": 1.854515050167224
    }
}
