{
    "geometrical_parameters": {
        "fiber_diameter": 0.018771543086172345,
        "blade_distance": 0.2903807615230461,
        "elliptical_fiber_ratio": 1.99498997995992,
        "ratio_droplet_embedded_length": 1.3408416833667334,
        "droplet_diameter": 0.1377695390781563,
        "contact_angle": 15.740280561122244,
        "fiber_rotation": 78.99799599198397
    },
    "mechanical_parameters": {
        "interface_friction": 0.0,
        "tI": 1,
        "tII,tIII": 1.3,
        "GI": 0.015,
        "GII,GIII": 0.1,
        "blade_friction": 0.6
    }
}
