{
    "geometrical_parameters": {
        "fiber_diameter": 0.0298561872909699,
        "blade_distance": 0.4461538461538461,
        "elliptical_fiber_ratio": 2.234113712374582,
        "ratio_droplet_embedded_length": 1.2017391304347826,
        "droplet_diameter": 0.10432107023411372,
        "contact_angle": 15.505016722408026,
        "fiber_rotation": 39.13043478260869
    },
    "mechanical_parameters": {
        "interface_friction": 0.0,
        "tI": 1,
        "tII,tIII": 1.3,
        "GI": 0.01,
        "GII,GIII": 0.15,
        "blade_friction": 0.8
    }
}
