{
    "geometrical_parameters": {
        "fiber_diameter": 0.021,
        "blade_distance": 0.15,
        "elliptical_fiber_ratio": 1.0,
        "ratio_droplet_embedded_length": 1.36,
        "droplet_diameter": 0.162,
        "contact_angle": 25.7,
        "fiber_rotation": 0
    },
    "mechanical_parameters": {
        "interface_friction": 0.422742474916388,
        "tI": 0.8491638795986621,
        "tII,tIII": 1.2474916387959865,
        "GI": 0.03046822742474916,
        "GII,GIII": 0.4639464882943144,
        "blade_friction": 0.6956521739130435
    }
}
