{
    "geometrical_parameters": {
        "fiber_diameter": 0.021,
        "blade_distance": 0.15,
        "elliptical_fiber_ratio": 1.0,
        "ratio_droplet_embedded_length": 1.36,
        "droplet_diameter": 0.162,
        "contact_angle": 25.7,
        "fiber_rotation": 0
    },
    "mechanical_parameters": {
        "interface_friction": 0.024080267558528427,
        "tI": 0.41371237458193977,
        "tII,tIII": 0.7959866220735786,
        "GI": 0.0894046822742475,
        "GII,GIII": 0.2082943143812709,
        "blade_friction": 0.24080267558528426
    }
}
