{
    "geometrical_parameters": {
        "fiber_diameter": 0.021,
        "blade_distance": 0.15,
        "elliptical_fiber_ratio": 1.0,
        "ratio_droplet_embedded_length": 1.36,
        "droplet_diameter": 0.162,
        "contact_angle": 25.7,
        "fiber_rotation": 0
    },
    "mechanical_parameters": {
        "interface_friction": 0.2702341137123746,
        "GI": 0.05530100334448161,
        "GII,GIII": 0.19846153846153847,
        "tI=tII=tIII": 1.4933110367892977,
        "blade_friction": 0.3692307692307692
    }
}
