{
    "geometrical_parameters": {
        "fiber_diameter": 0.01980267558528428,
        "blade_distance": 0.41839464882943145,
        "elliptical_fiber_ratio": 1.4214046822742477,
        "ratio_droplet_embedded_length": 1.2670234113712373,
        "droplet_diameter": 0.12825083612040133,
        "contact_angle": 30.566555183946484,
        "fiber_rotation": 52.675585284280935
    },
    "mechanical_parameters": {
        "interface_friction": 0.0,
        "GI": 0.0015,
        "GII,GIII": 0.3,
        "tI=tII=tIII": 1.3,
        "blade_friction": 0.6
    }
}
