{
    "geometrical_parameters": {
        "fiber_diameter": 0.02112709030100334,
        "blade_distance": 0.579933110367893,
        "elliptical_fiber_ratio": 1.020066889632107,
        "ratio_droplet_embedded_length": 1.36,
        "droplet_diameter": 0.162,
        "contact_angle": 25.7,
        "fiber_rotation": 45
    },
    "mechanical_parameters": {
        "interface_friction": 0.0,
        "GI": 0.0015,
        "GII,GIII": 0.34923076923076923,
        "blade_friction": 0.0,
        "tI=tII=tIII": 0.7909698996655519
    }
}
