{
    "geometrical_parameters": {
        "fiber_diameter": 0.02365551839464883,
        "blade_distance": 0.5899665551839465,
        "elliptical_fiber_ratio": 1.3812709030100334,
        "ratio_droplet_embedded_length": 1.36,
        "droplet_diameter": 0.162,
        "contact_angle": 25.7,
        "fiber_rotation": 0
    },
    "mechanical_parameters": {
        "interface_friction": 0.0,
        "GI": 0.0015,
        "GII,GIII": 0.21484949832775918,
        "blade_friction": 0.0,
        "tI=tII=tIII": 0.8110367892976589
    }
}
