{
    "geometrical_parameters": {
        "fiber_diameter": 0.02124749163879599,
        "blade_distance": 0.11505016722408028,
        "elliptical_fiber_ratio": 1.9983277591973243,
        "ratio_droplet_embedded_length": 1.36,
        "droplet_diameter": 0.162,
        "contact_angle": 25.7,
        "fiber_rotation": 0
    },
    "mechanical_parameters": {
        "interface_friction": 0.0,
        "GI": 0.0015,
        "GII,GIII": 0.0657190635451505,
        "blade_friction": 0.0,
        "tI=tII=tIII": 1.8193979933110367
    }
}
