{
    "geometrical_parameters": {
        "fiber_diameter": 0.021,
        "blade_distance": 0.042,
        "elliptical_fiber_ratio": 1.0,
        "ratio_droplet_embedded_length": 1.36,
        "droplet_diameter": 0.162,
        "contact_angle": 25.7,
        "fiber_rotation": 0
    },
    "mechanical_parameters": {
        "interface_friction": 0.09364548494983278,
        "GI": 0.004973244147157191,
        "GII,GIII": 0.121438127090301,
        "tI=tII=tIII": 0.8762541806020067,
        "blade_friction": 0.2301003344481605
    }
}
