{
    "geometrical_parameters": {
        "fiber_diameter": 0.016823647294589177,
        "elliptical_fiber_ratio": 1.0,
        "blade_distance": 0.1501002004008016,
        "ratio_droplet_embedded_length": 1.36,
        "droplet_diameter": 0.12126653306613228,
        "contact_angle": 25.7,
        "fiber_rotation": 0
    },
    "mechanical_parameters": {
        "interface_friction": 0.0,
        "GI": 0.0015,
        "GII,GIII": 0.2387975951903808,
        "blade_friction": 0.0,
        "tI=tII=tIII": 1.3957915831663326
    }
}
