{
    "geometrical_parameters": {
        "fiber_diameter": 0.021224448897795595,
        "blade_distance": 0.15947895791583167,
        "elliptical_fiber_ratio": 2.409819639278557,
        "ratio_droplet_embedded_length": 1.4363927855711422,
        "droplet_diameter": 0.1640120240480962,
        "contact_angle": 24.658116232464927,
        "fiber_rotation": 2.7054108216432864
    },
    "mechanical_parameters": {
        "interface_friction": 0.0,
        "tI": 1,
        "tII,tIII": 1.3,
        "GI": 0.01,
        "GII,GIII": 0.15,
        "blade_friction": 0.6
    }
}
