{
    "geometrical_parameters": {
        "fiber_diameter": 0.016715430861723446,
        "elliptical_fiber_ratio": 1.0,
        "blade_distance": 0.23326653306613226,
        "ratio_droplet_embedded_length": 1.36,
        "droplet_diameter": 0.15968336673346695,
        "contact_angle": 25.7,
        "fiber_rotation": 0
    },
    "mechanical_parameters": {
        "interface_friction": 0.0,
        "GI": 0.0015,
        "GII,GIII": 0.18282565130260522,
        "blade_friction": 0.0,
        "tI=tII=tIII": 1.4228456913827656
    }
}
