{
    "geometrical_parameters": {
        "fiber_diameter": 0.019923076923076922,
        "elliptical_fiber_ratio": 1.0,
        "blade_distance": 0.4712374581939799,
        "ratio_droplet_embedded_length": 1.36,
        "droplet_diameter": 0.20545819397993312,
        "contact_angle": 25.7,
        "fiber_rotation": 0
    },
    "mechanical_parameters": {
        "interface_friction": 0.0,
        "GI": 0.0015,
        "GII,GIII": 0.2377926421404682,
        "blade_friction": 0.0,
        "tI=tII=tIII": 1.4933110367892977
    }
}
