{
    "geometrical_parameters": {
        "fiber_diameter": 0.021,
        "blade_distance": 0.042,
        "elliptical_fiber_ratio": 1.0,
        "ratio_droplet_embedded_length": 1.36,
        "droplet_diameter": 0.162,
        "contact_angle": 25.7,
        "fiber_rotation": 0
    },
    "mechanical_parameters": {
        "interface_friction": 0.25418060200668896,
        "GI": 0.09569565217391304,
        "GII,GIII": 0.14929765886287627,
        "tI=tII=tIII": 0.8963210702341137,
        "blade_friction": 0.3264214046822742
    }
}
