{
    "geometrical_parameters": {
        "fiber_diameter": 0.0275685618729097,
        "elliptical_fiber_ratio": 1.0,
        "blade_distance": 0.14347826086956522,
        "ratio_droplet_embedded_length": 1.36,
        "droplet_diameter": 0.16708026755852845,
        "contact_angle": 25.7,
        "fiber_rotation": 0
    },
    "mechanical_parameters": {
        "interface_friction": 0.0,
        "GI": 0.0015,
        "GII,GIII": 0.17060200668896322,
        "blade_friction": 0.0,
        "tI=tII=tIII": 0.5852842809364548
    }
}
