{
    "geometrical_parameters": {
        "fiber_diameter": 0.026454545454545456,
        "blade_distance": 0.12618955143318994,
        "elliptical_fiber_ratio": 1.2424242424242424,
        "ratio_droplet_embedded_length": 1.4476767676767677,
        "droplet_diameter": 0.13481818181818184,
        "contact_angle": 30.680808080808077,
        "fiber_rotation": 74.54545454545455
    },
    "mechanical_parameters": {
        "interface_friction": 0.0,
        "GI": 0.0015,
        "GII,GIII": 0.3,
        "tI=tII=tIII": 1.3,
        "blade_friction": 0.6
    }
}
