{
    "geometrical_parameters": {
        "fiber_diameter": 0.01739464882943144,
        "blade_distance": 0.36086956521739133,
        "elliptical_fiber_ratio": 1.887959866220736,
        "ratio_droplet_embedded_length": 1.36,
        "droplet_diameter": 0.162,
        "contact_angle": 25.7,
        "fiber_rotation": 0
    },
    "mechanical_parameters": {
        "interface_friction": 0.0,
        "GI": 0.0015,
        "GII,GIII": 0.4344481605351171,
        "blade_friction": 0.0,
        "tI=tII=tIII": 0.8963210702341137
    }
}
