{
    "geometrical_parameters": {
        "fiber_diameter": 0.021,
        "blade_distance": 0.15,
        "elliptical_fiber_ratio": 1.0,
        "ratio_droplet_embedded_length": 1.36,
        "droplet_diameter": 0.162,
        "contact_angle": 25.7,
        "fiber_rotation": 0
    },
    "mechanical_parameters": {
        "interface_friction": 0.757190635451505,
        "tI": 0.45585284280936444,
        "tII,tIII": 1.653846153846154,
        "GI": 0.08576254180602008,
        "GII,GIII": 0.411505016722408,
        "blade_friction": 0.09632107023411372
    }
}
