{
    "geometrical_parameters": {
        "fiber_diameter": 0.014806020066889632,
        "elliptical_fiber_ratio": 1.0,
        "blade_distance": 0.13177257525083613,
        "ratio_droplet_embedded_length": 1.36,
        "droplet_diameter": 0.17746488294314383,
        "contact_angle": 25.7,
        "fiber_rotation": 0
    },
    "mechanical_parameters": {
        "interface_friction": 0.0,
        "GI": 0.0015,
        "GII,GIII": 0.0476923076923077,
        "blade_friction": 0.0,
        "tI=tII=tIII": 1.1571906354515051
    }
}
