{
    "geometrical_parameters": {
        "fiber_diameter": 0.02590909090909091,
        "blade_distance": 0.42828282828282827,
        "elliptical_fiber_ratio": 1.5151515151515151,
        "ratio_droplet_embedded_length": 1.399191919191919,
        "droplet_diameter": 0.1648181818181818,
        "contact_angle": 21.15151515151515,
        "fiber_rotation": 64.54545454545455
    },
    "mechanical_parameters": {
        "interface_friction": 0.0,
        "tI": 0.2,
        "tII,tIII": 1.3,
        "GI": 1,
        "GII,GIII": 0.15,
        "blade_friction": 0.6
    }
}
