{
    "geometrical_parameters": {
        "fiber_diameter": 0.021,
        "blade_distance": 0.15,
        "elliptical_fiber_ratio": 1.0,
        "ratio_droplet_embedded_length": 1.36,
        "droplet_diameter": 0.162,
        "contact_angle": 25.7,
        "fiber_rotation": 0
    },
    "mechanical_parameters": {
        "interface_friction": 0.4361204013377927,
        "tI": 1.0083612040133778,
        "tII,tIII": 1.5836120401337792,
        "GI": 0.03444147157190635,
        "GII,GIII": 0.35250836120401335,
        "blade_friction": 0.34247491638795985
    }
}
