{
    "geometrical_parameters": {
        "fiber_diameter": 0.024759519038076154,
        "elliptical_fiber_ratio": 1.0,
        "blade_distance": 0.4567134268537074,
        "ratio_droplet_embedded_length": 1.36,
        "droplet_diameter": 0.1439919839679359,
        "contact_angle": 25.7,
        "fiber_rotation": 0
    },
    "mechanical_parameters": {
        "interface_friction": 0.0,
        "GI": 0.0015,
        "GII,GIII": 0.30753507014028053,
        "blade_friction": 0.0,
        "tI=tII=tIII": 1.473947895791583
    }
}
