{
    "geometrical_parameters": {
        "fiber_diameter": 0.018357859531772575,
        "blade_distance": 0.7461538461538463,
        "elliptical_fiber_ratio": 2.137123745819398,
        "ratio_droplet_embedded_length": 1.3365886287625417,
        "droplet_diameter": 0.14450501672240804,
        "contact_angle": 14.96923076923077,
        "fiber_rotation": 35.51839464882943
    },
    "mechanical_parameters": {
        "interface_friction": 0.0,
        "GI": 0.0015,
        "GII,GIII": 0.3,
        "tI=tII=tIII": 1.3,
        "blade_friction": 0.6
    }
}
