{
    "geometrical_parameters": {
        "fiber_diameter": 0.028454545454545455,
        "blade_distance": 0.1730533841151915,
        "elliptical_fiber_ratio": 1.1616161616161615,
        "ratio_droplet_embedded_length": 1.2795959595959596,
        "droplet_diameter": 0.21254545454545454,
        "contact_angle": 29.961616161616156,
        "fiber_rotation": 3.6363636363636367
    },
    "mechanical_parameters": {
        "interface_friction": 0.0,
        "GI": 0.0015,
        "GII,GIII": 0.3,
        "tI=tII=tIII": 1.3,
        "blade_friction": 0.6
    }
}
