{
    "geometrical_parameters": {
        "fiber_diameter": 0.02663636363636364,
        "blade_distance": 0.31212121212121213,
        "elliptical_fiber_ratio": 1.5757575757575757,
        "ratio_droplet_embedded_length": 1.2763636363636364,
        "droplet_diameter": 0.20845454545454545,
        "contact_angle": 24.208080808080805,
        "fiber_rotation": 74.54545454545455
    },
    "mechanical_parameters": {
        "interface_friction": 0.0,
        "tI": 1.3,
        "tII,tIII": 1.3,
        "GI": 0.3,
        "GII,GIII": 0.3,
        "blade_friction": 0.6
    }
}
