{
    "geometrical_parameters": {
        "fiber_diameter": 0.021181818181818184,
        "blade_distance": 0.13267113071267972,
        "elliptical_fiber_ratio": 2.919191919191919,
        "ratio_droplet_embedded_length": 1.2569696969696968,
        "droplet_diameter": 0.14027272727272727,
        "contact_angle": 25.286868686868686,
        "fiber_rotation": 27.272727272727273
    },
    "mechanical_parameters": {
        "interface_friction": 0.0,
        "GI": 0.015,
        "GII,GIII": 0.3,
        "tI=tII=tIII": 1.3,
        "blade_friction": 0.6
    }
}
