{
    "geometrical_parameters": {
        "fiber_diameter": 0.021,
        "blade_distance": 0.15,
        "elliptical_fiber_ratio": 1.0,
        "ratio_droplet_embedded_length": 1.36,
        "droplet_diameter": 0.162,
        "contact_angle": 25.7,
        "fiber_rotation": 0
    },
    "mechanical_parameters": {
        "interface_friction": 0.2140468227424749,
        "GI": 0.06258528428093646,
        "GII,GIII": 0.4901672240802675,
        "tI=tII=tIII": 1.0016722408026757,
        "blade_friction": 0.30769230769230765
    }
}
