{
    "geometrical_parameters": {
        "fiber_diameter": 0.021,
        "blade_distance": 0.042,
        "elliptical_fiber_ratio": 1.0,
        "ratio_droplet_embedded_length": 1.36,
        "droplet_diameter": 0.162,
        "contact_angle": 25.7,
        "fiber_rotation": 0
    },
    "mechanical_parameters": {
        "interface_friction": 0.2889632107023411,
        "GI": 0.03874581939799331,
        "GII,GIII": 0.30662207357859533,
        "tI=tII=tIII": 0.9364548494983277,
        "blade_friction": 0.7625418060200669
    }
}
