{
    "geometrical_parameters": {
        "fiber_diameter": 0.021,
        "blade_distance": 0.15,
        "elliptical_fiber_ratio": 1.0,
        "ratio_droplet_embedded_length": 1.36,
        "droplet_diameter": 0.162,
        "contact_angle": 25.7,
        "fiber_rotation": 0
    },
    "mechanical_parameters": {
        "interface_friction": 0.6688963210702341,
        "tI": 0.1374581939799331,
        "tII,tIII": 1.4431438127090301,
        "GI": 0.09536454849498328,
        "GII,GIII": 0.4475585284280936,
        "blade_friction": 0.5190635451505018
    }
}
