{
    "geometrical_parameters": {
        "fiber_diameter": 0.026244147157190638,
        "blade_distance": 0.26220735785953175,
        "elliptical_fiber_ratio": 1.5167224080267558,
        "ratio_droplet_embedded_length": 1.36,
        "droplet_diameter": 0.162,
        "contact_angle": 25.7,
        "fiber_rotation": 45
    },
    "mechanical_parameters": {
        "interface_friction": 0.0,
        "GI": 0.0015,
        "GII,GIII": 0.16568561872909698,
        "blade_friction": 0.0,
        "tI=tII=tIII": 1.5836120401337792
    }
}
