{
    "geometrical_parameters": {
        "fiber_diameter": 0.013468937875751503,
        "elliptical_fiber_ratio": 1.0,
        "blade_distance": 0.5789579158316633,
        "ratio_droplet_embedded_length": 1.36,
        "droplet_diameter": 0.174563126252505,
        "contact_angle": 25.7,
        "fiber_rotation": 0
    },
    "mechanical_parameters": {
        "interface_friction": 0.0,
        "GI": 0.0015,
        "GII,GIII": 0.4086773547094188,
        "blade_friction": 0.0,
        "tI=tII=tIII": 0.6893787575150301
    }
}
