{
    "geometrical_parameters": {
        "fiber_diameter": 0.020286573146292584,
        "blade_distance": 0.16112224448897797,
        "elliptical_fiber_ratio": 2.118236472945892,
        "ratio_droplet_embedded_length": 1.2844088176352706,
        "droplet_diameter": 0.2072985971943888,
        "contact_angle": 25.014829659318636,
        "fiber_rotation": 44.549098196392784
    },
    "mechanical_parameters": {
        "interface_friction": 0.0,
        "tI": 1,
        "tII,tIII": 1.3,
        "GI": 0.015,
        "GII,GIII": 0.1,
        "blade_friction": 0.6
    }
}
