{
    "geometrical_parameters": {
        "fiber_diameter": 0.021,
        "blade_distance": 0.15,
        "elliptical_fiber_ratio": 1.0,
        "ratio_droplet_embedded_length": 1.36,
        "droplet_diameter": 0.162,
        "contact_angle": 25.7,
        "fiber_rotation": 0
    },
    "mechanical_parameters": {
        "interface_friction": 0.5725752508361205,
        "GI": 0.0427190635451505,
        "GII,GIII": 0.19354515050167223,
        "tI=tII=tIII": 1.9648829431438126,
        "blade_friction": 0.6394648829431439
    }
}
