{
    "geometrical_parameters": {
        "fiber_diameter": 0.013782608695652173,
        "blade_distance": 0.5632107023411371,
        "elliptical_fiber_ratio": 2.419732441471572,
        "ratio_droplet_embedded_length": 1.2081605351170568,
        "droplet_diameter": 0.21810033444816054,
        "contact_angle": 18.957859531772574,
        "fiber_rotation": 34.013377926421406
    },
    "mechanical_parameters": {
        "interface_friction": 0.0,
        "GI": 0.0015,
        "GII,GIII": 0.3,
        "tI=tII=tIII": 1.3,
        "blade_friction": 0.6
    }
}
