{
    "geometrical_parameters": {
        "fiber_diameter": 0.021621242484969938,
        "blade_distance": 0.354749498997996,
        "elliptical_fiber_ratio": 1.9498997995991982,
        "ratio_droplet_embedded_length": 1.3838076152304608,
        "droplet_diameter": 0.2262364729458918,
        "contact_angle": 14.06372745490982,
        "fiber_rotation": 46.53306613226453
    },
    "mechanical_parameters": {
        "interface_friction": 0.0,
        "tI": 1,
        "tII,tIII": 1.3,
        "GI": 0.01,
        "GII,GIII": 0.15,
        "blade_friction": 0.6
    }
}
