{
    "geometrical_parameters": {
        "fiber_diameter": 0.02580561122244489,
        "blade_distance": 0.4627254509018036,
        "elliptical_fiber_ratio": 1.9018036072144286,
        "ratio_droplet_embedded_length": 1.1785971943887774,
        "droplet_diameter": 0.1970180360721443,
        "contact_angle": 22.232464929859717,
        "fiber_rotation": 18.75751503006012
    },
    "mechanical_parameters": {
        "interface_friction": 0.0,
        "tI": 1,
        "tII,tIII": 1.3,
        "GI": 0.015,
        "GII,GIII": 0.1,
        "blade_friction": 0.6
    }
}
