{
    "geometrical_parameters": {
        "fiber_diameter": 0.02746492985971944,
        "blade_distance": 0.288376753507014,
        "elliptical_fiber_ratio": 1.1743486973947896,
        "ratio_droplet_embedded_length": 1.4177955911823648,
        "droplet_diameter": 0.17321042084168337,
        "contact_angle": 28.18957915831663,
        "fiber_rotation": 72.50501002004007
    },
    "mechanical_parameters": {
        "interface_friction": 0.0,
        "tI": 1,
        "tII,tIII": 1.3,
        "GI": 0.015,
        "GII,GIII": 0.1,
        "blade_friction": 0.6
    }
}
