{
    "geometrical_parameters": {
        "fiber_diameter": 0.013240802675585283,
        "blade_distance": 0.5548494983277592,
        "elliptical_fiber_ratio": 2.4498327759197327,
        "ratio_droplet_embedded_length": 1.3708361204013377,
        "droplet_diameter": 0.11696321070234114,
        "contact_angle": 19.67224080267558,
        "fiber_rotation": 24.38127090301003
    },
    "mechanical_parameters": {
        "interface_friction": 0.0,
        "tI": 1,
        "tII,tIII": 1.3,
        "GI": 0.01,
        "GII,GIII": 0.15,
        "blade_friction": 0.8
    }
}
