{
    "geometrical_parameters": {
        "fiber_diameter": 0.025363636363636366,
        "blade_distance": 0.26161616161616164,
        "elliptical_fiber_ratio": 1.0454545454545454,
        "ratio_droplet_embedded_length": 1.3054545454545454,
        "droplet_diameter": 0.10618181818181818,
        "contact_angle": 28.882828282828278,
        "fiber_rotation": 41.81818181818182
    },
    "mechanical_parameters": {
        "interface_friction": 0.0,
        "tI": 0.2,
        "tII,tIII": 1.3,
        "GI": 0.1,
        "GII,GIII": 0.15,
        "blade_friction": 0.6
    }
}
