{
    "geometrical_parameters": {
        "fiber_diameter": 0.026484949832775922,
        "blade_distance": 0.4461538461538461,
        "elliptical_fiber_ratio": 1.8377926421404682,
        "ratio_droplet_embedded_length": 1.36,
        "droplet_diameter": 0.162,
        "contact_angle": 25.7,
        "fiber_rotation": 45
    },
    "mechanical_parameters": {
        "interface_friction": 0.0,
        "GI": 0.0015,
        "GII,GIII": 0.21976588628762542,
        "blade_friction": 0.0,
        "tI=tII=tIII": 0.725752508361204
    }
}
