{
    "geometrical_parameters": {
        "fiber_diameter": 0.013903010033444815,
        "blade_distance": 0.5749163879598662,
        "elliptical_fiber_ratio": 1.9531772575250836,
        "ratio_droplet_embedded_length": 1.4618060200668896,
        "droplet_diameter": 0.11109364548494984,
        "contact_angle": 14.43344481605351,
        "fiber_rotation": 42.14046822742474
    },
    "mechanical_parameters": {
        "interface_friction": 0.0,
        "tI": 1,
        "tII,tIII": 1.3,
        "GI": 0.01,
        "GII,GIII": 0.15,
        "blade_friction": 0.8
    }
}
