{
    "geometrical_parameters": {
        "fiber_diameter": 0.019312625250501002,
        "blade_distance": 0.5141082164328658,
        "elliptical_fiber_ratio": 1.6312625250501003,
        "ratio_droplet_embedded_length": 1.256192384769539,
        "droplet_diameter": 0.15778957915831665,
        "contact_angle": 21.87575150300601,
        "fiber_rotation": 38.416833667334664
    },
    "mechanical_parameters": {
        "interface_friction": 0.0,
        "tI": 1,
        "tII,tIII": 1.3,
        "GI": 0.01,
        "GII,GIII": 0.15,
        "blade_friction": 0.6
    }
}
