{
    "geometrical_parameters": {
        "fiber_diameter": 0.015468227424749164,
        "blade_distance": 0.16521739130434782,
        "elliptical_fiber_ratio": 2.4949832775919734,
        "ratio_droplet_embedded_length": 1.36,
        "droplet_diameter": 0.162,
        "contact_angle": 25.7,
        "fiber_rotation": 45
    },
    "mechanical_parameters": {
        "interface_friction": 0.0,
        "GI": 0.0015,
        "GII,GIII": 0.0722742474916388,
        "blade_friction": 0.0,
        "tI=tII=tIII": 1.8394648829431437
    }
}
