{
    "geometrical_parameters": {
        "fiber_diameter": 0.017876254180602007,
        "blade_distance": 0.354180602006689,
        "elliptical_fiber_ratio": 1.9581939799331103,
        "ratio_droplet_embedded_length": 1.451103678929766,
        "droplet_diameter": 0.10748160535117057,
        "contact_angle": 19.850836120401336,
        "fiber_rotation": 21.070234113712374
    },
    "mechanical_parameters": {
        "interface_friction": 0.0,
        "GI": 0.0015,
        "GII,GIII": 0.3,
        "tI=tII=tIII": 1.3,
        "blade_friction": 0.6
    }
}
