{
    "geometrical_parameters": {
        "fiber_diameter": 0.021,
        "blade_distance": 0.15,
        "elliptical_fiber_ratio": 1.0,
        "ratio_droplet_embedded_length": 1.36,
        "droplet_diameter": 0.162,
        "contact_angle": 25.7,
        "fiber_rotation": 0
    },
    "mechanical_parameters": {
        "interface_friction": 0.053511705685618735,
        "tI": 1.3361204013377928,
        "tII,tIII": 1.0618729096989967,
        "GI": 0.0023244147157190633,
        "GII,GIII": 0.4262541806020067,
        "blade_friction": 0.5431438127090302
    }
}
