{
    "geometrical_parameters": {
        "fiber_diameter": 0.021,
        "blade_distance": 0.15,
        "elliptical_fiber_ratio": 1.0,
        "ratio_droplet_embedded_length": 1.36,
        "droplet_diameter": 0.162,
        "contact_angle": 25.7,
        "fiber_rotation": 0
    },
    "mechanical_parameters": {
        "interface_friction": 0.3986622073578595,
        "GI": 0.07318060200668897,
        "GII,GIII": 0.4377257525083612,
        "tI=tII=tIII": 0.6755852842809364,
        "blade_friction": 0.09096989966555184
    }
}
