{
    "geometrical_parameters": {
        "fiber_diameter": 0.024636363636363637,
        "blade_distance": 0.05739505598552784,
        "elliptical_fiber_ratio": 2.4141414141414144,
        "ratio_droplet_embedded_length": 1.3377777777777777,
        "droplet_diameter": 0.18254545454545457,
        "contact_angle": 14.139393939393939,
        "fiber_rotation": 31.818181818181817
    },
    "mechanical_parameters": {
        "interface_friction": 0.0,
        "GI": 0.015,
        "GII,GIII": 0.3,
        "tI=tII=tIII": 1.3,
        "blade_friction": 0.6
    }
}
