{
    "geometrical_parameters": {
        "fiber_diameter": 0.021,
        "blade_distance": 0.15,
        "elliptical_fiber_ratio": 1.0,
        "ratio_droplet_embedded_length": 1.36,
        "droplet_diameter": 0.162,
        "contact_angle": 25.7,
        "fiber_rotation": 0
    },
    "mechanical_parameters": {
        "interface_friction": 0.6903010033444816,
        "tI": 0.30133779264214045,
        "tII,tIII": 0.8762541806020067,
        "GI": 0.00894648829431438,
        "GII,GIII": 0.05916387959866221,
        "blade_friction": 0.5270903010033445
    }
}
