{
    "geometrical_parameters": {
        "fiber_diameter": 0.02255911823647295,
        "blade_distance": 0.2077354709418838,
        "elliptical_fiber_ratio": 1.3336673346693386,
        "ratio_droplet_embedded_length": 1.3389178356713427,
        "droplet_diameter": 0.16509418837675352,
        "contact_angle": 14.527454909819639,
        "fiber_rotation": 66.37274549098196
    },
    "mechanical_parameters": {
        "interface_friction": 0.0,
        "tI": 1,
        "tII,tIII": 1.3,
        "GI": 0.01,
        "GII,GIII": 0.15,
        "blade_friction": 0.6
    }
}
