{
    "geometrical_parameters": {
        "fiber_diameter": 0.014565217391304347,
        "blade_distance": 0.23043478260869563,
        "elliptical_fiber_ratio": 1.8227424749163879,
        "ratio_droplet_embedded_length": 1.4575250836120401,
        "droplet_diameter": 0.20952173913043481,
        "contact_angle": 20.684280936454847,
        "fiber_rotation": 44.54849498327759
    },
    "mechanical_parameters": {
        "interface_friction": 0.0,
        "tI": 1,
        "tII,tIII": 1.3,
        "GI": 0.01,
        "GII,GIII": 0.15,
        "blade_friction": 0.8
    }
}
