{
    "geometrical_parameters": {
        "fiber_diameter": 0.021954773869346734,
        "blade_distance": 0.3899497487437186,
        "elliptical_fiber_ratio": 2.5376884422110555,
        "ratio_droplet_embedded_length": 1.17286432160804,
        "droplet_diameter": 0.1814422110552764,
        "contact_angle": 16.64120603015075,
        "fiber_rotation": 75.97989949748744
    },
    "mechanical_parameters": {
        "interface_friction": 0.0,
        "GI": 0.0015,
        "GII,GIII": 0.3,
        "tI=tII=tIII": 1.3,
        "blade_friction": 0.6
    }
}
