{
    "geometrical_parameters": {
        "fiber_diameter": 0.03060320641282565,
        "elliptical_fiber_ratio": 1.0,
        "blade_distance": 0.444689378757515,
        "ratio_droplet_embedded_length": 1.36,
        "droplet_diameter": 0.17970340681362726,
        "contact_angle": 25.7,
        "fiber_rotation": 0
    },
    "mechanical_parameters": {
        "interface_friction": 0.0,
        "GI": 0.0015,
        "GII,GIII": 0.08364729458917834,
        "blade_friction": 0.0,
        "tI=tII=tIII": 1.1402805611222444
    }
}
