{
    "geometrical_parameters": {
        "fiber_diameter": 0.02582274247491639,
        "blade_distance": 0.48461538461538467,
        "elliptical_fiber_ratio": 1.2608695652173914,
        "ratio_droplet_embedded_length": 1.192107023411371,
        "droplet_diameter": 0.1697892976588629,
        "contact_angle": 28.125752508361202,
        "fiber_rotation": 16.555183946488295
    },
    "mechanical_parameters": {
        "interface_friction": 0.0,
        "tI": 1,
        "tII,tIII": 1.3,
        "GI": 0.01,
        "GII,GIII": 0.15,
        "blade_friction": 0.8
    }
}
