{
    "geometrical_parameters": {
        "fiber_diameter": 0.028411371237458197,
        "blade_distance": 0.7531772575250837,
        "elliptical_fiber_ratio": 1.6421404682274248,
        "ratio_droplet_embedded_length": 1.4211371237458192,
        "droplet_diameter": 0.15172909698996656,
        "contact_angle": 26.816053511705682,
        "fiber_rotation": 61.40468227424749
    },
    "mechanical_parameters": {
        "interface_friction": 0.0,
        "GI": 0.0015,
        "GII,GIII": 0.3,
        "tI=tII=tIII": 1.3,
        "blade_friction": 0.6
    }
}
