{
    "geometrical_parameters": {
        "fiber_diameter": 0.02317391304347826,
        "blade_distance": 0.11872909698996656,
        "elliptical_fiber_ratio": 1.568561872909699,
        "ratio_droplet_embedded_length": 1.16,
        "droplet_diameter": 0.233,
        "contact_angle": 31.280936454849495,
        "fiber_rotation": 13.846153846153847
    },
    "mechanical_parameters": {
        "interface_friction": 0.0,
        "GI": 0.0015,
        "GII,GIII": 0.3,
        "tI=tII=tIII": 1.3,
        "blade_friction": 0.6
    }
}
