{
    "geometrical_parameters": {
        "fiber_diameter": 0.014264214046822743,
        "blade_distance": 0.5003344481605352,
        "elliptical_fiber_ratio": 2.0903010033444813,
        "ratio_droplet_embedded_length": 1.4478929765886288,
        "droplet_diameter": 0.23119397993311036,
        "contact_angle": 27.292307692307688,
        "fiber_rotation": 65.91973244147157
    },
    "mechanical_parameters": {
        "interface_friction": 0.0,
        "GI": 0.0015,
        "GII,GIII": 0.3,
        "tI=tII=tIII": 1.3,
        "blade_friction": 0.6
    }
}
