{
    "geometrical_parameters": {
        "fiber_diameter": 0.021,
        "blade_distance": 0.042,
        "elliptical_fiber_ratio": 1.0,
        "ratio_droplet_embedded_length": 1.36,
        "droplet_diameter": 0.162,
        "contact_angle": 25.7,
        "fiber_rotation": 0
    },
    "mechanical_parameters": {
        "interface_friction": 0.037458193979933115,
        "GI": 0.07251839464882943,
        "GII,GIII": 0.01983277591973244,
        "tI=tII=tIII": 0.9816053511705685,
        "blade_friction": 0.6528428093645485
    }
}
