{
    "geometrical_parameters": {
        "fiber_diameter": 0.021,
        "blade_distance": 0.042,
        "elliptical_fiber_ratio": 1.0,
        "ratio_droplet_embedded_length": 1.36,
        "droplet_diameter": 0.162,
        "contact_angle": 25.7,
        "fiber_rotation": 0
    },
    "mechanical_parameters": {
        "interface_friction": 0.4280936454849498,
        "GI": 0.07781605351170569,
        "GII,GIII": 0.4573913043478261,
        "tI=tII=tIII": 1.899665551839465,
        "blade_friction": 0.5725752508361205
    }
}
