{
    "geometrical_parameters": {
        "fiber_diameter": 0.013180602006688963,
        "blade_distance": 0.16521739130434782,
        "elliptical_fiber_ratio": 1.612040133779264,
        "ratio_droplet_embedded_length": 1.36,
        "droplet_diameter": 0.162,
        "contact_angle": 25.7,
        "fiber_rotation": 45
    },
    "mechanical_parameters": {
        "interface_friction": 0.0,
        "GI": 0.0015,
        "GII,GIII": 0.18535117056856187,
        "blade_friction": 0.0,
        "tI=tII=tIII": 1.8193979933110367
    }
}
