{
    "geometrical_parameters": {
        "fiber_diameter": 0.020163879598662206,
        "blade_distance": 0.5882943143812709,
        "elliptical_fiber_ratio": 2.439799331103679,
        "ratio_droplet_embedded_length": 1.36,
        "droplet_diameter": 0.162,
        "contact_angle": 25.7,
        "fiber_rotation": 0
    },
    "mechanical_parameters": {
        "interface_friction": 0.0,
        "GI": 0.0015,
        "GII,GIII": 0.3754515050167224,
        "blade_friction": 0.0,
        "tI=tII=tIII": 1.7692307692307694
    }
}
