{
    "geometrical_parameters": {
        "fiber_diameter": 0.030337792642140468,
        "blade_distance": 0.4896321070234114,
        "elliptical_fiber_ratio": 1.8578595317725752,
        "ratio_droplet_embedded_length": 1.4692976588628763,
        "droplet_diameter": 0.21448829431438127,
        "contact_angle": 24.6133779264214,
        "fiber_rotation": 65.91973244147157
    },
    "mechanical_parameters": {
        "interface_friction": 0.0,
        "GI": 0.0015,
        "GII,GIII": 0.3,
        "tI=tII=tIII": 1.3,
        "blade_friction": 0.6
    }
}
