{
    "geometrical_parameters": {
        "fiber_diameter": 0.021,
        "blade_distance": 0.15,
        "elliptical_fiber_ratio": 1.0,
        "ratio_droplet_embedded_length": 1.36,
        "droplet_diameter": 0.162,
        "contact_angle": 25.7,
        "fiber_rotation": 0
    },
    "mechanical_parameters": {
        "interface_friction": 0.4173913043478261,
        "tI": 1.1722408026755853,
        "tII,tIII": 1.4983277591973243,
        "GI": 0.07384280936454851,
        "GII,GIII": 0.41642140468227423,
        "blade_friction": 0.5297658862876254
    }
}
