{
    "geometrical_parameters": {
        "fiber_diameter": 0.019545454545454546,
        "blade_distance_ratio_to_fiber_diameter": 2.5757575757575757,
        "elliptical_fiber_ratio": 1.7272727272727273,
        "ratio_droplet_embedded_length": 1.26020202020202,
        "droplet_diameter": 0.19890909090909092,
        "contact_angle": 20.79191919191919,
        "fiber_rotation": 87.27272727272727
    },
    "mechanical_parameters": {
        "interface_friction": 0.0,
        "GI": 0.015,
        "GII,GIII": 0.3,
        "tI=tII=tIII": 1.3,
        "blade_friction": 0.6
    }
}
