{
    "geometrical_parameters": {
        "fiber_diameter": 0.015363636363636364,
        "blade_distance": 0.042672883407800836,
        "elliptical_fiber_ratio": 2.4545454545454546,
        "ratio_droplet_embedded_length": 1.1923232323232322,
        "droplet_diameter": 0.10345454545454547,
        "contact_angle": 31.04040404040404,
        "fiber_rotation": 40.90909090909091
    },
    "mechanical_parameters": {
        "interface_friction": 0.0,
        "GI": 0.015,
        "GII,GIII": 0.3,
        "tI=tII=tIII": 1.3,
        "blade_friction": 0.6
    }
}
