{
    "geometrical_parameters": {
        "fiber_diameter": 0.024125628140703518,
        "blade_distance": 0.6552763819095478,
        "elliptical_fiber_ratio": 1.7135678391959799,
        "ratio_droplet_embedded_length": 1.4574874371859297,
        "droplet_diameter": 0.21400502512562813,
        "contact_angle": 19.861306532663313,
        "fiber_rotation": 42.51256281407035
    },
    "mechanical_parameters": {
        "interface_friction": 0.0,
        "GI": 0.0015,
        "GII,GIII": 0.3,
        "tI=tII=tIII": 1.3,
        "blade_friction": 0.6
    }
}
