{
    "geometrical_parameters": {
        "fiber_diameter": 0.024454545454545455,
        "blade_distance": 0.03595522745359455,
        "elliptical_fiber_ratio": 1.0606060606060606,
        "ratio_droplet_embedded_length": 1.4606060606060605,
        "droplet_diameter": 0.19890909090909092,
        "contact_angle": 22.76969696969697,
        "fiber_rotation": 30.909090909090907
    },
    "mechanical_parameters": {
        "interface_friction": 0.0,
        "GI": 0.015,
        "GII,GIII": 0.3,
        "tI=tII=tIII": 1.3,
        "blade_friction": 0.6
    }
}
