{
    "geometrical_parameters": {
        "fiber_diameter": 0.017545454545454545,
        "blade_distance_ratio_to_fiber_diameter": 5.0,
        "elliptical_fiber_ratio": 2.4343434343434343,
        "ratio_droplet_embedded_length": 1.4088888888888889,
        "droplet_diameter": 0.13618181818181818,
        "contact_angle": 22.589898989898987,
        "fiber_rotation": 41.81818181818182
    },
    "mechanical_parameters": {
        "interface_friction": 0.0,
        "GI": 0.015,
        "GII,GIII": 0.3,
        "tI=tII=tIII": 1.3,
        "blade_friction": 0.6
    }
}
