{
    "geometrical_parameters": {
        "fiber_diameter": 0.023363636363636364,
        "blade_distance": 0.5141414141414141,
        "elliptical_fiber_ratio": 2.2121212121212124,
        "ratio_droplet_embedded_length": 1.2472727272727273,
        "droplet_diameter": 0.22209090909090912,
        "contact_angle": 15.757575757575758,
        "fiber_rotation": 44.54545454545455
    },
    "mechanical_parameters": {
        "interface_friction": 0.0,
        "tI": 1.3,
        "tII,tIII": 1.3,
        "GI": 0.3,
        "GII,GIII": 0.3,
        "blade_friction": 0.6
    }
}
