{
    "geometrical_parameters": {
        "fiber_diameter": 0.026846153846153846,
        "blade_distance": 0.5729096989966556,
        "elliptical_fiber_ratio": 1.8428093645484949,
        "ratio_droplet_embedded_length": 1.3055518394648828,
        "droplet_diameter": 0.21855183946488294,
        "contact_angle": 17.588628762541806,
        "fiber_rotation": 51.47157190635452
    },
    "mechanical_parameters": {
        "interface_friction": 0.0,
        "GI": 0.0015,
        "GII,GIII": 0.3,
        "tI=tII=tIII": 1.3,
        "blade_friction": 0.6
    }
}
