{
    "geometrical_parameters": {
        "fiber_diameter": 0.026605351170568566,
        "blade_distance": 0.37090301003344484,
        "elliptical_fiber_ratio": 2.3946488294314383,
        "ratio_droplet_embedded_length": 1.2638127090301003,
        "droplet_diameter": 0.098,
        "contact_angle": 21.696321070234113,
        "fiber_rotation": 25.284280936454845
    },
    "mechanical_parameters": {
        "interface_friction": 0.0,
        "tI": 1,
        "tII,tIII": 1.3,
        "GI": 0.01,
        "GII,GIII": 0.15,
        "blade_friction": 0.8
    }
}
