{
    "geometrical_parameters": {
        "fiber_diameter": 0.013757515030060119,
        "blade_distance": 0.2122244488977956,
        "elliptical_fiber_ratio": 2.0130260521042085,
        "ratio_droplet_embedded_length": 1.25875751503006,
        "droplet_diameter": 0.19755911823647296,
        "contact_angle": 30.18717434869739,
        "fiber_rotation": 19.118236472945892
    },
    "mechanical_parameters": {
        "interface_friction": 0.0,
        "tI": 1,
        "tII,tIII": 1.3,
        "GI": 0.015,
        "GII,GIII": 0.1,
        "blade_friction": 0.6
    }
}
