{
    "geometrical_parameters": {
        "fiber_diameter": 0.020214428857715433,
        "blade_distance": 0.505811623246493,
        "elliptical_fiber_ratio": 1.3847695390781563,
        "ratio_droplet_embedded_length": 1.1619238476953908,
        "droplet_diameter": 0.1404749498997996,
        "contact_angle": 19.699799599198393,
        "fiber_rotation": 45.811623246492985
    },
    "mechanical_parameters": {
        "interface_friction": 0.0,
        "tI": 1,
        "tII,tIII": 1.3,
        "GI": 0.015,
        "GII,GIII": 0.1,
        "blade_friction": 0.6
    }
}
