{
    "geometrical_parameters": {
        "fiber_diameter": 0.027086956521739133,
        "blade_distance": 0.4581939799331104,
        "elliptical_fiber_ratio": 1.080267558528428,
        "ratio_droplet_embedded_length": 1.4725083612040133,
        "droplet_diameter": 0.16346822742474917,
        "contact_angle": 14.909698996655518,
        "fiber_rotation": 89.09698996655518
    },
    "mechanical_parameters": {
        "interface_friction": 0.0,
        "GI": 0.0015,
        "GII,GIII": 0.3,
        "tI=tII=tIII": 1.3,
        "blade_friction": 0.6
    }
}
