{
    "geometrical_parameters": {
        "fiber_diameter": 0.021,
        "blade_distance": 0.042,
        "elliptical_fiber_ratio": 1.0,
        "ratio_droplet_embedded_length": 1.36,
        "droplet_diameter": 0.162,
        "contact_angle": 25.7,
        "fiber_rotation": 0
    },
    "mechanical_parameters": {
        "interface_friction": 0.13913043478260873,
        "GI": 0.02219063545150502,
        "GII,GIII": 0.3967558528428094,
        "tI=tII=tIII": 1.653846153846154,
        "blade_friction": 0.13377926421404684
    }
}
