{
    "geometrical_parameters": {
        "fiber_diameter": 0.026846153846153846,
        "blade_distance": 0.48461538461538467,
        "elliptical_fiber_ratio": 2.399665551839465,
        "ratio_droplet_embedded_length": 1.36,
        "droplet_diameter": 0.162,
        "contact_angle": 25.7,
        "fiber_rotation": 45
    },
    "mechanical_parameters": {
        "interface_friction": 0.0,
        "GI": 0.0015,
        "GII,GIII": 0.2525418060200668,
        "blade_friction": 0.0,
        "tI=tII=tIII": 1.1822742474916388
    }
}
