{
    "geometrical_parameters": {
        "fiber_diameter": 0.029013377926421405,
        "blade_distance": 0.2588628762541806,
        "elliptical_fiber_ratio": 1.8779264214046822,
        "ratio_droplet_embedded_length": 1.36,
        "droplet_diameter": 0.162,
        "contact_angle": 25.7,
        "fiber_rotation": 45
    },
    "mechanical_parameters": {
        "interface_friction": 0.0,
        "GI": 0.0015,
        "GII,GIII": 0.35578595317725753,
        "blade_friction": 0.0,
        "tI=tII=tIII": 1.608695652173913
    }
}
