{
    "geometrical_parameters": {
        "fiber_diameter": 0.021,
        "blade_distance": 0.15,
        "elliptical_fiber_ratio": 1.0,
        "ratio_droplet_embedded_length": 1.36,
        "droplet_diameter": 0.162,
        "contact_angle": 25.7,
        "fiber_rotation": 0
    },
    "mechanical_parameters": {
        "interface_friction": 0.5404682274247492,
        "tI": 1.4063545150501673,
        "tII,tIII": 0.8311036789297659,
        "GI": 0.04768561872909699,
        "GII,GIII": 0.17551839464882946,
        "blade_friction": 0.6581939799331105
    }
}
