{
    "geometrical_parameters": {
        "fiber_diameter": 0.02483166332665331,
        "blade_distance": 0.13507014028056114,
        "elliptical_fiber_ratio": 2.364729458917836,
        "ratio_droplet_embedded_length": 1.2408016032064129,
        "droplet_diameter": 0.19106613226452906,
        "contact_angle": 26.049298597194387,
        "fiber_rotation": 74.30861723446894
    },
    "mechanical_parameters": {
        "interface_friction": 0.0,
        "tI": 1,
        "tII,tIII": 1.3,
        "GI": 0.015,
        "GII,GIII": 0.1,
        "blade_friction": 0.6
    }
}
