{
    "geometrical_parameters": {
        "fiber_diameter": 0.01508040201005025,
        "blade_distance": 0.7517587939698493,
        "elliptical_fiber_ratio": 2.2361809045226133,
        "ratio_droplet_embedded_length": 1.2452261306532662,
        "droplet_diameter": 0.19026130653266332,
        "contact_angle": 31.4,
        "fiber_rotation": 47.93969849246231
    },
    "mechanical_parameters": {
        "interface_friction": 0.0,
        "GI": 0.0015,
        "GII,GIII": 0.3,
        "tI=tII=tIII": 1.3,
        "blade_friction": 0.6
    }
}
