{
    "geometrical_parameters": {
        "fiber_diameter": 0.025985971943887777,
        "blade_distance": 0.09221433372929394,
        "elliptical_fiber_ratio": 1.7575150300601203,
        "ratio_droplet_embedded_length": 1.4665330661322644,
        "droplet_diameter": 0.16834068136272545,
        "contact_angle": 28.367935871743484,
        "fiber_rotation": 38.236472945891784
    },
    "mechanical_parameters": {
        "interface_friction": 0.02565130260521042,
        "GI": 0.05615430861723448,
        "GII,GIII": 0.32148296593186376,
        "tI=tII=tIII": 0.8877755511022044,
        "blade_friction": 0.2372745490981964
    }
}
