{
    "geometrical_parameters": {
        "fiber_diameter": 0.016792642140468227,
        "elliptical_fiber_ratio": 1.0,
        "blade_distance": 0.14849498327759197,
        "ratio_droplet_embedded_length": 1.36,
        "droplet_diameter": 0.23119397993311036,
        "contact_angle": 25.7,
        "fiber_rotation": 0
    },
    "mechanical_parameters": {
        "interface_friction": 0.0,
        "GI": 0.0015,
        "GII,GIII": 0.2902341137123746,
        "blade_friction": 0.0,
        "tI=tII=tIII": 1.9147157190635453
    }
}
