{
    "geometrical_parameters": {
        "fiber_diameter": 0.026022044088176353,
        "blade_distance": 0.3755511022044088,
        "elliptical_fiber_ratio": 1.4599198396793587,
        "ratio_droplet_embedded_length": 1.3696993987975952,
        "droplet_diameter": 0.15021442885771544,
        "contact_angle": 26.33466933867735,
        "fiber_rotation": 17.85571142284569
    },
    "mechanical_parameters": {
        "interface_friction": 0.0,
        "tI": 1,
        "tII,tIII": 1.3,
        "GI": 0.015,
        "GII,GIII": 0.1,
        "blade_friction": 0.6
    }
}
