{
    "geometrical_parameters": {
        "fiber_diameter": 0.014866220735785952,
        "blade_distance": 0.44280936454849495,
        "elliptical_fiber_ratio": 2.3244147157190636,
        "ratio_droplet_embedded_length": 1.36,
        "droplet_diameter": 0.162,
        "contact_angle": 25.7,
        "fiber_rotation": 45
    },
    "mechanical_parameters": {
        "interface_friction": 0.0,
        "GI": 0.0015,
        "GII,GIII": 0.2214046822742475,
        "blade_friction": 0.0,
        "tI=tII=tIII": 0.9966555183946488
    }
}
