{
    "geometrical_parameters": {
        "fiber_diameter": 0.02863636363636364,
        "blade_distance": 0.04180008613752568,
        "elliptical_fiber_ratio": 2.6161616161616164,
        "ratio_droplet_embedded_length": 1.383030303030303,
        "droplet_diameter": 0.1511818181818182,
        "contact_angle": 25.107070707070704,
        "fiber_rotation": 83.63636363636364
    },
    "mechanical_parameters": {
        "interface_friction": 0.0,
        "GI": 0.015,
        "GII,GIII": 0.3,
        "tI=tII=tIII": 1.3,
        "blade_friction": 0.6
    }
}
