{
    "geometrical_parameters": {
        "fiber_diameter": 0.021,
        "blade_distance": 0.042,
        "elliptical_fiber_ratio": 1.0,
        "ratio_droplet_embedded_length": 1.36,
        "droplet_diameter": 0.162,
        "contact_angle": 25.7,
        "fiber_rotation": 0
    },
    "mechanical_parameters": {
        "interface_friction": 0.634113712374582,
        "GI": 0.04238795986622073,
        "GII,GIII": 0.22959866220735783,
        "tI=tII=tIII": 0.8361204013377925,
        "blade_friction": 0.36387959866220737
    }
}
