{
    "geometrical_parameters": {
        "fiber_diameter": 0.021,
        "blade_distance": 0.042,
        "elliptical_fiber_ratio": 1.0,
        "ratio_droplet_embedded_length": 1.36,
        "droplet_diameter": 0.162,
        "contact_angle": 25.7,
        "fiber_rotation": 0
    },
    "mechanical_parameters": {
        "interface_friction": 0.14983277591973246,
        "GI": 0.045698996655518395,
        "GII,GIII": 0.27384615384615385,
        "tI=tII=tIII": 1.2926421404682276,
        "blade_friction": 0.47090301003344487
    }
}
