{
    "geometrical_parameters": {
        "fiber_diameter": 0.021668896321070233,
        "blade_distance": 0.17190635451505018,
        "elliptical_fiber_ratio": 1.7474916387959865,
        "ratio_droplet_embedded_length": 1.3397993311036789,
        "droplet_diameter": 0.20861872909698997,
        "contact_angle": 24.31571906354515,
        "fiber_rotation": 77.65886287625419
    },
    "mechanical_parameters": {
        "interface_friction": 0.0,
        "GI": 0.0015,
        "GII,GIII": 0.3,
        "tI=tII=tIII": 1.3,
        "blade_friction": 0.6
    }
}
