{
    "geometrical_parameters": {
        "fiber_diameter": 0.02034448160535117,
        "blade_distance": 0.531438127090301,
        "elliptical_fiber_ratio": 2.1438127090301005,
        "ratio_droplet_embedded_length": 1.4671571906354515,
        "droplet_diameter": 0.15488963210702342,
        "contact_angle": 30.923745819397993,
        "fiber_rotation": 1.806020066889632
    },
    "mechanical_parameters": {
        "interface_friction": 0.0,
        "GI": 0.0015,
        "GII,GIII": 0.3,
        "tI=tII=tIII": 1.3,
        "blade_friction": 0.6
    }
}
