{
    "geometrical_parameters": {
        "fiber_diameter": 0.024454545454545455,
        "blade_distance_ratio_to_fiber_diameter": 3.0681818181818183,
        "elliptical_fiber_ratio": 2.575757575757576,
        "ratio_droplet_embedded_length": 1.3765656565656565,
        "droplet_diameter": 0.1811818181818182,
        "contact_angle": 23.848484848484844,
        "fiber_rotation": 49.09090909090909
    },
    "mechanical_parameters": {
        "interface_friction": 0.0,
        "GI": 0.015,
        "GII,GIII": 0.3,
        "tI=tII=tIII": 1.3,
        "blade_friction": 0.6
    }
}
