{
    "geometrical_parameters": {
        "fiber_diameter": 0.021,
        "blade_distance": 0.042,
        "elliptical_fiber_ratio": 1.0,
        "ratio_droplet_embedded_length": 1.36,
        "droplet_diameter": 0.162,
        "contact_angle": 25.7,
        "fiber_rotation": 0
    },
    "mechanical_parameters": {
        "interface_friction": 0.49765886287625416,
        "GI": 0.0678829431438127,
        "GII,GIII": 0.018193979933110366,
        "tI=tII=tIII": 0.5652173913043478,
        "blade_friction": 0.717056856187291
    }
}
