{
    "geometrical_parameters": {
        "fiber_diameter": 0.02522073578595318,
        "blade_distance": 0.38929765886287626,
        "elliptical_fiber_ratio": 2.3645484949832776,
        "ratio_droplet_embedded_length": 1.36,
        "droplet_diameter": 0.162,
        "contact_angle": 25.7,
        "fiber_rotation": 45
    },
    "mechanical_parameters": {
        "interface_friction": 0.0,
        "GI": 0.0015,
        "GII,GIII": 0.4049498327759197,
        "blade_friction": 0.0,
        "tI=tII=tIII": 1.79933110367893
    }
}
