{
    "geometrical_parameters": {
        "fiber_diameter": 0.02522073578595318,
        "blade_distance": 0.18428093645484953,
        "elliptical_fiber_ratio": 1.5083612040133778,
        "ratio_droplet_embedded_length": 1.3676254180602005,
        "droplet_diameter": 0.14405351170568562,
        "contact_angle": 28.78060200668896,
        "fiber_rotation": 19.264214046822744
    },
    "mechanical_parameters": {
        "interface_friction": 0.0,
        "GI": 0.0015,
        "GII,GIII": 0.3,
        "tI=tII=tIII": 1.3,
        "blade_friction": 0.6
    }
}
