{
    "geometrical_parameters": {
        "fiber_diameter": 0.030217391304347828,
        "blade_distance": 0.4160535117056856,
        "elliptical_fiber_ratio": 1.431438127090301,
        "ratio_droplet_embedded_length": 1.4104347826086956,
        "droplet_diameter": 0.220809364548495,
        "contact_angle": 24.3752508361204,
        "fiber_rotation": 10.234113712374583
    },
    "mechanical_parameters": {
        "interface_friction": 0.0,
        "tI": 1,
        "tII,tIII": 1.3,
        "GI": 0.01,
        "GII,GIII": 0.15,
        "blade_friction": 0.8
    }
}
