{
    "geometrical_parameters": {
        "fiber_diameter": 0.02209090909090909,
        "blade_distance": 0.10862816931767194,
        "elliptical_fiber_ratio": 2.575757575757576,
        "ratio_droplet_embedded_length": 1.2117171717171717,
        "droplet_diameter": 0.1511818181818182,
        "contact_angle": 29.24242424242424,
        "fiber_rotation": 87.27272727272727
    },
    "mechanical_parameters": {
        "interface_friction": 0.0,
        "GI": 0.0015,
        "GII,GIII": 0.3,
        "tI=tII=tIII": 1.3,
        "blade_friction": 0.6
    }
}
