{
    "geometrical_parameters": {
        "fiber_diameter": 0.024498327759197323,
        "blade_distance": 0.5130434782608696,
        "elliptical_fiber_ratio": 1.0903010033444815,
        "ratio_droplet_embedded_length": 1.2969899665551838,
        "droplet_diameter": 0.1693377926421405,
        "contact_angle": 28.363879598662205,
        "fiber_rotation": 59.89966555183947
    },
    "mechanical_parameters": {
        "interface_friction": 0.0,
        "GI": 0.0015,
        "GII,GIII": 0.3,
        "tI=tII=tIII": 1.3,
        "blade_friction": 0.6
    }
}
