{
    "geometrical_parameters": {
        "fiber_diameter": 0.029160320641282565,
        "blade_distance": 0.05060298840702956,
        "elliptical_fiber_ratio": 1.0040080160320641,
        "ratio_droplet_embedded_length": 1.3517434869739477,
        "droplet_diameter": 0.15670741482965933,
        "contact_angle": 26.65571142284569,
        "fiber_rotation": 67.09418837675351
    },
    "mechanical_parameters": {
        "interface_friction": 0.17314629258517036,
        "GI": 0.09206412825651303,
        "GII,GIII": 0.8849298597194388,
        "tI=tII=tIII": 1.2394789579158316,
        "blade_friction": 0.6236472945891784
    }
}
