{
    "geometrical_parameters": {
        "fiber_diameter": 0.030386773547094188,
        "blade_distance": 0.611743486973948,
        "elliptical_fiber_ratio": 1.9619238476953909,
        "ratio_droplet_embedded_length": 1.33250501002004,
        "droplet_diameter": 0.136687374749499,
        "contact_angle": 18.48697394789579,
        "fiber_rotation": 22.364729458917836
    },
    "mechanical_parameters": {
        "interface_friction": 0.0,
        "tI": 1,
        "tII,tIII": 1.3,
        "GI": 0.01,
        "GII,GIII": 0.15,
        "blade_friction": 0.6
    }
}
