{
    "geometrical_parameters": {
        "fiber_diameter": 0.016010033444816052,
        "blade_distance": 0.17357859531772574,
        "elliptical_fiber_ratio": 1.5418060200668897,
        "ratio_droplet_embedded_length": 1.2306354515050166,
        "droplet_diameter": 0.1828829431438127,
        "contact_angle": 18.838795986622074,
        "fiber_rotation": 6.0200668896321075
    },
    "mechanical_parameters": {
        "interface_friction": 0.0,
        "GI": 0.0015,
        "GII,GIII": 0.3,
        "tI=tII=tIII": 1.3,
        "blade_friction": 0.6
    }
}
