{
    "geometrical_parameters": {
        "fiber_diameter": 0.026725752508361206,
        "blade_distance": 0.5682274247491639,
        "elliptical_fiber_ratio": 1.7675585284280935,
        "ratio_droplet_embedded_length": 1.36,
        "droplet_diameter": 0.162,
        "contact_angle": 25.7,
        "fiber_rotation": 45
    },
    "mechanical_parameters": {
        "interface_friction": 0.0,
        "GI": 0.0015,
        "GII,GIII": 0.2312374581939799,
        "blade_friction": 0.0,
        "tI=tII=tIII": 1.3327759197324416
    }
}
