{
    "geometrical_parameters": {
        "fiber_diameter": 0.021,
        "blade_distance": 0.042,
        "elliptical_fiber_ratio": 1.0,
        "ratio_droplet_embedded_length": 1.36,
        "droplet_diameter": 0.162,
        "contact_angle": 25.7,
        "fiber_rotation": 0
    },
    "mechanical_parameters": {
        "interface_friction": 0.4013377926421404,
        "GI": 0.05000334448160535,
        "GII,GIII": 0.42133779264214044,
        "tI=tII=tIII": 1.4682274247491638,
        "blade_friction": 0.11505016722408028
    }
}
