{
    "geometrical_parameters": {
        "fiber_diameter": 0.015046822742474916,
        "blade_distance": 0.21471571906354514,
        "elliptical_fiber_ratio": 1.5150501672240804,
        "ratio_droplet_embedded_length": 1.1760535117056856,
        "droplet_diameter": 0.09980602006688964,
        "contact_angle": 18.303010033444814,
        "fiber_rotation": 44.247491638795985
    },
    "mechanical_parameters": {
        "interface_friction": 0.0,
        "GI": 0.0015,
        "GII,GIII": 0.3,
        "tI=tII=tIII": 1.3,
        "blade_friction": 0.6
    }
}
