{
    "geometrical_parameters": {
        "fiber_diameter": 0.0210066889632107,
        "blade_distance": 0.5080267558528428,
        "elliptical_fiber_ratio": 1.8177257525083612,
        "ratio_droplet_embedded_length": 1.36,
        "droplet_diameter": 0.162,
        "contact_angle": 25.7,
        "fiber_rotation": 0
    },
    "mechanical_parameters": {
        "interface_friction": 0.0,
        "GI": 0.0015,
        "GII,GIII": 0.1837123745819398,
        "blade_friction": 0.0,
        "tI=tII=tIII": 1.307692307692308
    }
}
