{
    "geometrical_parameters": {
        "fiber_diameter": 0.01920066889632107,
        "blade_distance": 0.34414715719063543,
        "elliptical_fiber_ratio": 1.5066889632107023,
        "ratio_droplet_embedded_length": 1.36,
        "droplet_diameter": 0.162,
        "contact_angle": 25.7,
        "fiber_rotation": 45
    },
    "mechanical_parameters": {
        "interface_friction": 0.0,
        "GI": 0.0015,
        "GII,GIII": 0.22468227424749165,
        "blade_friction": 0.0,
        "tI=tII=tIII": 1.5033444816053512
    }
}
