{
    "geometrical_parameters": {
        "fiber_diameter": 0.02973578595317726,
        "blade_distance": 0.4394648829431439,
        "elliptical_fiber_ratio": 2.0836120401337794,
        "ratio_droplet_embedded_length": 1.1717725752508361,
        "droplet_diameter": 0.15669565217391304,
        "contact_angle": 14.43344481605351,
        "fiber_rotation": 52.374581939799334
    },
    "mechanical_parameters": {
        "interface_friction": 0.0,
        "GI": 0.0015,
        "GII,GIII": 0.3,
        "tI=tII=tIII": 1.3,
        "blade_friction": 0.6
    }
}
