{
    "geometrical_parameters": {
        "fiber_diameter": 0.020647294589178355,
        "elliptical_fiber_ratio": 1.0,
        "blade_distance": 0.5288577154308617,
        "ratio_droplet_embedded_length": 1.36,
        "droplet_diameter": 0.11612625250501002,
        "contact_angle": 25.7,
        "fiber_rotation": 0
    },
    "mechanical_parameters": {
        "interface_friction": 0.0,
        "GI": 0.0015,
        "GII,GIII": 0.40965931863727456,
        "blade_friction": 0.0,
        "tI=tII=tIII": 1.3266533066132267
    }
}
