{
    "geometrical_parameters": {
        "fiber_diameter": 0.021,
        "blade_distance": 0.042,
        "elliptical_fiber_ratio": 1.0,
        "ratio_droplet_embedded_length": 1.36,
        "droplet_diameter": 0.162,
        "contact_angle": 25.7,
        "fiber_rotation": 0
    },
    "mechanical_parameters": {
        "interface_friction": 0.30769230769230765,
        "GI": 0.08774916387959866,
        "GII,GIII": 0.49508361204013374,
        "tI=tII=tIII": 0.951505016722408,
        "blade_friction": 0.5297658862876254
    }
}
