{
    "geometrical_parameters": {
        "fiber_diameter": 0.01657114228456914,
        "blade_distance": 0.5949899799599199,
        "elliptical_fiber_ratio": 1.7815631262525051,
        "ratio_droplet_embedded_length": 1.3902204408817636,
        "droplet_diameter": 0.11639679358717435,
        "contact_angle": 24.979158316633267,
        "fiber_rotation": 2.164328657314629
    },
    "mechanical_parameters": {
        "interface_friction": 0.0,
        "tI": 1,
        "tII,tIII": 1.3,
        "GI": 0.015,
        "GII,GIII": 0.1,
        "blade_friction": 0.6
    }
}
