{
    "geometrical_parameters": {
        "fiber_diameter": 0.02255911823647295,
        "elliptical_fiber_ratio": 1.0,
        "blade_distance": 0.2092184368737475,
        "ratio_droplet_embedded_length": 1.36,
        "droplet_diameter": 0.1613066132264529,
        "contact_angle": 25.7,
        "fiber_rotation": 0
    },
    "mechanical_parameters": {
        "interface_friction": 0.0,
        "GI": 0.0015,
        "GII,GIII": 0.028657314629258517,
        "blade_friction": 0.0,
        "tI=tII=tIII": 1.8166332665330662
    }
}
