{
    "geometrical_parameters": {
        "fiber_diameter": 0.02338877755511022,
        "blade_distance": 0.13727168799095,
        "elliptical_fiber_ratio": 1.0240480961923848,
        "ratio_droplet_embedded_length": 1.3613627254509018,
        "droplet_diameter": 0.1677995991983968,
        "contact_angle": 14.56312625250501,
        "fiber_rotation": 31.38276553106212
    },
    "mechanical_parameters": {
        "interface_friction": 0.1442885771543086,
        "GI": 0.08432665330661322,
        "GII,GIII": 0.8135070140280561,
        "tI=tII=tIII": 1.9579158316633267,
        "blade_friction": 0.40721442885771547
    }
}
