{
    "geometrical_parameters": {
        "fiber_diameter": 0.0210066889632107,
        "blade_distance": 0.1468227424749164,
        "elliptical_fiber_ratio": 2.0785953177257523,
        "ratio_droplet_embedded_length": 1.3505016722408025,
        "droplet_diameter": 0.16346822742474917,
        "contact_angle": 14.195317725752508,
        "fiber_rotation": 44.247491638795985
    },
    "mechanical_parameters": {
        "interface_friction": 0.0,
        "tI": 1,
        "tII,tIII": 1.3,
        "GI": 0.01,
        "GII,GIII": 0.15,
        "blade_friction": 0.8
    }
}
