{
    "geometrical_parameters": {
        "fiber_diameter": 0.02600334448160535,
        "blade_distance": 0.5832775919732441,
        "elliptical_fiber_ratio": 1.0100334448160535,
        "ratio_droplet_embedded_length": 1.2177926421404681,
        "droplet_diameter": 0.11922073578595319,
        "contact_angle": 15.564548494983278,
        "fiber_rotation": 22.876254180602004
    },
    "mechanical_parameters": {
        "interface_friction": 0.0,
        "tI": 1,
        "tII,tIII": 1.3,
        "GI": 0.01,
        "GII,GIII": 0.15,
        "blade_friction": 0.8
    }
}
