{
    "geometrical_parameters": {
        "fiber_diameter": 0.014406813627254508,
        "elliptical_fiber_ratio": 1.0,
        "blade_distance": 0.1280561122244489,
        "ratio_droplet_embedded_length": 1.36,
        "droplet_diameter": 0.1594128256513026,
        "contact_angle": 25.7,
        "fiber_rotation": 0
    },
    "mechanical_parameters": {
        "interface_friction": 0.0,
        "GI": 0.0015,
        "GII,GIII": 0.28691382765531065,
        "blade_friction": 0.0,
        "tI=tII=tIII": 1.6723446893787575
    }
}
