{
    "geometrical_parameters": {
        "fiber_diameter": 0.01914046822742475,
        "elliptical_fiber_ratio": 1.0,
        "blade_distance": 0.44280936454849495,
        "ratio_droplet_embedded_length": 1.36,
        "droplet_diameter": 0.1372809364548495,
        "contact_angle": 25.7,
        "fiber_rotation": 0
    },
    "mechanical_parameters": {
        "interface_friction": 0.0,
        "GI": 0.0015,
        "GII,GIII": 0.16732441471571904,
        "blade_friction": 0.0,
        "tI=tII=tIII": 1.1220735785953178
    }
}
