{
    "geometrical_parameters": {
        "fiber_diameter": 0.021,
        "blade_distance": 0.15,
        "elliptical_fiber_ratio": 1.0,
        "ratio_droplet_embedded_length": 1.36,
        "droplet_diameter": 0.162,
        "contact_angle": 25.7,
        "fiber_rotation": 0
    },
    "mechanical_parameters": {
        "interface_friction": 0.7224080267558529,
        "GI": 0.007622073578595319,
        "GII,GIII": 0.4852508361204013,
        "tI=tII=tIII": 1.8444816053511703,
        "blade_friction": 0.3103678929765886
    }
}
