{
    "geometrical_parameters": {
        "fiber_diameter": 0.029232464929859724,
        "blade_distance": 0.22424849699398797,
        "elliptical_fiber_ratio": 1.0420841683366733,
        "ratio_droplet_embedded_length": 1.2202805611222445,
        "droplet_diameter": 0.1291122244488978,
        "contact_angle": 16.5250501002004,
        "fiber_rotation": 56.09218436873747
    },
    "mechanical_parameters": {
        "interface_friction": 0.0,
        "tI": 1,
        "tII,tIII": 1.3,
        "GI": 0.015,
        "GII,GIII": 0.1,
        "blade_friction": 0.6
    }
}
