{
    "geometrical_parameters": {
        "fiber_diameter": 0.020585284280936453,
        "blade_distance": 0.5966555183946488,
        "elliptical_fiber_ratio": 2.234113712374582,
        "ratio_droplet_embedded_length": 1.36,
        "droplet_diameter": 0.162,
        "contact_angle": 25.7,
        "fiber_rotation": 45
    },
    "mechanical_parameters": {
        "interface_friction": 0.0,
        "GI": 0.0015,
        "GII,GIII": 0.30006688963210704,
        "blade_friction": 0.0,
        "tI=tII=tIII": 1.9247491638795986
    }
}
