{
    "geometrical_parameters": {
        "fiber_diameter": 0.01811705685618729,
        "blade_distance": 0.13344481605351172,
        "elliptical_fiber_ratio": 1.2709030100334449,
        "ratio_droplet_embedded_length": 1.36,
        "droplet_diameter": 0.162,
        "contact_angle": 25.7,
        "fiber_rotation": 45
    },
    "mechanical_parameters": {
        "interface_friction": 0.0,
        "GI": 0.0015,
        "GII,GIII": 0.2312374581939799,
        "blade_friction": 0.0,
        "tI=tII=tIII": 1.112040133779264
    }
}
