{
    "geometrical_parameters": {
        "fiber_diameter": 0.019276553106212423,
        "elliptical_fiber_ratio": 1.0,
        "blade_distance": 0.2032064128256513,
        "ratio_droplet_embedded_length": 1.36,
        "droplet_diameter": 0.1715871743486974,
        "contact_angle": 25.7,
        "fiber_rotation": 0
    },
    "mechanical_parameters": {
        "interface_friction": 0.0,
        "GI": 0.0015,
        "GII,GIII": 0.4027855711422846,
        "blade_friction": 0.0,
        "tI=tII=tIII": 1.152304609218437
    }
}
