{
    "geometrical_parameters": {
        "fiber_diameter": 0.02645490981963928,
        "elliptical_fiber_ratio": 1.0,
        "blade_distance": 0.3645290581162325,
        "ratio_droplet_embedded_length": 1.36,
        "droplet_diameter": 0.18430260521042086,
        "contact_angle": 25.7,
        "fiber_rotation": 0
    },
    "mechanical_parameters": {
        "interface_friction": 0.0,
        "GI": 0.0015,
        "GII,GIII": 0.04240480961923848,
        "blade_friction": 0.0,
        "tI=tII=tIII": 0.9659318637274549
    }
}
