{
    "geometrical_parameters": {
        "fiber_diameter": 0.021,
        "blade_distance": 0.15,
        "elliptical_fiber_ratio": 1.0,
        "ratio_droplet_embedded_length": 1.36,
        "droplet_diameter": 0.162,
        "contact_angle": 25.7,
        "fiber_rotation": 0
    },
    "mechanical_parameters": {
        "interface_friction": 0.7705685618729098,
        "tI": 0.26387959866220734,
        "tII,tIII": 0.9816053511705685,
        "GI": 0.03874581939799331,
        "GII,GIII": 0.19190635451505017,
        "blade_friction": 0.5404682274247492
    }
}
