{
    "geometrical_parameters": {
        "fiber_diameter": 0.013613226452905811,
        "blade_distance": 0.26633266533066136,
        "elliptical_fiber_ratio": 1.8507014028056112,
        "ratio_droplet_embedded_length": 1.3831663326653305,
        "droplet_diameter": 0.1621182364729459,
        "contact_angle": 23.088577154308616,
        "fiber_rotation": 89.63927855711422
    },
    "mechanical_parameters": {
        "interface_friction": 0.0,
        "tI": 1,
        "tII,tIII": 1.3,
        "GI": 0.015,
        "GII,GIII": 0.1,
        "blade_friction": 0.6
    }
}
