{
    "geometrical_parameters": {
        "fiber_diameter": 0.026846153846153846,
        "blade_distance": 0.1451505016722408,
        "elliptical_fiber_ratio": 2.369565217391304,
        "ratio_droplet_embedded_length": 1.257391304347826,
        "droplet_diameter": 0.2271304347826087,
        "contact_angle": 30.387959866220733,
        "fiber_rotation": 41.53846153846153
    },
    "mechanical_parameters": {
        "interface_friction": 0.0,
        "tI": 1,
        "tII,tIII": 1.3,
        "GI": 0.01,
        "GII,GIII": 0.15,
        "blade_friction": 0.8
    }
}
