{
    "geometrical_parameters": {
        "fiber_diameter": 0.029232464929859724,
        "elliptical_fiber_ratio": 1.0,
        "blade_distance": 0.18016032064128257,
        "ratio_droplet_embedded_length": 1.36,
        "droplet_diameter": 0.12775951903807614,
        "contact_angle": 25.7,
        "fiber_rotation": 0
    },
    "mechanical_parameters": {
        "interface_friction": 0.0,
        "GI": 0.0015,
        "GII,GIII": 0.37234468937875753,
        "blade_friction": 0.0,
        "tI=tII=tIII": 0.5360721442885772
    }
}
