{
    "geometrical_parameters": {
        "fiber_diameter": 0.01783366733466934,
        "blade_distance": 0.27134268537074147,
        "elliptical_fiber_ratio": 1.3757515030060121,
        "ratio_droplet_embedded_length": 1.1959118236472945,
        "droplet_diameter": 0.23056513026052106,
        "contact_angle": 22.161122244488975,
        "fiber_rotation": 60.60120240480963
    },
    "mechanical_parameters": {
        "interface_friction": 0.0,
        "tI": 1,
        "tII,tIII": 1.3,
        "GI": 0.015,
        "GII,GIII": 0.1,
        "blade_friction": 0.6
    }
}
