{
    "geometrical_parameters": {
        "fiber_diameter": 0.021,
        "blade_distance": 0.15,
        "elliptical_fiber_ratio": 1.0,
        "ratio_droplet_embedded_length": 1.36,
        "droplet_diameter": 0.162,
        "contact_angle": 25.7,
        "fiber_rotation": 0
    },
    "mechanical_parameters": {
        "interface_friction": 0.47357859531772584,
        "GI": 0.061591973244147155,
        "GII,GIII": 0.15585284280936454,
        "tI=tII=tIII": 0.5301003344481605,
        "blade_friction": 0.5083612040133779
    }
}
