{
    "geometrical_parameters": {
        "fiber_diameter": 0.021,
        "blade_distance": 0.15,
        "elliptical_fiber_ratio": 1.0,
        "ratio_droplet_embedded_length": 1.36,
        "droplet_diameter": 0.162,
        "contact_angle": 25.7,
        "fiber_rotation": 0
    },
    "mechanical_parameters": {
        "interface_friction": 0.7545150501672242,
        "tI": 0.7976588628762541,
        "tII,tIII": 1.9648829431438126,
        "GI": 0.006297658862876254,
        "GII,GIII": 0.21484949832775918,
        "blade_friction": 0.5939799331103679
    }
}
