{
    "geometrical_parameters": {
        "fiber_diameter": 0.02227054108216433,
        "elliptical_fiber_ratio": 1.0,
        "blade_distance": 0.508817635270541,
        "ratio_droplet_embedded_length": 1.36,
        "droplet_diameter": 0.14642685370741482,
        "contact_angle": 25.7,
        "fiber_rotation": 0
    },
    "mechanical_parameters": {
        "interface_friction": 0.0,
        "GI": 0.0015,
        "GII,GIII": 0.26432865731462923,
        "blade_friction": 0.0,
        "tI=tII=tIII": 0.6563126252505009
    }
}
