{
    "geometrical_parameters": {
        "fiber_diameter": 0.018899665551839466,
        "blade_distance": 0.43277591973244145,
        "elliptical_fiber_ratio": 2.1588628762541804,
        "ratio_droplet_embedded_length": 1.1931772575250836,
        "droplet_diameter": 0.17881939799331104,
        "contact_angle": 23.779933110367892,
        "fiber_rotation": 54.78260869565217
    },
    "mechanical_parameters": {
        "interface_friction": 0.0,
        "tI": 1,
        "tII,tIII": 1.3,
        "GI": 0.01,
        "GII,GIII": 0.15,
        "blade_friction": 0.8
    }
}
