{
    "geometrical_parameters": {
        "fiber_diameter": 0.021,
        "blade_distance": 0.042,
        "elliptical_fiber_ratio": 1.0,
        "ratio_droplet_embedded_length": 1.36,
        "droplet_diameter": 0.162,
        "contact_angle": 25.7,
        "fiber_rotation": 0
    },
    "mechanical_parameters": {
        "interface_friction": 0.4254180602006689,
        "GI": 0.043381270903010034,
        "GII,GIII": 0.10832775919732442,
        "tI=tII=tIII": 1.1872909698996654,
        "blade_friction": 0.24882943143812708
    }
}
