{
    "geometrical_parameters": {
        "fiber_diameter": 0.01863636363636364,
        "blade_distance": 0.10795820658923941,
        "elliptical_fiber_ratio": 2.1515151515151514,
        "ratio_droplet_embedded_length": 1.2084848484848485,
        "droplet_diameter": 0.2248181818181818,
        "contact_angle": 26.545454545454543,
        "fiber_rotation": 12.727272727272725
    },
    "mechanical_parameters": {
        "interface_friction": 0.0,
        "GI": 0.015,
        "GII,GIII": 0.3,
        "tI=tII=tIII": 1.3,
        "blade_friction": 0.6
    }
}
