{
    "geometrical_parameters": {
        "fiber_diameter": 0.018899665551839466,
        "blade_distance": 0.23377926421404682,
        "elliptical_fiber_ratio": 1.0953177257525084,
        "ratio_droplet_embedded_length": 1.2873578595317725,
        "droplet_diameter": 0.15714715719063546,
        "contact_angle": 24.077591973244147,
        "fiber_rotation": 41.53846153846153
    },
    "mechanical_parameters": {
        "interface_friction": 0.0,
        "GI": 0.0015,
        "GII,GIII": 0.3,
        "tI=tII=tIII": 1.3,
        "blade_friction": 0.6
    }
}
