{
    "geometrical_parameters": {
        "fiber_diameter": 0.02009090909090909,
        "blade_distance": 0.1306504445158383,
        "elliptical_fiber_ratio": 1.6262626262626263,
        "ratio_droplet_embedded_length": 1.1955555555555555,
        "droplet_diameter": 0.203,
        "contact_angle": 14.498989898989898,
        "fiber_rotation": 25.45454545454545
    },
    "mechanical_parameters": {
        "interface_friction": 0.0,
        "GI": 0.015,
        "GII,GIII": 0.3,
        "tI=tII=tIII": 1.3,
        "blade_friction": 0.6
    }
}
