{
    "geometrical_parameters": {
        "fiber_diameter": 0.016272727272727272,
        "blade_distance_ratio_to_fiber_diameter": 4.204545454545455,
        "elliptical_fiber_ratio": 1.2222222222222223,
        "ratio_droplet_embedded_length": 1.2860606060606061,
        "droplet_diameter": 0.21390909090909094,
        "contact_angle": 20.43232323232323,
        "fiber_rotation": 5.454545454545455
    },
    "mechanical_parameters": {
        "interface_friction": 0.0,
        "GI": 0.015,
        "GII,GIII": 0.3,
        "tI=tII=tIII": 1.3,
        "blade_friction": 0.6
    }
}
