{
    "geometrical_parameters": {
        "fiber_diameter": 0.022571906354515052,
        "blade_distance": 0.31404682274247486,
        "elliptical_fiber_ratio": 2.3545150501672243,
        "ratio_droplet_embedded_length": 1.36,
        "droplet_diameter": 0.162,
        "contact_angle": 25.7,
        "fiber_rotation": 0
    },
    "mechanical_parameters": {
        "interface_friction": 0.0,
        "GI": 0.0015,
        "GII,GIII": 0.10177257525083612,
        "blade_friction": 0.0,
        "tI=tII=tIII": 1.919732441471572
    }
}
