{
    "geometrical_parameters": {
        "fiber_diameter": 0.02273947895791583,
        "blade_distance": 0.5399198396793587,
        "elliptical_fiber_ratio": 1.5831663326653307,
        "ratio_droplet_embedded_length": 1.189498997995992,
        "droplet_diameter": 0.1480501002004008,
        "contact_angle": 26.120641282565128,
        "fiber_rotation": 9.559118236472946
    },
    "mechanical_parameters": {
        "interface_friction": 0.0,
        "tI": 1,
        "tII,tIII": 1.3,
        "GI": 0.01,
        "GII,GIII": 0.15,
        "blade_friction": 0.6
    }
}
