{
    "geometrical_parameters": {
        "fiber_diameter": 0.022812709030100332,
        "blade_distance": 0.42441471571906353,
        "elliptical_fiber_ratio": 2.0836120401337794,
        "ratio_droplet_embedded_length": 1.2680936454849498,
        "droplet_diameter": 0.1923645484949833,
        "contact_angle": 21.220066889632104,
        "fiber_rotation": 87.89297658862877
    },
    "mechanical_parameters": {
        "interface_friction": 0.0,
        "tI": 1,
        "tII,tIII": 1.3,
        "GI": 0.01,
        "GII,GIII": 0.15,
        "blade_friction": 0.8
    }
}
