{
    "geometrical_parameters": {
        "fiber_diameter": 0.022450901803607214,
        "blade_distance": 0.12304609218436874,
        "elliptical_fiber_ratio": 1.5771543086172346,
        "ratio_droplet_embedded_length": 1.1843687374749499,
        "droplet_diameter": 0.098811623246493,
        "contact_angle": 28.76032064128256,
        "fiber_rotation": 7.034068136272545
    },
    "mechanical_parameters": {
        "interface_friction": 0.0,
        "tI": 1,
        "tII,tIII": 1.3,
        "GI": 0.015,
        "GII,GIII": 0.1,
        "blade_friction": 0.6
    }
}
