{
    "geometrical_parameters": {
        "fiber_diameter": 0.02590909090909091,
        "blade_distance": 0.1082221560925258,
        "elliptical_fiber_ratio": 1.6868686868686869,
        "ratio_droplet_embedded_length": 1.4573737373737372,
        "droplet_diameter": 0.10890909090909091,
        "contact_angle": 29.961616161616156,
        "fiber_rotation": 29.090909090909093
    },
    "mechanical_parameters": {
        "interface_friction": 0.0,
        "GI": 0.015,
        "GII,GIII": 0.3,
        "tI=tII=tIII": 1.3,
        "blade_friction": 0.6
    }
}
