{
    "geometrical_parameters": {
        "fiber_diameter": 0.013363636363636362,
        "blade_distance": 0.05375655994035597,
        "elliptical_fiber_ratio": 2.212121212121212,
        "ratio_droplet_embedded_length": 1.2698989898989899,
        "droplet_diameter": 0.11027272727272727,
        "contact_angle": 27.26464646464646,
        "fiber_rotation": 2.727272727272727
    },
    "mechanical_parameters": {
        "interface_friction": 0.0,
        "GI": 0.015,
        "GII,GIII": 0.3,
        "tI=tII=tIII": 1.3,
        "blade_friction": 0.6
    }
}
