{
    "geometrical_parameters": {
        "fiber_diameter": 0.025211055276381913,
        "blade_distance": 0.6402010050251257,
        "elliptical_fiber_ratio": 2.1557788944723617,
        "ratio_droplet_embedded_length": 1.3320603015075376,
        "droplet_diameter": 0.1956884422110553,
        "contact_angle": 21.560804020100502,
        "fiber_rotation": 16.281407035175878
    },
    "mechanical_parameters": {
        "interface_friction": 0.0,
        "GI": 0.0015,
        "GII,GIII": 0.3,
        "tI=tII=tIII": 1.3,
        "blade_friction": 0.6
    }
}
