{
    "geometrical_parameters": {
        "fiber_diameter": 0.015261306532663317,
        "blade_distance": 0.3477386934673367,
        "elliptical_fiber_ratio": 2.4271356783919598,
        "ratio_droplet_embedded_length": 1.418894472361809,
        "droplet_diameter": 0.11835175879396985,
        "contact_angle": 25.13869346733668,
        "fiber_rotation": 29.84924623115578
    },
    "mechanical_parameters": {
        "interface_friction": 0.0,
        "GI": 0.0015,
        "GII,GIII": 0.3,
        "tI=tII=tIII": 1.3,
        "blade_friction": 0.6
    }
}
