{
    "geometrical_parameters": {
        "fiber_diameter": 0.022993311036789296,
        "blade_distance": 0.21705685618729098,
        "elliptical_fiber_ratio": 1.5418060200668897,
        "ratio_droplet_embedded_length": 1.3290969899665552,
        "droplet_diameter": 0.198685618729097,
        "contact_angle": 16.57658862876254,
        "fiber_rotation": 55.68561872909699
    },
    "mechanical_parameters": {
        "interface_friction": 0.0,
        "tI": 1,
        "tII,tIII": 1.3,
        "GI": 0.01,
        "GII,GIII": 0.15,
        "blade_friction": 0.8
    }
}
