{
    "geometrical_parameters": {
        "fiber_diameter": 0.021,
        "blade_distance": 0.15,
        "elliptical_fiber_ratio": 1.0,
        "ratio_droplet_embedded_length": 1.36,
        "droplet_diameter": 0.162,
        "contact_angle": 25.7,
        "fiber_rotation": 0
    },
    "mechanical_parameters": {
        "interface_friction": 0.21672240802675583,
        "GI": 0.030137123745819398,
        "GII,GIII": 0.22304347826086957,
        "tI=tII=tIII": 0.5100334448160535,
        "blade_friction": 0.757190635451505
    }
}
