{
    "geometrical_parameters": {
        "fiber_diameter": 0.021,
        "blade_distance": 0.042,
        "elliptical_fiber_ratio": 1.0,
        "ratio_droplet_embedded_length": 1.36,
        "droplet_diameter": 0.162,
        "contact_angle": 25.7,
        "fiber_rotation": 0
    },
    "mechanical_parameters": {
        "interface_friction": 0.48695652173913045,
        "GI": 0.0029866220735785954,
        "GII,GIII": 0.2705685618729097,
        "tI=tII=tIII": 1.5585284280936456,
        "blade_friction": 0.7010033444816054
    }
}
