{
    "geometrical_parameters": {
        "fiber_diameter": 0.022090301003344484,
        "blade_distance": 0.5933110367892976,
        "elliptical_fiber_ratio": 2.3043478260869565,
        "ratio_droplet_embedded_length": 1.36,
        "droplet_diameter": 0.162,
        "contact_angle": 25.7,
        "fiber_rotation": 45
    },
    "mechanical_parameters": {
        "interface_friction": 0.0,
        "GI": 0.0015,
        "GII,GIII": 0.19518394648829432,
        "blade_friction": 0.0,
        "tI=tII=tIII": 0.9013377926421404
    }
}
