{
    "geometrical_parameters": {
        "fiber_diameter": 0.0141438127090301,
        "blade_distance": 0.11638795986622075,
        "elliptical_fiber_ratio": 1.9565217391304346,
        "ratio_droplet_embedded_length": 1.391170568561873,
        "droplet_diameter": 0.2167458193979933,
        "contact_angle": 21.696321070234113,
        "fiber_rotation": 75.85284280936456
    },
    "mechanical_parameters": {
        "interface_friction": 0.0,
        "GI": 0.0015,
        "GII,GIII": 0.3,
        "tI=tII=tIII": 1.3,
        "blade_friction": 0.6
    }
}
