{
    "geometrical_parameters": {
        "fiber_diameter": 0.013240802675585283,
        "elliptical_fiber_ratio": 1.0,
        "blade_distance": 0.18361204013377927,
        "ratio_droplet_embedded_length": 1.36,
        "droplet_diameter": 0.18378595317725754,
        "contact_angle": 25.7,
        "fiber_rotation": 0
    },
    "mechanical_parameters": {
        "interface_friction": 0.0,
        "GI": 0.0015,
        "GII,GIII": 0.06408026755852843,
        "blade_friction": 0.0,
        "tI=tII=tIII": 1.1070234113712374
    }
}
