{
    "geometrical_parameters": {
        "fiber_diameter": 0.015949832775919732,
        "blade_distance": 0.5431438127090301,
        "elliptical_fiber_ratio": 1.7926421404682276,
        "ratio_droplet_embedded_length": 1.36,
        "droplet_diameter": 0.162,
        "contact_angle": 25.7,
        "fiber_rotation": 0
    },
    "mechanical_parameters": {
        "interface_friction": 0.0,
        "GI": 0.0015,
        "GII,GIII": 0.4819732441471572,
        "blade_friction": 0.0,
        "tI=tII=tIII": 0.7157190635451505
    }
}
