{
    "geometrical_parameters": {
        "fiber_diameter": 0.028772575250836124,
        "blade_distance": 0.4595317725752508,
        "elliptical_fiber_ratio": 2.4347826086956523,
        "ratio_droplet_embedded_length": 1.36,
        "droplet_diameter": 0.162,
        "contact_angle": 25.7,
        "fiber_rotation": 45
    },
    "mechanical_parameters": {
        "interface_friction": 0.0,
        "GI": 0.0015,
        "GII,GIII": 0.22795986622073575,
        "blade_friction": 0.0,
        "tI=tII=tIII": 1.508361204013378
    }
}
