{
    "geometrical_parameters": {
        "fiber_diameter": 0.021,
        "blade_distance": 0.15,
        "elliptical_fiber_ratio": 1.0,
        "ratio_droplet_embedded_length": 1.36,
        "droplet_diameter": 0.162,
        "contact_angle": 25.7,
        "fiber_rotation": 0
    },
    "mechanical_parameters": {
        "interface_friction": 0.10969899665551841,
        "GI": 0.026494983277591973,
        "GII,GIII": 0.28204013377926423,
        "tI=tII=tIII": 0.6254180602006689,
        "blade_friction": 0.759866220735786
    }
}
