{
    "geometrical_parameters": {
        "fiber_diameter": 0.021548494983277593,
        "blade_distance": 0.24381270903010033,
        "elliptical_fiber_ratio": 1.6321070234113713,
        "ratio_droplet_embedded_length": 1.2445484949832775,
        "droplet_diameter": 0.17836789297658862,
        "contact_angle": 19.731772575250837,
        "fiber_rotation": 54.18060200668897
    },
    "mechanical_parameters": {
        "interface_friction": 0.0,
        "GI": 0.0015,
        "GII,GIII": 0.3,
        "tI=tII=tIII": 1.3,
        "blade_friction": 0.6
    }
}
