{
    "geometrical_parameters": {
        "fiber_diameter": 0.030963927855711428,
        "blade_distance": 0.5849699398797595,
        "elliptical_fiber_ratio": 1.7394789579158316,
        "ratio_droplet_embedded_length": 1.4286973947895791,
        "droplet_diameter": 0.2281302605210421,
        "contact_angle": 19.84248496993988,
        "fiber_rotation": 68.71743486973948
    },
    "mechanical_parameters": {
        "interface_friction": 0.0,
        "tI": 1,
        "tII,tIII": 1.3,
        "GI": 0.015,
        "GII,GIII": 0.1,
        "blade_friction": 0.6
    }
}
