{
    "geometrical_parameters": {
        "fiber_diameter": 0.0264247491638796,
        "blade_distance": 0.24214046822742474,
        "elliptical_fiber_ratio": 1.1103678929765886,
        "ratio_droplet_embedded_length": 1.36,
        "droplet_diameter": 0.162,
        "contact_angle": 25.7,
        "fiber_rotation": 0
    },
    "mechanical_parameters": {
        "interface_friction": 0.0,
        "GI": 0.0015,
        "GII,GIII": 0.45247491638795984,
        "blade_friction": 0.0,
        "tI=tII=tIII": 1.0367892976588626
    }
}
