{
    "geometrical_parameters": {
        "fiber_diameter": 0.027869565217391305,
        "blade_distance": 0.17692307692307693,
        "elliptical_fiber_ratio": 1.040133779264214,
        "ratio_droplet_embedded_length": 1.36,
        "droplet_diameter": 0.162,
        "contact_angle": 25.7,
        "fiber_rotation": 45
    },
    "mechanical_parameters": {
        "interface_friction": 0.0,
        "GI": 0.0015,
        "GII,GIII": 0.026387959866220737,
        "blade_friction": 0.0,
        "tI=tII=tIII": 1.3779264214046822
    }
}
