{
    "geometrical_parameters": {
        "fiber_diameter": 0.029615384615384613,
        "blade_distance": 0.20702341137123748,
        "elliptical_fiber_ratio": 1.7826086956521738,
        "ratio_droplet_embedded_length": 1.454314381270903,
        "droplet_diameter": 0.11876923076923078,
        "contact_angle": 19.49364548494983,
        "fiber_rotation": 36.42140468227424
    },
    "mechanical_parameters": {
        "interface_friction": 0.0,
        "tI": 1,
        "tII,tIII": 1.3,
        "GI": 0.01,
        "GII,GIII": 0.15,
        "blade_friction": 0.8
    }
}
