{
    "geometrical_parameters": {
        "fiber_diameter": 0.013842809364548495,
        "elliptical_fiber_ratio": 1.0,
        "blade_distance": 0.1668896321070234,
        "ratio_droplet_embedded_length": 1.36,
        "droplet_diameter": 0.22848494983277595,
        "contact_angle": 25.7,
        "fiber_rotation": 0
    },
    "mechanical_parameters": {
        "interface_friction": 0.0,
        "GI": 0.0015,
        "GII,GIII": 0.11979933110367891,
        "blade_friction": 0.0,
        "tI=tII=tIII": 1.4983277591973243
    }
}
