{
    "geometrical_parameters": {
        "fiber_diameter": 0.019983277591973245,
        "blade_distance": 0.27090301003344486,
        "elliptical_fiber_ratio": 1.4414715719063544,
        "ratio_droplet_embedded_length": 1.360133779264214,
        "droplet_diameter": 0.23164548494983278,
        "contact_angle": 25.68494983277592,
        "fiber_rotation": 54.18060200668897
    },
    "mechanical_parameters": {
        "interface_friction": 0.0,
        "GI": 0.0015,
        "GII,GIII": 0.3,
        "tI=tII=tIII": 1.3,
        "blade_friction": 0.6
    }
}
