{
    "geometrical_parameters": {
        "fiber_diameter": 0.028892976588628765,
        "elliptical_fiber_ratio": 1.0,
        "blade_distance": 0.1250836120401338,
        "ratio_droplet_embedded_length": 1.36,
        "droplet_diameter": 0.1368294314381271,
        "contact_angle": 25.7,
        "fiber_rotation": 0
    },
    "mechanical_parameters": {
        "interface_friction": 0.0,
        "GI": 0.0015,
        "GII,GIII": 0.18698996655518396,
        "blade_friction": 0.0,
        "tI=tII=tIII": 0.9816053511705685
    }
}
