{
    "geometrical_parameters": {
        "fiber_diameter": 0.0175752508361204,
        "blade_distance": 0.13010033444816055,
        "elliptical_fiber_ratio": 1.9732441471571907,
        "ratio_droplet_embedded_length": 1.2937792642140469,
        "droplet_diameter": 0.17385284280936458,
        "contact_angle": 23.83946488294314,
        "fiber_rotation": 43.34448160535116
    },
    "mechanical_parameters": {
        "interface_friction": 0.0,
        "GI": 0.0015,
        "GII,GIII": 0.3,
        "tI=tII=tIII": 1.3,
        "blade_friction": 0.6
    }
}
