{
    "geometrical_parameters": {
        "fiber_diameter": 0.025727272727272727,
        "blade_distance_ratio_to_fiber_diameter": 1.5151515151515151,
        "elliptical_fiber_ratio": 1.8888888888888888,
        "ratio_droplet_embedded_length": 1.16,
        "droplet_diameter": 0.2248181818181818,
        "contact_angle": 25.646464646464644,
        "fiber_rotation": 20.0
    },
    "mechanical_parameters": {
        "interface_friction": 0.0,
        "GI": 0.015,
        "GII,GIII": 0.3,
        "tI=tII=tIII": 1.3,
        "blade_friction": 0.6
    }
}
