{
    "geometrical_parameters": {
        "fiber_diameter": 0.02792462311557789,
        "blade_distance": 0.3839195979899498,
        "elliptical_fiber_ratio": 1.6030150753768844,
        "ratio_droplet_embedded_length": 1.2806030150753769,
        "droplet_diameter": 0.22757286432160806,
        "contact_angle": 28.09045226130653,
        "fiber_rotation": 8.592964824120603
    },
    "mechanical_parameters": {
        "interface_friction": 0.0,
        "GI": 0.0015,
        "GII,GIII": 0.3,
        "tI=tII=tIII": 1.3,
        "blade_friction": 0.6
    }
}
