{
    "geometrical_parameters": {
        "fiber_diameter": 0.021,
        "blade_distance": 0.15,
        "elliptical_fiber_ratio": 1.0,
        "ratio_droplet_embedded_length": 1.36,
        "droplet_diameter": 0.162,
        "contact_angle": 25.7,
        "fiber_rotation": 0
    },
    "mechanical_parameters": {
        "interface_friction": 0.1765886287625418,
        "GI": 0.09238461538461538,
        "GII,GIII": 0.47541806020066885,
        "tI=tII=tIII": 1.6588628762541806,
        "blade_friction": 0.24882943143812708
    }
}
