{
    "geometrical_parameters": {
        "fiber_diameter": 0.02136789297658863,
        "blade_distance": 0.49799331103678934,
        "elliptical_fiber_ratio": 1.9030100334448161,
        "ratio_droplet_embedded_length": 1.36,
        "droplet_diameter": 0.162,
        "contact_angle": 25.7,
        "fiber_rotation": 45
    },
    "mechanical_parameters": {
        "interface_friction": 0.0,
        "GI": 0.0015,
        "GII,GIII": 0.04277591973244148,
        "blade_friction": 0.0,
        "tI=tII=tIII": 1.899665551839465
    }
}
