{
    "geometrical_parameters": {
        "fiber_diameter": 0.027020100502512565,
        "blade_distance": 0.5437185929648242,
        "elliptical_fiber_ratio": 2.8291457286432165,
        "ratio_droplet_embedded_length": 1.406030150753769,
        "droplet_diameter": 0.13598994974874373,
        "contact_angle": 19.056281407035176,
        "fiber_rotation": 89.54773869346734
    },
    "mechanical_parameters": {
        "interface_friction": 0.0,
        "GI": 0.0015,
        "GII,GIII": 0.3,
        "tI=tII=tIII": 1.3,
        "blade_friction": 0.6
    }
}
