{
    "geometrical_parameters": {
        "fiber_diameter": 0.017545090180360722,
        "blade_distance": 0.5937875751503007,
        "elliptical_fiber_ratio": 1.411823647294589,
        "ratio_droplet_embedded_length": 1.2048897795591182,
        "droplet_diameter": 0.20324048096192388,
        "contact_angle": 15.954308617234467,
        "fiber_rotation": 62.76553106212424
    },
    "mechanical_parameters": {
        "interface_friction": 0.0,
        "tI": 1,
        "tII,tIII": 1.3,
        "GI": 0.01,
        "GII,GIII": 0.15,
        "blade_friction": 0.6
    }
}
