{
    "geometrical_parameters": {
        "fiber_diameter": 0.01715384615384615,
        "blade_distance": 0.2906354515050167,
        "elliptical_fiber_ratio": 1.145484949832776,
        "ratio_droplet_embedded_length": 1.325886287625418,
        "droplet_diameter": 0.13502341137123747,
        "contact_angle": 26.161204013377926,
        "fiber_rotation": 43.04347826086956
    },
    "mechanical_parameters": {
        "interface_friction": 0.0,
        "tI": 1,
        "tII,tIII": 1.3,
        "GI": 0.01,
        "GII,GIII": 0.15,
        "blade_friction": 0.8
    }
}
