{
    "geometrical_parameters": {
        "fiber_diameter": 0.021,
        "blade_distance": 0.15,
        "elliptical_fiber_ratio": 1.0,
        "ratio_droplet_embedded_length": 1.36,
        "droplet_diameter": 0.162,
        "contact_angle": 25.7,
        "fiber_rotation": 0
    },
    "mechanical_parameters": {
        "interface_friction": 0.2622073578595318,
        "GI": 0.06688963210702342,
        "GII,GIII": 0.0837458193979933,
        "tI=tII=tIII": 1.8043478260869565,
        "blade_friction": 0.47090301003344487
    }
}
