{
    "geometrical_parameters": {
        "fiber_diameter": 0.01865886287625418,
        "blade_distance": 0.46454849498327755,
        "elliptical_fiber_ratio": 1.2307692307692308,
        "ratio_droplet_embedded_length": 1.4660869565217391,
        "droplet_diameter": 0.2275819397993311,
        "contact_angle": 19.136454849498328,
        "fiber_rotation": 70.43478260869566
    },
    "mechanical_parameters": {
        "interface_friction": 0.0,
        "tI": 1,
        "tII,tIII": 1.3,
        "GI": 0.01,
        "GII,GIII": 0.15,
        "blade_friction": 0.8
    }
}
