{
    "geometrical_parameters": {
        "fiber_diameter": 0.03015719063545151,
        "blade_distance": 0.2153846153846154,
        "elliptical_fiber_ratio": 1.3461538461538463,
        "ratio_droplet_embedded_length": 1.16,
        "droplet_diameter": 0.17024080267558528,
        "contact_angle": 31.161872909698992,
        "fiber_rotation": 11.73913043478261
    },
    "mechanical_parameters": {
        "interface_friction": 0.0,
        "tI": 1,
        "tII,tIII": 1.3,
        "GI": 0.01,
        "GII,GIII": 0.15,
        "blade_friction": 0.8
    }
}
