{
    "geometrical_parameters": {
        "fiber_diameter": 0.030819397993311036,
        "blade_distance": 0.3357859531772575,
        "elliptical_fiber_ratio": 2.1739130434782608,
        "ratio_droplet_embedded_length": 1.4157859531772576,
        "droplet_diameter": 0.13637792642140467,
        "contact_angle": 31.221404682274247,
        "fiber_rotation": 2.1070234113712374
    },
    "mechanical_parameters": {
        "interface_friction": 0.0,
        "tI": 1,
        "tII,tIII": 1.3,
        "GI": 0.01,
        "GII,GIII": 0.15,
        "blade_friction": 0.8
    }
}
