{
    "geometrical_parameters": {
        "fiber_diameter": 0.026123745819397994,
        "blade_distance": 0.36923076923076925,
        "elliptical_fiber_ratio": 1.406354515050167,
        "ratio_droplet_embedded_length": 1.2980602006688962,
        "droplet_diameter": 0.17430434782608695,
        "contact_angle": 25.14916387959866,
        "fiber_rotation": 81.27090301003344
    },
    "mechanical_parameters": {
        "interface_friction": 0.0,
        "GI": 0.0015,
        "GII,GIII": 0.3,
        "tI=tII=tIII": 1.3,
        "blade_friction": 0.6
    }
}
