{
    "geometrical_parameters": {
        "fiber_diameter": 0.021,
        "blade_distance": 0.15,
        "elliptical_fiber_ratio": 1.0,
        "ratio_droplet_embedded_length": 1.36,
        "droplet_diameter": 0.162,
        "contact_angle": 25.7,
        "fiber_rotation": 0
    },
    "mechanical_parameters": {
        "interface_friction": 0.7090301003344482,
        "GI": 0.054969899665551845,
        "GII,GIII": 0.12471571906354513,
        "tI=tII=tIII": 1.4180602006688963,
        "blade_friction": 0.10434782608695653
    }
}
