{
    "geometrical_parameters": {
        "fiber_diameter": 0.029016032064128255,
        "blade_distance": 0.5278557114228457,
        "elliptical_fiber_ratio": 1.8897795591182365,
        "ratio_droplet_embedded_length": 1.4690981963927856,
        "droplet_diameter": 0.10070541082164329,
        "contact_angle": 28.474949899799597,
        "fiber_rotation": 83.50701402805612
    },
    "mechanical_parameters": {
        "interface_friction": 0.0,
        "tI": 1,
        "tII,tIII": 1.3,
        "GI": 0.015,
        "GII,GIII": 0.1,
        "blade_friction": 0.6
    }
}
