{
    "geometrical_parameters": {
        "fiber_diameter": 0.022090180360721447,
        "blade_distance": 0.658877755511022,
        "elliptical_fiber_ratio": 1.964929859719439,
        "ratio_droplet_embedded_length": 1.2472144288577154,
        "droplet_diameter": 0.14777955911823648,
        "contact_angle": 19.91382765531062,
        "fiber_rotation": 86.03206412825651
    },
    "mechanical_parameters": {
        "interface_friction": 0.0,
        "tI": 1,
        "tII,tIII": 1.3,
        "GI": 0.01,
        "GII,GIII": 0.15,
        "blade_friction": 0.6
    }
}
