{
    "geometrical_parameters": {
        "fiber_diameter": 0.028772575250836124,
        "blade_distance": 0.3508361204013377,
        "elliptical_fiber_ratio": 1.9531772575250836,
        "ratio_droplet_embedded_length": 1.36,
        "droplet_diameter": 0.162,
        "contact_angle": 25.7,
        "fiber_rotation": 0
    },
    "mechanical_parameters": {
        "interface_friction": 0.0,
        "GI": 0.0015,
        "GII,GIII": 0.0837458193979933,
        "blade_friction": 0.0,
        "tI=tII=tIII": 1.9749163879598661
    }
}
