{
    "geometrical_parameters": {
        "fiber_diameter": 0.016498997995991985,
        "elliptical_fiber_ratio": 1.0,
        "blade_distance": 0.5869739478957916,
        "ratio_droplet_embedded_length": 1.36,
        "droplet_diameter": 0.16428256513026052,
        "contact_angle": 25.7,
        "fiber_rotation": 0
    },
    "mechanical_parameters": {
        "interface_friction": 0.0,
        "GI": 0.0015,
        "GII,GIII": 0.24076152304609216,
        "blade_friction": 0.0,
        "tI=tII=tIII": 0.7855711422845691
    }
}
