{
    "geometrical_parameters": {
        "fiber_diameter": 0.020525083612040133,
        "elliptical_fiber_ratio": 1.0,
        "blade_distance": 0.27391304347826084,
        "ratio_droplet_embedded_length": 1.36,
        "droplet_diameter": 0.20049163879598664,
        "contact_angle": 25.7,
        "fiber_rotation": 0
    },
    "mechanical_parameters": {
        "interface_friction": 0.0,
        "GI": 0.0015,
        "GII,GIII": 0.11160535117056855,
        "blade_friction": 0.0,
        "tI=tII=tIII": 1.0969899665551839
    }
}
