{
    "geometrical_parameters": {
        "fiber_diameter": 0.014082164328657314,
        "blade_distance": 0.5749498997995992,
        "elliptical_fiber_ratio": 1.1112224448897796,
        "ratio_droplet_embedded_length": 1.3812424849699398,
        "droplet_diameter": 0.20675751503006012,
        "contact_angle": 27.440480961923846,
        "fiber_rotation": 59.699398797595194
    },
    "mechanical_parameters": {
        "interface_friction": 0.0,
        "tI": 1,
        "tII,tIII": 1.3,
        "GI": 0.015,
        "GII,GIII": 0.1,
        "blade_friction": 0.6
    }
}
