{
    "geometrical_parameters": {
        "fiber_diameter": 0.015709030100334448,
        "blade_distance": 0.37926421404682276,
        "elliptical_fiber_ratio": 1.245819397993311,
        "ratio_droplet_embedded_length": 1.2359866220735785,
        "droplet_diameter": 0.18559197324414717,
        "contact_angle": 13.957190635451505,
        "fiber_rotation": 25.585284280936452
    },
    "mechanical_parameters": {
        "interface_friction": 0.0,
        "tI": 1,
        "tII,tIII": 1.3,
        "GI": 0.01,
        "GII,GIII": 0.15,
        "blade_friction": 0.8
    }
}
