{
    "geometrical_parameters": {
        "fiber_diameter": 0.02317391304347826,
        "blade_distance": 0.24214046822742474,
        "elliptical_fiber_ratio": 1.531772575250836,
        "ratio_droplet_embedded_length": 1.1814046822742474,
        "droplet_diameter": 0.16075919732441474,
        "contact_angle": 15.445484949832775,
        "fiber_rotation": 31.30434782608695
    },
    "mechanical_parameters": {
        "interface_friction": 0.0,
        "tI": 1,
        "tII,tIII": 1.3,
        "GI": 0.01,
        "GII,GIII": 0.15,
        "blade_friction": 0.8
    }
}
