{
    "geometrical_parameters": {
        "fiber_diameter": 0.01926086956521739,
        "blade_distance": 0.5381270903010034,
        "elliptical_fiber_ratio": 2.4849498327759196,
        "ratio_droplet_embedded_length": 1.36,
        "droplet_diameter": 0.162,
        "contact_angle": 25.7,
        "fiber_rotation": 0
    },
    "mechanical_parameters": {
        "interface_friction": 0.0,
        "GI": 0.0015,
        "GII,GIII": 0.4508361204013378,
        "blade_friction": 0.0,
        "tI=tII=tIII": 1.112040133779264
    }
}
