{
    "geometrical_parameters": {
        "fiber_diameter": 0.028471571906354513,
        "blade_distance": 0.3317725752508361,
        "elliptical_fiber_ratio": 1.434782608695652,
        "ratio_droplet_embedded_length": 1.3783277591973244,
        "droplet_diameter": 0.164371237458194,
        "contact_angle": 18.71973244147157,
        "fiber_rotation": 32.508361204013376
    },
    "mechanical_parameters": {
        "interface_friction": 0.0,
        "GI": 0.0015,
        "GII,GIII": 0.3,
        "tI=tII=tIII": 1.3,
        "blade_friction": 0.6
    }
}
