{
    "geometrical_parameters": {
        "fiber_diameter": 0.021,
        "blade_distance": 0.042,
        "elliptical_fiber_ratio": 1.0,
        "ratio_droplet_embedded_length": 1.36,
        "droplet_diameter": 0.162,
        "contact_angle": 25.7,
        "fiber_rotation": 0
    },
    "mechanical_parameters": {
        "interface_friction": 0.1230769230769231,
        "GI": 0.052652173913043485,
        "GII,GIII": 0.3541471571906355,
        "tI=tII=tIII": 0.806020066889632,
        "blade_friction": 0.09632107023411372
    }
}
