{
    "geometrical_parameters": {
        "fiber_diameter": 0.03027759197324415,
        "elliptical_fiber_ratio": 1.0,
        "blade_distance": 0.4461538461538461,
        "ratio_droplet_embedded_length": 1.36,
        "droplet_diameter": 0.18468896321070233,
        "contact_angle": 25.7,
        "fiber_rotation": 0
    },
    "mechanical_parameters": {
        "interface_friction": 0.0,
        "GI": 0.0015,
        "GII,GIII": 0.40658862876254187,
        "blade_friction": 0.0,
        "tI=tII=tIII": 0.5903010033444817
    }
}
