{
    "geometrical_parameters": {
        "fiber_diameter": 0.020705685618729097,
        "elliptical_fiber_ratio": 1.0,
        "blade_distance": 0.10836120401337793,
        "ratio_droplet_embedded_length": 1.36,
        "droplet_diameter": 0.10070903010033445,
        "contact_angle": 25.7,
        "fiber_rotation": 0
    },
    "mechanical_parameters": {
        "interface_friction": 0.0,
        "GI": 0.0015,
        "GII,GIII": 0.19518394648829432,
        "blade_friction": 0.0,
        "tI=tII=tIII": 1.6438127090301005
    }
}
