{
    "geometrical_parameters": {
        "fiber_diameter": 0.015528428093645484,
        "blade_distance": 0.10334448160535117,
        "elliptical_fiber_ratio": 1.065217391304348,
        "ratio_droplet_embedded_length": 1.36,
        "droplet_diameter": 0.162,
        "contact_angle": 25.7,
        "fiber_rotation": 0
    },
    "mechanical_parameters": {
        "interface_friction": 0.0,
        "GI": 0.0015,
        "GII,GIII": 0.14110367892976589,
        "blade_friction": 0.0,
        "tI=tII=tIII": 1.6438127090301005
    }
}
