{
    "geometrical_parameters": {
        "fiber_diameter": 0.026635270541082168,
        "blade_distance": 0.2301803607214429,
        "elliptical_fiber_ratio": 2.4008016032064132,
        "ratio_droplet_embedded_length": 1.2581162324649298,
        "droplet_diameter": 0.1594128256513026,
        "contact_angle": 18.986372745490982,
        "fiber_rotation": 81.52304609218437
    },
    "mechanical_parameters": {
        "interface_friction": 0.0,
        "tI": 1,
        "tII,tIII": 1.3,
        "GI": 0.01,
        "GII,GIII": 0.15,
        "blade_friction": 0.6
    }
}
