{
    "geometrical_parameters": {
        "fiber_diameter": 0.021,
        "blade_distance": 0.15,
        "elliptical_fiber_ratio": 1.0,
        "ratio_droplet_embedded_length": 1.36,
        "droplet_diameter": 0.162,
        "contact_angle": 25.7,
        "fiber_rotation": 0
    },
    "mechanical_parameters": {
        "interface_friction": 0.6421404682274249,
        "tI": 0.31070234113712375,
        "tII,tIII": 1.5334448160535117,
        "GI": 0.05000334448160535,
        "GII,GIII": 0.1640468227424749,
        "blade_friction": 0.13645484949832776
    }
}
