{
    "geometrical_parameters": {
        "fiber_diameter": 0.021,
        "blade_distance": 0.15,
        "elliptical_fiber_ratio": 1.0,
        "ratio_droplet_embedded_length": 1.36,
        "droplet_diameter": 0.162,
        "contact_angle": 25.7,
        "fiber_rotation": 0
    },
    "mechanical_parameters": {
        "interface_friction": 0.04548494983277592,
        "tI": 0.6478260869565217,
        "tII,tIII": 1.4030100334448161,
        "GI": 0.04305016722408027,
        "GII,GIII": 0.06735785953177256,
        "blade_friction": 0.7812709030100334
    }
}
