{
    "geometrical_parameters": {
        "fiber_diameter": 0.014806020066889632,
        "blade_distance": 0.491304347826087,
        "elliptical_fiber_ratio": 2.349498327759197,
        "ratio_droplet_embedded_length": 1.300200668896321,
        "droplet_diameter": 0.22487290969899665,
        "contact_angle": 16.219397993311034,
        "fiber_rotation": 46.053511705685615
    },
    "mechanical_parameters": {
        "interface_friction": 0.0,
        "GI": 0.0015,
        "GII,GIII": 0.3,
        "tI=tII=tIII": 1.3,
        "blade_friction": 0.6
    }
}
