{
    "geometrical_parameters": {
        "fiber_diameter": 0.019889779559118238,
        "elliptical_fiber_ratio": 1.0,
        "blade_distance": 0.225250501002004,
        "ratio_droplet_embedded_length": 1.36,
        "droplet_diameter": 0.1632004008016032,
        "contact_angle": 25.7,
        "fiber_rotation": 0
    },
    "mechanical_parameters": {
        "interface_friction": 0.0,
        "GI": 0.0015,
        "GII,GIII": 0.019819639278557115,
        "blade_friction": 0.0,
        "tI=tII=tIII": 1.3507014028056112
    }
}
