{
    "geometrical_parameters": {
        "fiber_diameter": 0.01310821643286573,
        "blade_distance": 0.22344689378757518,
        "elliptical_fiber_ratio": 1.5410821643286572,
        "ratio_droplet_embedded_length": 1.3857314629258517,
        "droplet_diameter": 0.15102605210420844,
        "contact_angle": 22.018436873747493,
        "fiber_rotation": 47.61523046092185
    },
    "mechanical_parameters": {
        "interface_friction": 0.0,
        "tI": 1,
        "tII,tIII": 1.3,
        "GI": 0.01,
        "GII,GIII": 0.15,
        "blade_friction": 0.6
    }
}
