{
    "geometrical_parameters": {
        "fiber_diameter": 0.019312625250501002,
        "elliptical_fiber_ratio": 1.0,
        "blade_distance": 0.5779559118236473,
        "ratio_droplet_embedded_length": 1.36,
        "droplet_diameter": 0.16184769539078156,
        "contact_angle": 25.7,
        "fiber_rotation": 0
    },
    "mechanical_parameters": {
        "interface_friction": 0.0,
        "GI": 0.0015,
        "GII,GIII": 0.1906813627254509,
        "blade_friction": 0.0,
        "tI=tII=tIII": 1.8827655310621243
    }
}
