{
    "geometrical_parameters": {
        "fiber_diameter": 0.01336072144288577,
        "blade_distance": 0.6285771543086172,
        "elliptical_fiber_ratio": 1.2675350701402806,
        "ratio_droplet_embedded_length": 1.3581563126252505,
        "droplet_diameter": 0.22407214428857716,
        "contact_angle": 20.698597194388775,
        "fiber_rotation": 75.39078156312625
    },
    "mechanical_parameters": {
        "interface_friction": 0.0,
        "tI": 1,
        "tII,tIII": 1.3,
        "GI": 0.01,
        "GII,GIII": 0.15,
        "blade_friction": 0.6
    }
}
