{
    "geometrical_parameters": {
        "fiber_diameter": 0.024438127090301007,
        "blade_distance": 0.20869565217391306,
        "elliptical_fiber_ratio": 1.9180602006688963,
        "ratio_droplet_embedded_length": 1.3012709030100333,
        "droplet_diameter": 0.16708026755852845,
        "contact_angle": 26.875585284280934,
        "fiber_rotation": 57.792642140468224
    },
    "mechanical_parameters": {
        "interface_friction": 0.0,
        "tI": 1,
        "tII,tIII": 1.3,
        "GI": 0.01,
        "GII,GIII": 0.15,
        "blade_friction": 0.8
    }
}
