{
    "geometrical_parameters": {
        "fiber_diameter": 0.030134268537074148,
        "blade_distance": 0.474749498997996,
        "elliptical_fiber_ratio": 2.433867735470942,
        "ratio_droplet_embedded_length": 1.4402404809619238,
        "droplet_diameter": 0.11531462925851704,
        "contact_angle": 19.37875751503006,
        "fiber_rotation": 32.82565130260521
    },
    "mechanical_parameters": {
        "interface_friction": 0.0,
        "tI": 1,
        "tII,tIII": 1.3,
        "GI": 0.015,
        "GII,GIII": 0.1,
        "blade_friction": 0.6
    }
}
