{
    "geometrical_parameters": {
        "fiber_diameter": 0.028258517034068138,
        "elliptical_fiber_ratio": 1.0,
        "blade_distance": 0.33046092184368736,
        "ratio_droplet_embedded_length": 1.36,
        "droplet_diameter": 0.1810561122244489,
        "contact_angle": 25.7,
        "fiber_rotation": 0
    },
    "mechanical_parameters": {
        "interface_friction": 0.0,
        "GI": 0.0015,
        "GII,GIII": 0.31931863727454907,
        "blade_friction": 0.0,
        "tI=tII=tIII": 0.9118236472945892
    }
}
