{
    "geometrical_parameters": {
        "fiber_diameter": 0.021,
        "blade_distance": 0.15,
        "elliptical_fiber_ratio": 1.0,
        "ratio_droplet_embedded_length": 1.36,
        "droplet_diameter": 0.162,
        "contact_angle": 25.7,
        "fiber_rotation": 0
    },
    "mechanical_parameters": {
        "interface_friction": 0.30234113712374583,
        "GI": 0.08013377926421406,
        "GII,GIII": 0.07391304347826087,
        "tI=tII=tIII": 1.568561872909699,
        "blade_friction": 0.7277591973244147
    }
}
