{
    "geometrical_parameters": {
        "fiber_diameter": 0.013301003344481605,
        "blade_distance": 0.5732441471571906,
        "elliptical_fiber_ratio": 1.7374581939799332,
        "ratio_droplet_embedded_length": 1.36,
        "droplet_diameter": 0.162,
        "contact_angle": 25.7,
        "fiber_rotation": 45
    },
    "mechanical_parameters": {
        "interface_friction": 0.0,
        "GI": 0.0015,
        "GII,GIII": 0.17387959866220737,
        "blade_friction": 0.0,
        "tI=tII=tIII": 1.1822742474916388
    }
}
