{
    "geometrical_parameters": {
        "fiber_diameter": 0.03027759197324415,
        "blade_distance": 0.1451505016722408,
        "elliptical_fiber_ratio": 2.4698996655518393,
        "ratio_droplet_embedded_length": 1.36,
        "droplet_diameter": 0.162,
        "contact_angle": 25.7,
        "fiber_rotation": 45
    },
    "mechanical_parameters": {
        "interface_friction": 0.0,
        "GI": 0.0015,
        "GII,GIII": 0.4852508361204013,
        "blade_friction": 0.0,
        "tI=tII=tIII": 0.7508361204013378
    }
}
