{
    "geometrical_parameters": {
        "fiber_diameter": 0.030518394648829432,
        "blade_distance": 0.39264214046822743,
        "elliptical_fiber_ratio": 1.807692307692308,
        "ratio_droplet_embedded_length": 1.36,
        "droplet_diameter": 0.162,
        "contact_angle": 25.7,
        "fiber_rotation": 45
    },
    "mechanical_parameters": {
        "interface_friction": 0.0,
        "GI": 0.0015,
        "GII,GIII": 0.04441471571906355,
        "blade_friction": 0.0,
        "tI=tII=tIII": 1.488294314381271
    }
}
