{
    "geometrical_parameters": {
        "fiber_diameter": 0.023909090909090908,
        "blade_distance_ratio_to_fiber_diameter": 2.840909090909091,
        "elliptical_fiber_ratio": 2.3737373737373737,
        "ratio_droplet_embedded_length": 1.1793939393939392,
        "droplet_diameter": 0.23163636363636364,
        "contact_angle": 23.12929292929293,
        "fiber_rotation": 22.727272727272727
    },
    "mechanical_parameters": {
        "interface_friction": 0.0,
        "GI": 0.015,
        "GII,GIII": 0.3,
        "tI=tII=tIII": 1.3,
        "blade_friction": 0.6
    }
}
