{
    "geometrical_parameters": {
        "fiber_diameter": 0.01476753507014028,
        "elliptical_fiber_ratio": 1.0,
        "blade_distance": 0.5038076152304609,
        "ratio_droplet_embedded_length": 1.36,
        "droplet_diameter": 0.136687374749499,
        "contact_angle": 25.7,
        "fiber_rotation": 0
    },
    "mechanical_parameters": {
        "interface_friction": 0.0,
        "GI": 0.0015,
        "GII,GIII": 0.20737474949899803,
        "blade_friction": 0.0,
        "tI=tII=tIII": 1.2154308617234468
    }
}
