{
    "geometrical_parameters": {
        "fiber_diameter": 0.021,
        "blade_distance": 0.15,
        "elliptical_fiber_ratio": 1.0,
        "ratio_droplet_embedded_length": 1.36,
        "droplet_diameter": 0.162,
        "contact_angle": 25.7,
        "fiber_rotation": 0
    },
    "mechanical_parameters": {
        "interface_friction": 0.337123745819398,
        "tI": 0.17491638795986622,
        "tII,tIII": 1.7842809364548495,
        "GI": 0.06324749163879599,
        "GII,GIII": 0.15093645484949833,
        "blade_friction": 0.04548494983277592
    }
}
