{
    "geometrical_parameters": {
        "fiber_diameter": 0.021,
        "blade_distance": 0.15,
        "elliptical_fiber_ratio": 1.0,
        "ratio_droplet_embedded_length": 1.36,
        "droplet_diameter": 0.162,
        "contact_angle": 25.7,
        "fiber_rotation": 0
    },
    "mechanical_parameters": {
        "interface_friction": 0.4361204013377927,
        "GI": 0.045036789297658864,
        "GII,GIII": 0.4721404682274247,
        "tI=tII=tIII": 0.5953177257525084,
        "blade_friction": 0.591304347826087
    }
}
