{
    "geometrical_parameters": {
        "fiber_diameter": 0.030636363636363642,
        "blade_distance": 0.22613152289350502,
        "elliptical_fiber_ratio": 1.5858585858585859,
        "ratio_droplet_embedded_length": 1.1858585858585857,
        "droplet_diameter": 0.23163636363636364,
        "contact_angle": 19.713131313131314,
        "fiber_rotation": 10.0
    },
    "mechanical_parameters": {
        "interface_friction": 0.0,
        "GI": 0.015,
        "GII,GIII": 0.3,
        "tI=tII=tIII": 1.3,
        "blade_friction": 0.6
    }
}
