{
    "geometrical_parameters": {
        "fiber_diameter": 0.015128256513026052,
        "blade_distance": 0.39659318637274543,
        "elliptical_fiber_ratio": 2.493987975951904,
        "ratio_droplet_embedded_length": 1.4338276553106213,
        "droplet_diameter": 0.1856553106212425,
        "contact_angle": 19.200400801603205,
        "fiber_rotation": 14.96993987975952
    },
    "mechanical_parameters": {
        "interface_friction": 0.0,
        "tI": 1,
        "tII,tIII": 1.3,
        "GI": 0.015,
        "GII,GIII": 0.1,
        "blade_friction": 0.6
    }
}
