{
    "geometrical_parameters": {
        "fiber_diameter": 0.0201062124248497,
        "blade_distance": 0.4937875751503006,
        "elliptical_fiber_ratio": 1.4539078156312626,
        "ratio_droplet_embedded_length": 1.3729058116232464,
        "droplet_diameter": 0.2129799599198397,
        "contact_angle": 18.95070140280561,
        "fiber_rotation": 79.71943887775551
    },
    "mechanical_parameters": {
        "interface_friction": 0.0,
        "tI": 1,
        "tII,tIII": 1.3,
        "GI": 0.015,
        "GII,GIII": 0.1,
        "blade_friction": 0.6
    }
}
