{
    "geometrical_parameters": {
        "fiber_diameter": 0.021,
        "blade_distance": 0.042,
        "elliptical_fiber_ratio": 1.0,
        "ratio_droplet_embedded_length": 1.36,
        "droplet_diameter": 0.162,
        "contact_angle": 25.7,
        "fiber_rotation": 0
    },
    "mechanical_parameters": {
        "interface_friction": 0.48160535117056863,
        "GI": 0.011926421404682273,
        "GII,GIII": 0.10177257525083612,
        "tI=tII=tIII": 1.192307692307692,
        "blade_friction": 0.3558528428093646
    }
}
