{
    "geometrical_parameters": {
        "fiber_diameter": 0.021,
        "blade_distance": 0.15,
        "elliptical_fiber_ratio": 1.0,
        "ratio_droplet_embedded_length": 1.36,
        "droplet_diameter": 0.162,
        "contact_angle": 25.7,
        "fiber_rotation": 0
    },
    "mechanical_parameters": {
        "interface_friction": 0.6608695652173914,
        "GI": 0.0016622073578595317,
        "GII,GIII": 0.22468227424749165,
        "tI=tII=tIII": 1.9749163879598661,
        "blade_friction": 0.15785953177257525
    }
}
