{
    "geometrical_parameters": {
        "fiber_diameter": 0.021,
        "blade_distance": 0.042,
        "elliptical_fiber_ratio": 1.0,
        "ratio_droplet_embedded_length": 1.36,
        "droplet_diameter": 0.162,
        "contact_angle": 25.7,
        "fiber_rotation": 0
    },
    "mechanical_parameters": {
        "interface_friction": 0.5270903010033445,
        "GI": 0.03973913043478261,
        "GII,GIII": 0.16896321070234113,
        "tI=tII=tIII": 1.4230769230769234,
        "blade_friction": 0.2889632107023411
    }
}
