{
    "geometrical_parameters": {
        "fiber_diameter": 0.023956521739130435,
        "blade_distance": 0.6080267558528428,
        "elliptical_fiber_ratio": 1.6956521739130435,
        "ratio_droplet_embedded_length": 1.2124414715719063,
        "droplet_diameter": 0.20229765886287626,
        "contact_angle": 19.612709030100334,
        "fiber_rotation": 80.36789297658862
    },
    "mechanical_parameters": {
        "interface_friction": 0.0,
        "GI": 0.0015,
        "GII,GIII": 0.3,
        "tI=tII=tIII": 1.3,
        "blade_friction": 0.6
    }
}
