{
    "geometrical_parameters": {
        "fiber_diameter": 0.0167875751503006,
        "blade_distance": 0.534308617234469,
        "elliptical_fiber_ratio": 2.4909819639278554,
        "ratio_droplet_embedded_length": 1.433186372745491,
        "droplet_diameter": 0.2054048096192385,
        "contact_angle": 28.04689378757515,
        "fiber_rotation": 45.27054108216433
    },
    "mechanical_parameters": {
        "interface_friction": 0.0,
        "tI": 1,
        "tII,tIII": 1.3,
        "GI": 0.01,
        "GII,GIII": 0.15,
        "blade_friction": 0.6
    }
}
