{
    "geometrical_parameters": {
        "fiber_diameter": 0.021,
        "blade_distance": 0.15,
        "elliptical_fiber_ratio": 1.0,
        "ratio_droplet_embedded_length": 1.36,
        "droplet_diameter": 0.162,
        "contact_angle": 25.7,
        "fiber_rotation": 0
    },
    "mechanical_parameters": {
        "interface_friction": 0.49765886287625416,
        "GI": 0.03212374581939799,
        "GII,GIII": 0.024749163879598662,
        "tI=tII=tIII": 0.7709030100334449,
        "blade_friction": 0.7063545150501672
    }
}
