{
    "geometrical_parameters": {
        "fiber_diameter": 0.017148296593186372,
        "blade_distance": 0.1179559118236473,
        "elliptical_fiber_ratio": 1.5230460921843687,
        "ratio_droplet_embedded_length": 1.310060120240481,
        "droplet_diameter": 0.12505410821643287,
        "contact_angle": 15.276553106212424,
        "fiber_rotation": 14.428857715430862
    },
    "mechanical_parameters": {
        "interface_friction": 0.0,
        "tI": 1,
        "tII,tIII": 1.3,
        "GI": 0.01,
        "GII,GIII": 0.15,
        "blade_friction": 0.6
    }
}
