{
    "geometrical_parameters": {
        "fiber_diameter": 0.021,
        "blade_distance": 0.042,
        "elliptical_fiber_ratio": 1.0,
        "ratio_droplet_embedded_length": 1.36,
        "droplet_diameter": 0.162,
        "contact_angle": 25.7,
        "fiber_rotation": 0
    },
    "mechanical_parameters": {
        "interface_friction": 0.7946488294314381,
        "GI": 0.07417391304347827,
        "GII,GIII": 0.04605351170568562,
        "tI=tII=tIII": 1.42809364548495,
        "blade_friction": 0.5939799331103679
    }
}
