{
    "geometrical_parameters": {
        "fiber_diameter": 0.021,
        "blade_distance": 0.15,
        "elliptical_fiber_ratio": 1.0,
        "ratio_droplet_embedded_length": 1.36,
        "droplet_diameter": 0.162,
        "contact_angle": 25.7,
        "fiber_rotation": 0
    },
    "mechanical_parameters": {
        "interface_friction": 0.30769230769230765,
        "tI": 1.2377926421404681,
        "tII,tIII": 1.6387959866220736,
        "GI": 0.07914046822742475,
        "GII,GIII": 0.10996655518394649,
        "blade_friction": 0.422742474916388
    }
}
