{
    "geometrical_parameters": {
        "fiber_diameter": 0.027929765886287625,
        "elliptical_fiber_ratio": 1.0,
        "blade_distance": 0.48461538461538467,
        "ratio_droplet_embedded_length": 1.36,
        "droplet_diameter": 0.23164548494983278,
        "contact_angle": 25.7,
        "fiber_rotation": 0
    },
    "mechanical_parameters": {
        "interface_friction": 0.0,
        "GI": 0.0015,
        "GII,GIII": 0.09521739130434782,
        "blade_friction": 0.0,
        "tI=tII=tIII": 0.6655518394648829
    }
}
