{
    "geometrical_parameters": {
        "fiber_diameter": 0.019603015075376883,
        "blade_distance": 0.7366834170854273,
        "elliptical_fiber_ratio": 2.849246231155779,
        "ratio_droplet_embedded_length": 1.4478391959798995,
        "droplet_diameter": 0.15023618090452262,
        "contact_angle": 31.31055276381909,
        "fiber_rotation": 78.69346733668341
    },
    "mechanical_parameters": {
        "interface_friction": 0.0,
        "GI": 0.0015,
        "GII,GIII": 0.3,
        "tI=tII=tIII": 1.3,
        "blade_friction": 0.6
    }
}
