{
    "geometrical_parameters": {
        "fiber_diameter": 0.025642140468227426,
        "blade_distance": 0.5030100334448161,
        "elliptical_fiber_ratio": 1.9230769230769234,
        "ratio_droplet_embedded_length": 1.1814046822742474,
        "droplet_diameter": 0.22171237458193982,
        "contact_angle": 28.899665551839462,
        "fiber_rotation": 87.29096989966555
    },
    "mechanical_parameters": {
        "interface_friction": 0.0,
        "GI": 0.0015,
        "GII,GIII": 0.3,
        "tI=tII=tIII": 1.3,
        "blade_friction": 0.6
    }
}
