{
    "geometrical_parameters": {
        "fiber_diameter": 0.023535117056856188,
        "blade_distance": 0.20301003344481608,
        "elliptical_fiber_ratio": 2.5652173913043477,
        "ratio_droplet_embedded_length": 1.445752508361204,
        "droplet_diameter": 0.14269899665551838,
        "contact_angle": 17.707692307692305,
        "fiber_rotation": 21.37123745819398
    },
    "mechanical_parameters": {
        "interface_friction": 0.0,
        "GI": 0.0015,
        "GII,GIII": 0.3,
        "tI=tII=tIII": 1.3,
        "blade_friction": 0.6
    }
}
