{
    "geometrical_parameters": {
        "fiber_diameter": 0.021,
        "blade_distance": 0.15,
        "elliptical_fiber_ratio": 1.0,
        "ratio_droplet_embedded_length": 1.36,
        "droplet_diameter": 0.162,
        "contact_angle": 25.7,
        "fiber_rotation": 0
    },
    "mechanical_parameters": {
        "interface_friction": 0.48695652173913045,
        "GI": 0.06854515050167224,
        "GII,GIII": 0.0968561872909699,
        "tI=tII=tIII": 1.3177257525083612,
        "blade_friction": 0.16588628762541804
    }
}
