{
    "geometrical_parameters": {
        "fiber_diameter": 0.020525083612040133,
        "blade_distance": 0.25217391304347825,
        "elliptical_fiber_ratio": 1.6872909698996654,
        "ratio_droplet_embedded_length": 1.4478929765886288,
        "droplet_diameter": 0.15579264214046823,
        "contact_angle": 30.44749163879598,
        "fiber_rotation": 56.88963210702341
    },
    "mechanical_parameters": {
        "interface_friction": 0.0,
        "tI": 1,
        "tII,tIII": 1.3,
        "GI": 0.01,
        "GII,GIII": 0.15,
        "blade_friction": 0.8
    }
}
