{
    "geometrical_parameters": {
        "fiber_diameter": 0.018272727272727274,
        "blade_distance": 0.04129631468104471,
        "elliptical_fiber_ratio": 1.808080808080808,
        "ratio_droplet_embedded_length": 1.1632323232323232,
        "droplet_diameter": 0.10754545454545456,
        "contact_angle": 27.983838383838382,
        "fiber_rotation": 52.72727272727273
    },
    "mechanical_parameters": {
        "interface_friction": 0.0,
        "GI": 0.015,
        "GII,GIII": 0.3,
        "tI=tII=tIII": 1.3,
        "blade_friction": 0.6
    }
}
