{
    "geometrical_parameters": {
        "fiber_diameter": 0.017,
        "blade_distance_ratio_to_fiber_diameter": 4.886363636363637,
        "elliptical_fiber_ratio": 1.5858585858585859,
        "ratio_droplet_embedded_length": 1.1955555555555555,
        "droplet_diameter": 0.21800000000000003,
        "contact_angle": 22.949494949494948,
        "fiber_rotation": 56.36363636363636
    },
    "mechanical_parameters": {
        "interface_friction": 0.0,
        "GI": 0.015,
        "GII,GIII": 0.3,
        "tI=tII=tIII": 1.3,
        "blade_friction": 0.6
    }
}
