{
    "geometrical_parameters": {
        "fiber_diameter": 0.021,
        "blade_distance": 0.15,
        "elliptical_fiber_ratio": 1.0,
        "ratio_droplet_embedded_length": 1.36,
        "droplet_diameter": 0.162,
        "contact_angle": 25.7,
        "fiber_rotation": 0
    },
    "mechanical_parameters": {
        "interface_friction": 0.39063545150501666,
        "tI": 0.2872909698996655,
        "tII,tIII": 1.307692307692308,
        "GI": 0.060598662207357865,
        "GII,GIII": 0.4049498327759197,
        "blade_friction": 0.6367892976588629
    }
}
