{
    "geometrical_parameters": {
        "fiber_diameter": 0.021,
        "blade_distance": 0.042,
        "elliptical_fiber_ratio": 1.0,
        "ratio_droplet_embedded_length": 1.36,
        "droplet_diameter": 0.162,
        "contact_angle": 25.7,
        "fiber_rotation": 0
    },
    "mechanical_parameters": {
        "interface_friction": 0.6528428093645485,
        "GI": 0.03642809364548495,
        "GII,GIII": 0.24598662207357858,
        "tI=tII=tIII": 1.1622073578595318,
        "blade_friction": 0.008026755852842809
    }
}
