{
    "geometrical_parameters": {
        "fiber_diameter": 0.021,
        "blade_distance": 0.15,
        "elliptical_fiber_ratio": 1.0,
        "ratio_droplet_embedded_length": 1.36,
        "droplet_diameter": 0.162,
        "contact_angle": 25.7,
        "fiber_rotation": 0
    },
    "mechanical_parameters": {
        "interface_friction": 0.7705685618729098,
        "GI": 0.008615384615384617,
        "GII,GIII": 0.0968561872909699,
        "tI=tII=tIII": 0.6053511705685619,
        "blade_friction": 0.34782608695652173
    }
}
