{
    "geometrical_parameters": {
        "fiber_diameter": 0.020464882943143813,
        "blade_distance": 0.13177257525083613,
        "elliptical_fiber_ratio": 2.3846153846153846,
        "ratio_droplet_embedded_length": 1.36,
        "droplet_diameter": 0.162,
        "contact_angle": 25.7,
        "fiber_rotation": 45
    },
    "mechanical_parameters": {
        "interface_friction": 0.0,
        "GI": 0.0015,
        "GII,GIII": 0.20665551839464882,
        "blade_friction": 0.0,
        "tI=tII=tIII": 1.7190635451505016
    }
}
