{
    "geometrical_parameters": {
        "fiber_diameter": 0.03045819397993311,
        "blade_distance": 0.22709030100334446,
        "elliptical_fiber_ratio": 1.8327759197324416,
        "ratio_droplet_embedded_length": 1.36,
        "droplet_diameter": 0.162,
        "contact_angle": 25.7,
        "fiber_rotation": 0
    },
    "mechanical_parameters": {
        "interface_friction": 0.0,
        "GI": 0.0015,
        "GII,GIII": 0.3770903010033445,
        "blade_friction": 0.0,
        "tI=tII=tIII": 0.5652173913043478
    }
}
