{
    "geometrical_parameters": {
        "fiber_diameter": 0.02744816053511706,
        "elliptical_fiber_ratio": 1.0,
        "blade_distance": 0.10668896321070234,
        "ratio_droplet_embedded_length": 1.36,
        "droplet_diameter": 0.14585953177257527,
        "contact_angle": 25.7,
        "fiber_rotation": 0
    },
    "mechanical_parameters": {
        "interface_friction": 0.0,
        "GI": 0.0015,
        "GII,GIII": 0.04605351170568562,
        "blade_friction": 0.0,
        "tI=tII=tIII": 1.2876254180602005
    }
}
