{
    "geometrical_parameters": {
        "fiber_diameter": 0.028411371237458197,
        "blade_distance": 0.28227424749163876,
        "elliptical_fiber_ratio": 1.7625418060200668,
        "ratio_droplet_embedded_length": 1.36,
        "droplet_diameter": 0.162,
        "contact_angle": 25.7,
        "fiber_rotation": 45
    },
    "mechanical_parameters": {
        "interface_friction": 0.0,
        "GI": 0.0015,
        "GII,GIII": 0.17060200668896322,
        "blade_friction": 0.0,
        "tI=tII=tIII": 1.8645484949832776
    }
}
