{
    "geometrical_parameters": {
        "fiber_diameter": 0.021,
        "blade_distance": 0.15,
        "elliptical_fiber_ratio": 1.0,
        "ratio_droplet_embedded_length": 1.36,
        "droplet_diameter": 0.162,
        "contact_angle": 25.7,
        "fiber_rotation": 0
    },
    "mechanical_parameters": {
        "interface_friction": 0.4949832775919733,
        "GI": 0.07947157190635451,
        "GII,GIII": 0.10668896321070234,
        "tI=tII=tIII": 1.7591973244147157,
        "blade_friction": 0.208695652173913
    }
}
