{
    "geometrical_parameters": {
        "fiber_diameter": 0.025461538461538463,
        "blade_distance": 0.4695652173913043,
        "elliptical_fiber_ratio": 1.2207357859531773,
        "ratio_droplet_embedded_length": 1.3836789297658862,
        "droplet_diameter": 0.23029096989966558,
        "contact_angle": 22.589297658862876,
        "fiber_rotation": 62.909698996655514
    },
    "mechanical_parameters": {
        "interface_friction": 0.0,
        "GI": 0.0015,
        "GII,GIII": 0.3,
        "tI=tII=tIII": 1.3,
        "blade_friction": 0.6
    }
}
