{
    "geometrical_parameters": {
        "fiber_diameter": 0.030026052104208417,
        "blade_distance": 0.5690981963927856,
        "elliptical_fiber_ratio": 1.9228456913827656,
        "ratio_droplet_embedded_length": 1.1933466933867736,
        "droplet_diameter": 0.16536472945891784,
        "contact_angle": 21.37635270541082,
        "fiber_rotation": 41.84368737474951
    },
    "mechanical_parameters": {
        "interface_friction": 0.0,
        "tI": 1,
        "tII,tIII": 1.3,
        "GI": 0.01,
        "GII,GIII": 0.15,
        "blade_friction": 0.6
    }
}
