{
    "geometrical_parameters": {
        "fiber_diameter": 0.01703344481605351,
        "blade_distance": 0.48461538461538467,
        "elliptical_fiber_ratio": 2.3946488294314383,
        "ratio_droplet_embedded_length": 1.2584615384615383,
        "droplet_diameter": 0.21584280936454853,
        "contact_angle": 24.018060200668895,
        "fiber_rotation": 41.23745819397993
    },
    "mechanical_parameters": {
        "interface_friction": 0.0,
        "GI": 0.0015,
        "GII,GIII": 0.3,
        "tI=tII=tIII": 1.3,
        "blade_friction": 0.6
    }
}
