{
    "geometrical_parameters": {
        "fiber_diameter": 0.01697324414715719,
        "elliptical_fiber_ratio": 1.0,
        "blade_distance": 0.17525083612040132,
        "ratio_droplet_embedded_length": 1.36,
        "droplet_diameter": 0.1377324414715719,
        "contact_angle": 25.7,
        "fiber_rotation": 0
    },
    "mechanical_parameters": {
        "interface_friction": 0.0,
        "GI": 0.0015,
        "GII,GIII": 0.23451505016722407,
        "blade_friction": 0.0,
        "tI=tII=tIII": 0.6806020066889632
    }
}
