{
    "geometrical_parameters": {
        "fiber_diameter": 0.030036789297658864,
        "blade_distance": 0.42107023411371236,
        "elliptical_fiber_ratio": 1.4214046822742474,
        "ratio_droplet_embedded_length": 1.36,
        "droplet_diameter": 0.162,
        "contact_angle": 25.7,
        "fiber_rotation": 0
    },
    "mechanical_parameters": {
        "interface_friction": 0.0,
        "GI": 0.0015,
        "GII,GIII": 0.14765886287625418,
        "blade_friction": 0.0,
        "tI=tII=tIII": 1.779264214046823
    }
}
