{
    "geometrical_parameters": {
        "fiber_diameter": 0.018839464882943142,
        "blade_distance": 0.33244147157190634,
        "elliptical_fiber_ratio": 2.3545150501672243,
        "ratio_droplet_embedded_length": 1.265953177257525,
        "droplet_diameter": 0.20229765886287626,
        "contact_angle": 27.828093645484948,
        "fiber_rotation": 79.76588628762543
    },
    "mechanical_parameters": {
        "interface_friction": 0.0,
        "GI": 0.0015,
        "GII,GIII": 0.3,
        "tI=tII=tIII": 1.3,
        "blade_friction": 0.6
    }
}
