{
    "geometrical_parameters": {
        "fiber_diameter": 0.018357859531772575,
        "blade_distance": 0.1551839464882943,
        "elliptical_fiber_ratio": 1.92809364548495,
        "ratio_droplet_embedded_length": 1.3076923076923077,
        "droplet_diameter": 0.18333444816053512,
        "contact_angle": 25.565886287625418,
        "fiber_rotation": 51.170568561872905
    },
    "mechanical_parameters": {
        "interface_friction": 0.0,
        "GI": 0.0015,
        "GII,GIII": 0.3,
        "tI=tII=tIII": 1.3,
        "blade_friction": 0.6
    }
}
