{
    "geometrical_parameters": {
        "fiber_diameter": 0.019384769539078157,
        "elliptical_fiber_ratio": 1.0,
        "blade_distance": 0.5328657314629258,
        "ratio_droplet_embedded_length": 1.36,
        "droplet_diameter": 0.16969338677354712,
        "contact_angle": 25.7,
        "fiber_rotation": 0
    },
    "mechanical_parameters": {
        "interface_friction": 0.0,
        "GI": 0.0015,
        "GII,GIII": 0.3988577154308618,
        "blade_friction": 0.0,
        "tI=tII=tIII": 1.993987975951904
    }
}
