{
    "geometrical_parameters": {
        "fiber_diameter": 0.027508361204013378,
        "blade_distance": 0.4193979933110368,
        "elliptical_fiber_ratio": 1.612040133779264,
        "ratio_droplet_embedded_length": 1.2670234113712373,
        "droplet_diameter": 0.20726421404682277,
        "contact_angle": 23.958528428093643,
        "fiber_rotation": 84.88294314381271
    },
    "mechanical_parameters": {
        "interface_friction": 0.0,
        "GI": 0.0015,
        "GII,GIII": 0.3,
        "tI=tII=tIII": 1.3,
        "blade_friction": 0.6
    }
}
