{
    "geometrical_parameters": {
        "fiber_diameter": 0.02034448160535117,
        "blade_distance": 0.41270903010033444,
        "elliptical_fiber_ratio": 2.269230769230769,
        "ratio_droplet_embedded_length": 1.2980602006688962,
        "droplet_diameter": 0.2149397993311037,
        "contact_angle": 13.897658862876254,
        "fiber_rotation": 17.458193979933107
    },
    "mechanical_parameters": {
        "interface_friction": 0.0,
        "tI": 1,
        "tII,tIII": 1.3,
        "GI": 0.01,
        "GII,GIII": 0.15,
        "blade_friction": 0.8
    }
}
