{
    "geometrical_parameters": {
        "fiber_diameter": 0.013973947895791582,
        "blade_distance": 0.256312625250501,
        "elliptical_fiber_ratio": 2.05811623246493,
        "ratio_droplet_embedded_length": 1.2074549098196392,
        "droplet_diameter": 0.1894428857715431,
        "contact_angle": 25.942284569138273,
        "fiber_rotation": 0.0
    },
    "mechanical_parameters": {
        "interface_friction": 0.0,
        "tI": 1,
        "tII,tIII": 1.3,
        "GI": 0.015,
        "GII,GIII": 0.1,
        "blade_friction": 0.6
    }
}
