{
    "geometrical_parameters": {
        "fiber_diameter": 0.029013377926421405,
        "blade_distance": 0.4795986622073579,
        "elliptical_fiber_ratio": 2.229096989966555,
        "ratio_droplet_embedded_length": 1.2531103678929765,
        "droplet_diameter": 0.10928762541806021,
        "contact_angle": 30.685618729096987,
        "fiber_rotation": 89.39799331103679
    },
    "mechanical_parameters": {
        "interface_friction": 0.0,
        "GI": 0.0015,
        "GII,GIII": 0.3,
        "tI=tII=tIII": 1.3,
        "blade_friction": 0.6
    }
}
