{
    "geometrical_parameters": {
        "fiber_diameter": 0.024326653306613228,
        "blade_distance": 0.6151102204408818,
        "elliptical_fiber_ratio": 2.4368737474949898,
        "ratio_droplet_embedded_length": 1.1664128256513024,
        "droplet_diameter": 0.2121683366733467,
        "contact_angle": 28.831663326653302,
        "fiber_rotation": 65.11022044088176
    },
    "mechanical_parameters": {
        "interface_friction": 0.0,
        "tI": 1,
        "tII,tIII": 1.3,
        "GI": 0.01,
        "GII,GIII": 0.15,
        "blade_friction": 0.6
    }
}
