{
    "geometrical_parameters": {
        "fiber_diameter": 0.02540881763527054,
        "elliptical_fiber_ratio": 1.0,
        "blade_distance": 0.11002004008016032,
        "ratio_droplet_embedded_length": 1.36,
        "droplet_diameter": 0.1837615230460922,
        "contact_angle": 25.7,
        "fiber_rotation": 0
    },
    "mechanical_parameters": {
        "interface_friction": 0.0,
        "GI": 0.0015,
        "GII,GIII": 0.23094188376753508,
        "blade_friction": 0.0,
        "tI=tII=tIII": 0.6142284569138277
    }
}
