{
    "geometrical_parameters": {
        "fiber_diameter": 0.018719063545150502,
        "blade_distance": 0.2053511705685619,
        "elliptical_fiber_ratio": 1.0351170568561874,
        "ratio_droplet_embedded_length": 1.36,
        "droplet_diameter": 0.162,
        "contact_angle": 25.7,
        "fiber_rotation": 45
    },
    "mechanical_parameters": {
        "interface_friction": 0.0,
        "GI": 0.0015,
        "GII,GIII": 0.4360869565217392,
        "blade_friction": 0.0,
        "tI=tII=tIII": 1.4130434782608696
    }
}
