{
    "geometrical_parameters": {
        "fiber_diameter": 0.016612040133779264,
        "blade_distance": 0.15351170568561873,
        "elliptical_fiber_ratio": 2.4247491638795986,
        "ratio_droplet_embedded_length": 1.4307692307692308,
        "droplet_diameter": 0.12870234113712375,
        "contact_angle": 29.55451505016722,
        "fiber_rotation": 51.47157190635452
    },
    "mechanical_parameters": {
        "interface_friction": 0.0,
        "tI": 1,
        "tII,tIII": 1.3,
        "GI": 0.01,
        "GII,GIII": 0.15,
        "blade_friction": 0.8
    }
}
