{
    "geometrical_parameters": {
        "fiber_diameter": 0.017545090180360722,
        "elliptical_fiber_ratio": 1.0,
        "blade_distance": 0.33947895791583166,
        "ratio_droplet_embedded_length": 1.36,
        "droplet_diameter": 0.14263927855711422,
        "contact_angle": 25.7,
        "fiber_rotation": 0
    },
    "mechanical_parameters": {
        "interface_friction": 0.0,
        "GI": 0.0015,
        "GII,GIII": 0.25647294589178354,
        "blade_friction": 0.0,
        "tI=tII=tIII": 0.7014028056112225
    }
}
