{
    "geometrical_parameters": {
        "fiber_diameter": 0.024975951903807615,
        "elliptical_fiber_ratio": 1.0,
        "blade_distance": 0.4937875751503006,
        "ratio_droplet_embedded_length": 1.36,
        "droplet_diameter": 0.2121683366733467,
        "contact_angle": 25.7,
        "fiber_rotation": 0
    },
    "mechanical_parameters": {
        "interface_friction": 0.0,
        "GI": 0.0015,
        "GII,GIII": 0.20835671342685372,
        "blade_friction": 0.0,
        "tI=tII=tIII": 1.3687374749498997
    }
}
