{
    "geometrical_parameters": {
        "fiber_diameter": 0.021,
        "blade_distance": 0.15,
        "elliptical_fiber_ratio": 1.0,
        "ratio_droplet_embedded_length": 1.36,
        "droplet_diameter": 0.162,
        "contact_angle": 25.7,
        "fiber_rotation": 0
    },
    "mechanical_parameters": {
        "interface_friction": 0.6742474916387962,
        "tI": 1.0411371237458193,
        "tII,tIII": 1.9096989966555185,
        "GI": 0.02748829431438127,
        "GII,GIII": 0.055886287625418064,
        "blade_friction": 0.25953177257525084
    }
}
