{
    "geometrical_parameters": {
        "fiber_diameter": 0.015408026755852842,
        "elliptical_fiber_ratio": 1.0,
        "blade_distance": 0.579933110367893,
        "ratio_droplet_embedded_length": 1.36,
        "droplet_diameter": 0.20952173913043481,
        "contact_angle": 25.7,
        "fiber_rotation": 0
    },
    "mechanical_parameters": {
        "interface_friction": 0.0,
        "GI": 0.0015,
        "GII,GIII": 0.28040133779264215,
        "blade_friction": 0.0,
        "tI=tII=tIII": 1.2775919732441472
    }
}
