{
    "geometrical_parameters": {
        "fiber_diameter": 0.019923076923076922,
        "blade_distance": 0.4829431438127091,
        "elliptical_fiber_ratio": 2.12876254180602,
        "ratio_droplet_embedded_length": 1.2595317725752508,
        "droplet_diameter": 0.11154515050167224,
        "contact_angle": 15.14782608695652,
        "fiber_rotation": 55.08361204013378
    },
    "mechanical_parameters": {
        "interface_friction": 0.0,
        "GI": 0.0015,
        "GII,GIII": 0.3,
        "tI=tII=tIII": 1.3,
        "blade_friction": 0.6
    }
}
