{
    "geometrical_parameters": {
        "fiber_diameter": 0.022752508361204016,
        "blade_distance": 0.7602006688963212,
        "elliptical_fiber_ratio": 1.7090301003344481,
        "ratio_droplet_embedded_length": 1.274515050167224,
        "droplet_diameter": 0.21584280936454853,
        "contact_angle": 24.077591973244147,
        "fiber_rotation": 40.33444816053511
    },
    "mechanical_parameters": {
        "interface_friction": 0.0,
        "GI": 0.0015,
        "GII,GIII": 0.3,
        "tI=tII=tIII": 1.3,
        "blade_friction": 0.6
    }
}
