{
    "geometrical_parameters": {
        "fiber_diameter": 0.020539078156312625,
        "blade_distance": 0.3735470941883767,
        "elliptical_fiber_ratio": 1.6613226452905812,
        "ratio_droplet_embedded_length": 1.3587975951903808,
        "droplet_diameter": 0.15860120240480963,
        "contact_angle": 23.659318637274545,
        "fiber_rotation": 39.138276553106216
    },
    "mechanical_parameters": {
        "interface_friction": 0.0,
        "tI": 1,
        "tII,tIII": 1.3,
        "GI": 0.015,
        "GII,GIII": 0.1,
        "blade_friction": 0.6
    }
}
