{
    "geometrical_parameters": {
        "fiber_diameter": 0.014023411371237457,
        "blade_distance": 0.1725752508361204,
        "elliptical_fiber_ratio": 1.923076923076923,
        "ratio_droplet_embedded_length": 1.380468227424749,
        "droplet_diameter": 0.1264448160535117,
        "contact_angle": 16.278929765886286,
        "fiber_rotation": 42.44147157190635
    },
    "mechanical_parameters": {
        "interface_friction": 0.0,
        "GI": 0.0015,
        "GII,GIII": 0.3,
        "tI=tII=tIII": 1.3,
        "blade_friction": 0.6
    }
}
