{
    "geometrical_parameters": {
        "fiber_diameter": 0.02302805611222445,
        "blade_distance": 0.40188376753507016,
        "elliptical_fiber_ratio": 1.342685370741483,
        "ratio_droplet_embedded_length": 1.3440480961923846,
        "droplet_diameter": 0.19999398797595191,
        "contact_angle": 29.794789579158312,
        "fiber_rotation": 62.40480961923847
    },
    "mechanical_parameters": {
        "interface_friction": 0.0,
        "tI": 1,
        "tII,tIII": 1.3,
        "GI": 0.01,
        "GII,GIII": 0.15,
        "blade_friction": 0.6
    }
}
