{
    "geometrical_parameters": {
        "fiber_diameter": 0.021,
        "blade_distance": 0.15,
        "elliptical_fiber_ratio": 1.0,
        "ratio_droplet_embedded_length": 1.36,
        "droplet_diameter": 0.162,
        "contact_angle": 25.7,
        "fiber_rotation": 0
    },
    "mechanical_parameters": {
        "interface_friction": 0.2193979933110368,
        "GI": 0.01921070234113713,
        "GII,GIII": 0.4311705685618729,
        "tI=tII=tIII": 0.9364548494983277,
        "blade_friction": 0.4949832775919733
    }
}
