{
    "geometrical_parameters": {
        "fiber_diameter": 0.03039799331103679,
        "blade_distance": 0.14013377926421405,
        "elliptical_fiber_ratio": 1.491638795986622,
        "ratio_droplet_embedded_length": 1.36,
        "droplet_diameter": 0.162,
        "contact_angle": 25.7,
        "fiber_rotation": 0
    },
    "mechanical_parameters": {
        "interface_friction": 0.0,
        "GI": 0.0015,
        "GII,GIII": 0.3623411371237458,
        "blade_friction": 0.0,
        "tI=tII=tIII": 1.4030100334448161
    }
}
