{
    "geometrical_parameters": {
        "fiber_diameter": 0.017112224448897796,
        "blade_distance": 0.2963927855711423,
        "elliptical_fiber_ratio": 1.6162324649298596,
        "ratio_droplet_embedded_length": 1.1715430861723446,
        "droplet_diameter": 0.17591583166332664,
        "contact_angle": 27.975551102204406,
        "fiber_rotation": 89.09819639278557
    },
    "mechanical_parameters": {
        "interface_friction": 0.0,
        "tI": 1,
        "tII,tIII": 1.3,
        "GI": 0.015,
        "GII,GIII": 0.1,
        "blade_friction": 0.6
    }
}
