{
    "geometrical_parameters": {
        "fiber_diameter": 0.020178356713426854,
        "elliptical_fiber_ratio": 1.0,
        "blade_distance": 0.36052104208416835,
        "ratio_droplet_embedded_length": 1.36,
        "droplet_diameter": 0.19377154308617234,
        "contact_angle": 25.7,
        "fiber_rotation": 0
    },
    "mechanical_parameters": {
        "interface_friction": 0.0,
        "GI": 0.0015,
        "GII,GIII": 0.13569138276553105,
        "blade_friction": 0.0,
        "tI=tII=tIII": 0.6322645290581163
    }
}
