{
    "geometrical_parameters": {
        "fiber_diameter": 0.014986622073578596,
        "blade_distance": 0.24046822742474916,
        "elliptical_fiber_ratio": 2.229096989966555,
        "ratio_droplet_embedded_length": 1.36,
        "droplet_diameter": 0.162,
        "contact_angle": 25.7,
        "fiber_rotation": 0
    },
    "mechanical_parameters": {
        "interface_friction": 0.0,
        "GI": 0.0015,
        "GII,GIII": 0.2541806020066889,
        "blade_friction": 0.0,
        "tI=tII=tIII": 1.42809364548495
    }
}
