{
    "geometrical_parameters": {
        "fiber_diameter": 0.016612040133779264,
        "elliptical_fiber_ratio": 1.0,
        "blade_distance": 0.5849498327759197,
        "ratio_droplet_embedded_length": 1.36,
        "droplet_diameter": 0.20726421404682277,
        "contact_angle": 25.7,
        "fiber_rotation": 0
    },
    "mechanical_parameters": {
        "interface_friction": 0.0,
        "GI": 0.0015,
        "GII,GIII": 0.3393979933110368,
        "blade_friction": 0.0,
        "tI=tII=tIII": 1.488294314381271
    }
}
