{
    "geometrical_parameters": {
        "fiber_diameter": 0.029976588628762547,
        "blade_distance": 0.3491638795986622,
        "elliptical_fiber_ratio": 2.4648829431438126,
        "ratio_droplet_embedded_length": 1.177123745819398,
        "droplet_diameter": 0.154438127090301,
        "contact_angle": 26.816053511705682,
        "fiber_rotation": 80.96989966555184
    },
    "mechanical_parameters": {
        "interface_friction": 0.0,
        "tI": 1,
        "tII,tIII": 1.3,
        "GI": 0.01,
        "GII,GIII": 0.15,
        "blade_friction": 0.8
    }
}
