{
    "geometrical_parameters": {
        "fiber_diameter": 0.025461538461538463,
        "blade_distance": 0.31237458193979933,
        "elliptical_fiber_ratio": 1.431438127090301,
        "ratio_droplet_embedded_length": 1.36,
        "droplet_diameter": 0.162,
        "contact_angle": 25.7,
        "fiber_rotation": 0
    },
    "mechanical_parameters": {
        "interface_friction": 0.0,
        "GI": 0.0015,
        "GII,GIII": 0.3852842809364549,
        "blade_friction": 0.0,
        "tI=tII=tIII": 1.3478260869565217
    }
}
