{
    "geometrical_parameters": {
        "fiber_diameter": 0.022692307692307692,
        "blade_distance": 0.3391304347826087,
        "elliptical_fiber_ratio": 1.245819397993311,
        "ratio_droplet_embedded_length": 1.36,
        "droplet_diameter": 0.162,
        "contact_angle": 25.7,
        "fiber_rotation": 0
    },
    "mechanical_parameters": {
        "interface_friction": 0.0,
        "GI": 0.0015,
        "GII,GIII": 0.39839464882943143,
        "blade_friction": 0.0,
        "tI=tII=tIII": 1.6789297658862876
    }
}
