{
    "geometrical_parameters": {
        "fiber_diameter": 0.026304347826086958,
        "blade_distance": 0.1802675585284281,
        "elliptical_fiber_ratio": 2.2892976588628766,
        "ratio_droplet_embedded_length": 1.36,
        "droplet_diameter": 0.162,
        "contact_angle": 25.7,
        "fiber_rotation": 45
    },
    "mechanical_parameters": {
        "interface_friction": 0.0,
        "GI": 0.0015,
        "GII,GIII": 0.30334448160535116,
        "blade_friction": 0.0,
        "tI=tII=tIII": 1.6438127090301005
    }
}
