{
    "geometrical_parameters": {
        "fiber_diameter": 0.02190969899665552,
        "blade_distance": 0.35752508361204016,
        "elliptical_fiber_ratio": 2.2491638795986626,
        "ratio_droplet_embedded_length": 1.343010033444816,
        "droplet_diameter": 0.233,
        "contact_angle": 28.78060200668896,
        "fiber_rotation": 75.55183946488293
    },
    "mechanical_parameters": {
        "interface_friction": 0.0,
        "GI": 0.0015,
        "GII,GIII": 0.3,
        "tI=tII=tIII": 1.3,
        "blade_friction": 0.6
    }
}
