{
    "geometrical_parameters": {
        "fiber_diameter": 0.030337792642140468,
        "blade_distance": 0.12173913043478261,
        "elliptical_fiber_ratio": 2.4949832775919734,
        "ratio_droplet_embedded_length": 1.36,
        "droplet_diameter": 0.162,
        "contact_angle": 25.7,
        "fiber_rotation": 45
    },
    "mechanical_parameters": {
        "interface_friction": 0.0,
        "GI": 0.0015,
        "GII,GIII": 0.47050167224080264,
        "blade_friction": 0.0,
        "tI=tII=tIII": 1.62876254180602
    }
}
