{
    "geometrical_parameters": {
        "fiber_diameter": 0.02136789297658863,
        "elliptical_fiber_ratio": 1.0,
        "blade_distance": 0.24046822742474916,
        "ratio_droplet_embedded_length": 1.36,
        "droplet_diameter": 0.11380267558528429,
        "contact_angle": 25.7,
        "fiber_rotation": 0
    },
    "mechanical_parameters": {
        "interface_friction": 0.0,
        "GI": 0.0015,
        "GII,GIII": 0.30989966555183945,
        "blade_friction": 0.0,
        "tI=tII=tIII": 1.342809364548495
    }
}
