{
    "geometrical_parameters": {
        "fiber_diameter": 0.021,
        "blade_distance": 0.042,
        "elliptical_fiber_ratio": 1.0,
        "ratio_droplet_embedded_length": 1.36,
        "droplet_diameter": 0.162,
        "contact_angle": 25.7,
        "fiber_rotation": 0
    },
    "mechanical_parameters": {
        "interface_friction": 0.12040133779264213,
        "GI": 0.08708695652173913,
        "GII,GIII": 0.16732441471571904,
        "tI=tII=tIII": 1.112040133779264,
        "blade_friction": 0.7224080267558529
    }
}
