{
    "geometrical_parameters": {
        "fiber_diameter": 0.014806020066889632,
        "blade_distance": 0.528428093645485,
        "elliptical_fiber_ratio": 1.6220735785953178,
        "ratio_droplet_embedded_length": 1.3729765886287626,
        "droplet_diameter": 0.1950735785953177,
        "contact_angle": 18.124414715719062,
        "fiber_rotation": 12.94314381270903
    },
    "mechanical_parameters": {
        "interface_friction": 0.0,
        "GI": 0.0015,
        "GII,GIII": 0.3,
        "tI=tII=tIII": 1.3,
        "blade_friction": 0.6
    }
}
