{
    "geometrical_parameters": {
        "fiber_diameter": 0.023354515050167224,
        "blade_distance": 0.5331103678929766,
        "elliptical_fiber_ratio": 1.5167224080267558,
        "ratio_droplet_embedded_length": 1.48,
        "droplet_diameter": 0.19146153846153846,
        "contact_angle": 15.981270903010033,
        "fiber_rotation": 6.0200668896321075
    },
    "mechanical_parameters": {
        "interface_friction": 0.0,
        "tI": 1,
        "tII,tIII": 1.3,
        "GI": 0.01,
        "GII,GIII": 0.15,
        "blade_friction": 0.8
    }
}
