{
    "geometrical_parameters": {
        "fiber_diameter": 0.030698996655518396,
        "blade_distance": 0.1936454849498328,
        "elliptical_fiber_ratio": 1.7725752508361206,
        "ratio_droplet_embedded_length": 1.36,
        "droplet_diameter": 0.162,
        "contact_angle": 25.7,
        "fiber_rotation": 0
    },
    "mechanical_parameters": {
        "interface_friction": 0.0,
        "GI": 0.0015,
        "GII,GIII": 0.30662207357859533,
        "blade_friction": 0.0,
        "tI=tII=tIII": 1.2976588628762542
    }
}
