{
    "geometrical_parameters": {
        "fiber_diameter": 0.027929765886287625,
        "blade_distance": 0.3240802675585284,
        "elliptical_fiber_ratio": 1.1153846153846154,
        "ratio_droplet_embedded_length": 1.163210702341137,
        "droplet_diameter": 0.14089297658862876,
        "contact_angle": 28.244816053511705,
        "fiber_rotation": 38.22742474916388
    },
    "mechanical_parameters": {
        "interface_friction": 0.0,
        "GI": 0.0015,
        "GII,GIII": 0.3,
        "tI=tII=tIII": 1.3,
        "blade_friction": 0.6
    }
}
