{
    "geometrical_parameters": {
        "fiber_diameter": 0.02372727272727273,
        "blade_distance": 0.3373737373737374,
        "elliptical_fiber_ratio": 1.5303030303030303,
        "ratio_droplet_embedded_length": 1.2246464646464645,
        "droplet_diameter": 0.14163636363636364,
        "contact_angle": 16.296969696969697,
        "fiber_rotation": 43.63636363636363
    },
    "mechanical_parameters": {
        "interface_friction": 0.0,
        "tI": 0.2,
        "tII,tIII": 1.3,
        "GI": 1,
        "GII,GIII": 0.15,
        "blade_friction": 0.6
    }
}
