{
    "geometrical_parameters": {
        "fiber_diameter": 0.01703344481605351,
        "blade_distance": 0.4628762541806021,
        "elliptical_fiber_ratio": 1.0451505016722409,
        "ratio_droplet_embedded_length": 1.3665551839464882,
        "droplet_diameter": 0.12192976588628764,
        "contact_angle": 18.00535117056856,
        "fiber_rotation": 84.5819397993311
    },
    "mechanical_parameters": {
        "interface_friction": 0.0,
        "tI": 1,
        "tII,tIII": 1.3,
        "GI": 0.01,
        "GII,GIII": 0.15,
        "blade_friction": 0.8
    }
}
