{
    "geometrical_parameters": {
        "fiber_diameter": 0.01691304347826087,
        "blade_distance": 0.35752508361204016,
        "elliptical_fiber_ratio": 1.8678929765886287,
        "ratio_droplet_embedded_length": 1.36,
        "droplet_diameter": 0.162,
        "contact_angle": 25.7,
        "fiber_rotation": 45
    },
    "mechanical_parameters": {
        "interface_friction": 0.0,
        "GI": 0.0015,
        "GII,GIII": 0.06080267558528429,
        "blade_friction": 0.0,
        "tI=tII=tIII": 0.8210702341137124
    }
}
