{
    "geometrical_parameters": {
        "fiber_diameter": 0.021,
        "blade_distance": 0.15,
        "elliptical_fiber_ratio": 1.0,
        "ratio_droplet_embedded_length": 1.36,
        "droplet_diameter": 0.162,
        "contact_angle": 25.7,
        "fiber_rotation": 0
    },
    "mechanical_parameters": {
        "interface_friction": 0.38260869565217387,
        "tI": 0.6431438127090301,
        "tII,tIII": 1.2926421404682276,
        "GI": 0.08344481605351171,
        "GII,GIII": 0.33120401337792643,
        "blade_friction": 0.5538461538461539
    }
}
