{
    "geometrical_parameters": {
        "fiber_diameter": 0.014899497487437185,
        "blade_distance": 0.4743718592964825,
        "elliptical_fiber_ratio": 2.5678391959798996,
        "ratio_droplet_embedded_length": 1.2548743718592965,
        "droplet_diameter": 0.20382914572864322,
        "contact_angle": 27.553768844221104,
        "fiber_rotation": 72.8140703517588
    },
    "mechanical_parameters": {
        "interface_friction": 0.0,
        "GI": 0.0015,
        "GII,GIII": 0.3,
        "tI=tII=tIII": 1.3,
        "blade_friction": 0.6
    }
}
