{
    "geometrical_parameters": {
        "fiber_diameter": 0.014505016722408027,
        "blade_distance": 0.19698996655518394,
        "elliptical_fiber_ratio": 2.2040133779264215,
        "ratio_droplet_embedded_length": 1.22314381270903,
        "droplet_diameter": 0.1485685618729097,
        "contact_angle": 20.80334448160535,
        "fiber_rotation": 46.95652173913044
    },
    "mechanical_parameters": {
        "interface_friction": 0.0,
        "GI": 0.0015,
        "GII,GIII": 0.3,
        "tI=tII=tIII": 1.3,
        "blade_friction": 0.6
    }
}
