{
    "geometrical_parameters": {
        "fiber_diameter": 0.022270903010033448,
        "blade_distance": 0.5588628762541806,
        "elliptical_fiber_ratio": 1.0,
        "ratio_droplet_embedded_length": 1.3451505016722407,
        "droplet_diameter": 0.13998996655518395,
        "contact_angle": 14.850167224080266,
        "fiber_rotation": 58.99665551839465
    },
    "mechanical_parameters": {
        "interface_friction": 0.0,
        "GI": 0.0015,
        "GII,GIII": 0.3,
        "tI=tII=tIII": 1.3,
        "blade_friction": 0.6
    }
}
