{
    "geometrical_parameters": {
        "fiber_diameter": 0.022342685370741484,
        "elliptical_fiber_ratio": 1.0,
        "blade_distance": 0.19719438877755513,
        "ratio_droplet_embedded_length": 1.36,
        "droplet_diameter": 0.1640120240480962,
        "contact_angle": 25.7,
        "fiber_rotation": 0
    },
    "mechanical_parameters": {
        "interface_friction": 0.0,
        "GI": 0.0015,
        "GII,GIII": 0.09150300601202405,
        "blade_friction": 0.0,
        "tI=tII=tIII": 0.5511022044088176
    }
}
