{
    "geometrical_parameters": {
        "fiber_diameter": 0.016246492985971944,
        "blade_distance": 0.6218436873747495,
        "elliptical_fiber_ratio": 1.5170340681362724,
        "ratio_droplet_embedded_length": 1.2779959919839678,
        "droplet_diameter": 0.23137675350701403,
        "contact_angle": 19.664128256513024,
        "fiber_rotation": 16.412825651302605
    },
    "mechanical_parameters": {
        "interface_friction": 0.0,
        "tI": 1,
        "tII,tIII": 1.3,
        "GI": 0.01,
        "GII,GIII": 0.15,
        "blade_friction": 0.6
    }
}
