{
    "geometrical_parameters": {
        "fiber_diameter": 0.01985370741482966,
        "blade_distance": 0.25931863727454907,
        "elliptical_fiber_ratio": 1.622244488977956,
        "ratio_droplet_embedded_length": 1.2728657314629257,
        "droplet_diameter": 0.23164729458917835,
        "contact_angle": 28.367935871743484,
        "fiber_rotation": 3.066132264529058
    },
    "mechanical_parameters": {
        "interface_friction": 0.0,
        "tI": 1,
        "tII,tIII": 1.3,
        "GI": 0.015,
        "GII,GIII": 0.1,
        "blade_friction": 0.6
    }
}
