{
    "geometrical_parameters": {
        "fiber_diameter": 0.01718181818181818,
        "blade_distance": 0.47878787878787876,
        "elliptical_fiber_ratio": 1.8333333333333335,
        "ratio_droplet_embedded_length": 1.4735353535353535,
        "droplet_diameter": 0.233,
        "contact_angle": 27.8040404040404,
        "fiber_rotation": 66.36363636363637
    },
    "mechanical_parameters": {
        "interface_friction": 0.0,
        "GI": 0.0015,
        "GII,GIII": 0.15,
        "tI=tII=tIII": 1.25,
        "blade_friction": 0.6
    }
}
