{
    "geometrical_parameters": {
        "fiber_diameter": 0.01681818181818182,
        "blade_distance": 0.0930208935623037,
        "elliptical_fiber_ratio": 2.090909090909091,
        "ratio_droplet_embedded_length": 1.3022222222222222,
        "droplet_diameter": 0.1661818181818182,
        "contact_angle": 23.66868686868687,
        "fiber_rotation": 70.0
    },
    "mechanical_parameters": {
        "interface_friction": 0.0,
        "GI": 0.015,
        "GII,GIII": 0.3,
        "tI=tII=tIII": 1.3,
        "blade_friction": 0.6
    }
}
