{
    "geometrical_parameters": {
        "fiber_diameter": 0.023294314381270904,
        "blade_distance": 0.31237458193979933,
        "elliptical_fiber_ratio": 1.2759197324414715,
        "ratio_droplet_embedded_length": 1.36,
        "droplet_diameter": 0.162,
        "contact_angle": 25.7,
        "fiber_rotation": 45
    },
    "mechanical_parameters": {
        "interface_friction": 0.0,
        "GI": 0.0015,
        "GII,GIII": 0.18698996655518396,
        "blade_friction": 0.0,
        "tI=tII=tIII": 1.7090301003344481
    }
}
