{
    "geometrical_parameters": {
        "fiber_diameter": 0.021,
        "blade_distance": 0.15,
        "elliptical_fiber_ratio": 1.0,
        "ratio_droplet_embedded_length": 1.36,
        "droplet_diameter": 0.162,
        "contact_angle": 25.7,
        "fiber_rotation": 0
    },
    "mechanical_parameters": {
        "interface_friction": 0.37190635451505016,
        "GI": 0.07847826086956523,
        "GII,GIII": 0.17387959866220737,
        "tI=tII=tIII": 0.9464882943143812,
        "blade_friction": 0.12040133779264213
    }
}
