{
    "geometrical_parameters": {
        "fiber_diameter": 0.02050300601202405,
        "elliptical_fiber_ratio": 1.0,
        "blade_distance": 0.43667334669338675,
        "ratio_droplet_embedded_length": 1.36,
        "droplet_diameter": 0.17212825651302605,
        "contact_angle": 25.7,
        "fiber_rotation": 0
    },
    "mechanical_parameters": {
        "interface_friction": 0.0,
        "GI": 0.0015,
        "GII,GIII": 0.1317635270541082,
        "blade_friction": 0.0,
        "tI=tII=tIII": 0.7735470941883767
    }
}
