{
    "geometrical_parameters": {
        "fiber_diameter": 0.01790909090909091,
        "blade_distance_ratio_to_fiber_diameter": 2.6136363636363633,
        "elliptical_fiber_ratio": 1.9292929292929293,
        "ratio_droplet_embedded_length": 1.2149494949494948,
        "droplet_diameter": 0.12118181818181818,
        "contact_angle": 19.353535353535353,
        "fiber_rotation": 45.45454545454545
    },
    "mechanical_parameters": {
        "interface_friction": 0.0,
        "GI": 0.015,
        "GII,GIII": 0.3,
        "tI=tII=tIII": 1.3,
        "blade_friction": 0.6
    }
}
