{
    "geometrical_parameters": {
        "fiber_diameter": 0.025363636363636366,
        "blade_distance": 0.06342509371723772,
        "elliptical_fiber_ratio": 2.3333333333333335,
        "ratio_droplet_embedded_length": 1.3022222222222222,
        "droplet_diameter": 0.17709090909090908,
        "contact_angle": 21.51111111111111,
        "fiber_rotation": 66.36363636363637
    },
    "mechanical_parameters": {
        "interface_friction": 0.0,
        "GI": 0.015,
        "GII,GIII": 0.3,
        "tI=tII=tIII": 1.3,
        "blade_friction": 0.6
    }
}
