{
    "geometrical_parameters": {
        "fiber_diameter": 0.021729458917835672,
        "blade_distance": 0.036128379824138065,
        "elliptical_fiber_ratio": 2.823647294589178,
        "ratio_droplet_embedded_length": 1.3472545090180361,
        "droplet_diameter": 0.2037815631262525,
        "contact_angle": 17.666533066132263,
        "fiber_rotation": 86.93386773547093
    },
    "mechanical_parameters": {
        "interface_friction": 0.41523046092184374,
        "GI": 0.06627254509018037,
        "GII,GIII": 0.6567735470941884,
        "tI=tII=tIII": 1.0831663326653307,
        "blade_friction": 0.5274549098196394
    }
}
