{
    "geometrical_parameters": {
        "fiber_diameter": 0.02293311036789298,
        "blade_distance": 0.22040133779264215,
        "elliptical_fiber_ratio": 1.5869565217391304,
        "ratio_droplet_embedded_length": 1.36,
        "droplet_diameter": 0.162,
        "contact_angle": 25.7,
        "fiber_rotation": 45
    },
    "mechanical_parameters": {
        "interface_friction": 0.0,
        "GI": 0.0015,
        "GII,GIII": 0.4737792642140468,
        "blade_friction": 0.0,
        "tI=tII=tIII": 1.81438127090301
    }
}
