{
    "geometrical_parameters": {
        "fiber_diameter": 0.026304347826086958,
        "blade_distance": 0.3625418060200669,
        "elliptical_fiber_ratio": 1.7424749163879598,
        "ratio_droplet_embedded_length": 1.3761872909698996,
        "droplet_diameter": 0.18197993311036792,
        "contact_angle": 13.6,
        "fiber_rotation": 42.44147157190635
    },
    "mechanical_parameters": {
        "interface_friction": 0.0,
        "GI": 0.0015,
        "GII,GIII": 0.3,
        "tI=tII=tIII": 1.3,
        "blade_friction": 0.6
    }
}
