{
    "geometrical_parameters": {
        "fiber_diameter": 0.01715384615384615,
        "blade_distance": 0.2755852842809365,
        "elliptical_fiber_ratio": 2.297658862876254,
        "ratio_droplet_embedded_length": 1.3183946488294314,
        "droplet_diameter": 0.176561872909699,
        "contact_angle": 14.612040133779264,
        "fiber_rotation": 0.0
    },
    "mechanical_parameters": {
        "interface_friction": 0.0,
        "GI": 0.0015,
        "GII,GIII": 0.3,
        "tI=tII=tIII": 1.3,
        "blade_friction": 0.6
    }
}
