{
    "geometrical_parameters": {
        "fiber_diameter": 0.021,
        "blade_distance": 0.15,
        "elliptical_fiber_ratio": 1.0,
        "ratio_droplet_embedded_length": 1.36,
        "droplet_diameter": 0.162,
        "contact_angle": 25.7,
        "fiber_rotation": 0
    },
    "mechanical_parameters": {
        "interface_friction": 0.3103678929765886,
        "tI": 1.2612040133779265,
        "tII,tIII": 1.1622073578595318,
        "GI": 0.052983277591973243,
        "GII,GIII": 0.32301003344481605,
        "blade_friction": 0.7759197324414716
    }
}
