{
    "geometrical_parameters": {
        "fiber_diameter": 0.021,
        "blade_distance": 0.042,
        "elliptical_fiber_ratio": 1.0,
        "ratio_droplet_embedded_length": 1.36,
        "droplet_diameter": 0.162,
        "contact_angle": 25.7,
        "fiber_rotation": 0
    },
    "mechanical_parameters": {
        "interface_friction": 0.14180602006688964,
        "GI": 0.02848160535117057,
        "GII,GIII": 0.3410367892976589,
        "tI=tII=tIII": 0.6153846153846154,
        "blade_friction": 0.4682274247491639
    }
}
