{
    "geometrical_parameters": {
        "fiber_diameter": 0.016732441471571907,
        "elliptical_fiber_ratio": 1.0,
        "blade_distance": 0.4361204013377926,
        "ratio_droplet_embedded_length": 1.36,
        "droplet_diameter": 0.15037458193979933,
        "contact_angle": 25.7,
        "fiber_rotation": 0
    },
    "mechanical_parameters": {
        "interface_friction": 0.0,
        "GI": 0.0015,
        "GII,GIII": 0.3541471571906355,
        "blade_friction": 0.0,
        "tI=tII=tIII": 0.7959866220735786
    }
}
