{
    "geometrical_parameters": {
        "fiber_diameter": 0.02377591973244147,
        "blade_distance": 0.17725752508361206,
        "elliptical_fiber_ratio": 2.2441471571906355,
        "ratio_droplet_embedded_length": 1.406153846153846,
        "droplet_diameter": 0.14947157190635452,
        "contact_angle": 16.45752508361204,
        "fiber_rotation": 36.12040133779264
    },
    "mechanical_parameters": {
        "interface_friction": 0.0,
        "GI": 0.0015,
        "GII,GIII": 0.3,
        "tI=tII=tIII": 1.3,
        "blade_friction": 0.6
    }
}
