{
    "geometrical_parameters": {
        "fiber_diameter": 0.015885771543086173,
        "elliptical_fiber_ratio": 1.0,
        "blade_distance": 0.4737474949899799,
        "ratio_droplet_embedded_length": 1.36,
        "droplet_diameter": 0.1686112224448898,
        "contact_angle": 25.7,
        "fiber_rotation": 0
    },
    "mechanical_parameters": {
        "interface_friction": 0.0,
        "GI": 0.0015,
        "GII,GIII": 0.44206412825651303,
        "blade_friction": 0.0,
        "tI=tII=tIII": 1.8496993987975952
    }
}
