{
    "geometrical_parameters": {
        "fiber_diameter": 0.02377591973244147,
        "blade_distance": 0.20869565217391306,
        "elliptical_fiber_ratio": 1.3963210702341136,
        "ratio_droplet_embedded_length": 1.36,
        "droplet_diameter": 0.162,
        "contact_angle": 25.7,
        "fiber_rotation": 45
    },
    "mechanical_parameters": {
        "interface_friction": 0.0,
        "GI": 0.0015,
        "GII,GIII": 0.4606688963210703,
        "blade_friction": 0.0,
        "tI=tII=tIII": 0.8913043478260869
    }
}
