{
    "geometrical_parameters": {
        "fiber_diameter": 0.019673346693386773,
        "elliptical_fiber_ratio": 1.0,
        "blade_distance": 0.20020040080160323,
        "ratio_droplet_embedded_length": 1.36,
        "droplet_diameter": 0.21135671342685372,
        "contact_angle": 25.7,
        "fiber_rotation": 0
    },
    "mechanical_parameters": {
        "interface_friction": 0.0,
        "GI": 0.0015,
        "GII,GIII": 0.45384769539078157,
        "blade_friction": 0.0,
        "tI=tII=tIII": 1.3026052104208419
    }
}
