{
    "geometrical_parameters": {
        "fiber_diameter": 0.028471571906354513,
        "blade_distance": 0.5030100334448161,
        "elliptical_fiber_ratio": 2.4949832775919734,
        "ratio_droplet_embedded_length": 1.4553846153846153,
        "droplet_diameter": 0.15082608695652172,
        "contact_angle": 30.09030100334448,
        "fiber_rotation": 28.59531772575251
    },
    "mechanical_parameters": {
        "interface_friction": 0.0,
        "tI": 1,
        "tII,tIII": 1.3,
        "GI": 0.01,
        "GII,GIII": 0.15,
        "blade_friction": 0.8
    }
}
