{
    "geometrical_parameters": {
        "fiber_diameter": 0.01811705685618729,
        "blade_distance": 0.15384615384615385,
        "elliptical_fiber_ratio": 2.1438127090301005,
        "ratio_droplet_embedded_length": 1.4436120401337793,
        "droplet_diameter": 0.18559197324414717,
        "contact_angle": 29.435451505016722,
        "fiber_rotation": 23.177257525083608
    },
    "mechanical_parameters": {
        "interface_friction": 0.0,
        "GI": 0.0015,
        "GII,GIII": 0.3,
        "tI=tII=tIII": 1.3,
        "blade_friction": 0.6
    }
}
