{
    "geometrical_parameters": {
        "fiber_diameter": 0.021,
        "blade_distance": 0.042,
        "elliptical_fiber_ratio": 1.0,
        "ratio_droplet_embedded_length": 1.36,
        "droplet_diameter": 0.162,
        "contact_angle": 25.7,
        "fiber_rotation": 0
    },
    "mechanical_parameters": {
        "interface_friction": 0.026755852842809364,
        "GI": 0.009939799331103678,
        "GII,GIII": 0.12963210702341138,
        "tI=tII=tIII": 1.6438127090301005,
        "blade_friction": 0.8
    }
}
