{
    "geometrical_parameters": {
        "fiber_diameter": 0.020404682274247493,
        "blade_distance": 0.29230769230769227,
        "elliptical_fiber_ratio": 1.531772575250836,
        "ratio_droplet_embedded_length": 1.36,
        "droplet_diameter": 0.162,
        "contact_angle": 25.7,
        "fiber_rotation": 45
    },
    "mechanical_parameters": {
        "interface_friction": 0.0,
        "GI": 0.0015,
        "GII,GIII": 0.1837123745819398,
        "blade_friction": 0.0,
        "tI=tII=tIII": 1.5484949832775918
    }
}
