{
    "geometrical_parameters": {
        "fiber_diameter": 0.028919597989949752,
        "blade_distance": 0.20603015075376885,
        "elliptical_fiber_ratio": 2.21608040201005,
        "ratio_droplet_embedded_length": 1.1857286432160803,
        "droplet_diameter": 0.099356783919598,
        "contact_angle": 27.4643216080402,
        "fiber_rotation": 61.95979899497487
    },
    "mechanical_parameters": {
        "interface_friction": 0.0,
        "GI": 0.0015,
        "GII,GIII": 0.3,
        "tI=tII=tIII": 1.3,
        "blade_friction": 0.6
    }
}
