{
    "geometrical_parameters": {
        "fiber_diameter": 0.021,
        "blade_distance": 0.15,
        "elliptical_fiber_ratio": 1.0,
        "ratio_droplet_embedded_length": 1.36,
        "droplet_diameter": 0.162,
        "contact_angle": 25.7,
        "fiber_rotation": 0
    },
    "mechanical_parameters": {
        "interface_friction": 0.11505016722408028,
        "GI": 0.061923076923076935,
        "GII,GIII": 0.478695652173913,
        "tI=tII=tIII": 1.81438127090301,
        "blade_friction": 0.5404682274247492
    }
}
