{
    "geometrical_parameters": {
        "fiber_diameter": 0.02591382765531062,
        "blade_distance": 0.608376753507014,
        "elliptical_fiber_ratio": 1.562124248496994,
        "ratio_droplet_embedded_length": 1.2959519038076153,
        "droplet_diameter": 0.19458316633266534,
        "contact_angle": 23.2312625250501,
        "fiber_rotation": 6.673346693386772
    },
    "mechanical_parameters": {
        "interface_friction": 0.0,
        "tI": 1,
        "tII,tIII": 1.3,
        "GI": 0.01,
        "GII,GIII": 0.15,
        "blade_friction": 0.6
    }
}
