{
    "geometrical_parameters": {
        "fiber_diameter": 0.028531772575250837,
        "blade_distance": 0.11170568561872911,
        "elliptical_fiber_ratio": 1.160535117056856,
        "ratio_droplet_embedded_length": 1.36,
        "droplet_diameter": 0.162,
        "contact_angle": 25.7,
        "fiber_rotation": 45
    },
    "mechanical_parameters": {
        "interface_friction": 0.0,
        "GI": 0.0015,
        "GII,GIII": 0.01983277591973244,
        "blade_friction": 0.0,
        "tI=tII=tIII": 1.2173913043478262
    }
}
