{
    "geometrical_parameters": {
        "fiber_diameter": 0.028531772575250837,
        "blade_distance": 0.43444816053511703,
        "elliptical_fiber_ratio": 2.4899665551839463,
        "ratio_droplet_embedded_length": 1.36,
        "droplet_diameter": 0.162,
        "contact_angle": 25.7,
        "fiber_rotation": 0
    },
    "mechanical_parameters": {
        "interface_friction": 0.0,
        "GI": 0.0015,
        "GII,GIII": 0.22795986622073575,
        "blade_friction": 0.0,
        "tI=tII=tIII": 0.7608695652173914
    }
}
