{
    "geometrical_parameters": {
        "fiber_diameter": 0.025,
        "blade_distance_ratio_to_fiber_diameter": 2.6893939393939394,
        "elliptical_fiber_ratio": 2.090909090909091,
        "ratio_droplet_embedded_length": 1.1761616161616162,
        "droplet_diameter": 0.12527272727272729,
        "contact_angle": 22.76969696969697,
        "fiber_rotation": 54.54545454545455
    },
    "mechanical_parameters": {
        "interface_friction": 0.0,
        "GI": 0.015,
        "GII,GIII": 0.3,
        "tI=tII=tIII": 1.3,
        "blade_friction": 0.6
    }
}
