{
    "geometrical_parameters": {
        "fiber_diameter": 0.029363636363636363,
        "blade_distance": 0.14546660669674885,
        "elliptical_fiber_ratio": 2.717171717171717,
        "ratio_droplet_embedded_length": 1.2537373737373736,
        "droplet_diameter": 0.16209090909090912,
        "contact_angle": 13.6,
        "fiber_rotation": 64.54545454545455
    },
    "mechanical_parameters": {
        "interface_friction": 0.0,
        "GI": 0.015,
        "GII,GIII": 0.3,
        "tI=tII=tIII": 1.3,
        "blade_friction": 0.6
    }
}
