{
    "geometrical_parameters": {
        "fiber_diameter": 0.016250836120401336,
        "blade_distance": 0.5983277591973244,
        "elliptical_fiber_ratio": 1.8478260869565217,
        "ratio_droplet_embedded_length": 1.36,
        "droplet_diameter": 0.162,
        "contact_angle": 25.7,
        "fiber_rotation": 45
    },
    "mechanical_parameters": {
        "interface_friction": 0.0,
        "GI": 0.0015,
        "GII,GIII": 0.3967558528428094,
        "blade_friction": 0.0,
        "tI=tII=tIII": 1.8444816053511703
    }
}
