{
    "geometrical_parameters": {
        "fiber_diameter": 0.021,
        "blade_distance": 0.15,
        "elliptical_fiber_ratio": 1.0,
        "ratio_droplet_embedded_length": 1.36,
        "droplet_diameter": 0.162,
        "contact_angle": 25.7,
        "fiber_rotation": 0
    },
    "mechanical_parameters": {
        "interface_friction": 0.7117056856187292,
        "GI": 0.002655518394648829,
        "GII,GIII": 0.021471571906354514,
        "tI=tII=tIII": 1.2876254180602005,
        "blade_friction": 0.0882943143812709
    }
}
