{
    "geometrical_parameters": {
        "fiber_diameter": 0.013180602006688963,
        "blade_distance": 0.32575250836120395,
        "elliptical_fiber_ratio": 1.8478260869565217,
        "ratio_droplet_embedded_length": 1.3751170568561872,
        "droplet_diameter": 0.20094314381270906,
        "contact_angle": 21.279598662207356,
        "fiber_rotation": 5.117056856187291
    },
    "mechanical_parameters": {
        "interface_friction": 0.0,
        "tI": 1,
        "tII,tIII": 1.3,
        "GI": 0.01,
        "GII,GIII": 0.15,
        "blade_friction": 0.8
    }
}
