{
    "geometrical_parameters": {
        "fiber_diameter": 0.021,
        "blade_distance": 0.042,
        "elliptical_fiber_ratio": 1.0,
        "ratio_droplet_embedded_length": 1.36,
        "droplet_diameter": 0.162,
        "contact_angle": 25.7,
        "fiber_rotation": 0
    },
    "mechanical_parameters": {
        "interface_friction": 0.7595959595959596,
        "GI": 0.028999999999999998,
        "GII,GIII": 0.7599999999999999,
        "tI=tII=tIII": 0.6666666666666667,
        "blade_friction": 0.7434343434343436
    }
}
