{
    "geometrical_parameters": {
        "fiber_diameter": 0.028583166332665333,
        "elliptical_fiber_ratio": 1.0,
        "blade_distance": 0.46072144288577155,
        "ratio_droplet_embedded_length": 1.36,
        "droplet_diameter": 0.156436873747495,
        "contact_angle": 25.7,
        "fiber_rotation": 0
    },
    "mechanical_parameters": {
        "interface_friction": 0.0,
        "GI": 0.0015,
        "GII,GIII": 0.43420841683366734,
        "blade_friction": 0.0,
        "tI=tII=tIII": 1.846693386773547
    }
}
