{
    "geometrical_parameters": {
        "fiber_diameter": 0.029914572864321608,
        "blade_distance": 0.3989949748743719,
        "elliptical_fiber_ratio": 1.1407035175879396,
        "ratio_droplet_embedded_length": 1.2018090452261305,
        "droplet_diameter": 0.17940703517587941,
        "contact_angle": 30.05829145728643,
        "fiber_rotation": 41.15577889447236
    },
    "mechanical_parameters": {
        "interface_friction": 0.0,
        "GI": 0.0015,
        "GII,GIII": 0.3,
        "tI=tII=tIII": 1.3,
        "blade_friction": 0.6
    }
}
