{
    "geometrical_parameters": {
        "fiber_diameter": 0.015092184368737474,
        "blade_distance": 0.4577154308617234,
        "elliptical_fiber_ratio": 2.031062124248497,
        "ratio_droplet_embedded_length": 1.2991583166332665,
        "droplet_diameter": 0.22921242484969942,
        "contact_angle": 16.382364729458917,
        "fiber_rotation": 6.312625250501001
    },
    "mechanical_parameters": {
        "interface_friction": 0.0,
        "tI": 1,
        "tII,tIII": 1.3,
        "GI": 0.015,
        "GII,GIII": 0.1,
        "blade_friction": 0.6
    }
}
