{
    "geometrical_parameters": {
        "fiber_diameter": 0.014298597194388777,
        "blade_distance": 0.2933867735470942,
        "elliptical_fiber_ratio": 2.496993987975952,
        "ratio_droplet_embedded_length": 1.478076152304609,
        "droplet_diameter": 0.22109619238476957,
        "contact_angle": 24.23006012024048,
        "fiber_rotation": 17.314629258517034
    },
    "mechanical_parameters": {
        "interface_friction": 0.0,
        "tI": 1,
        "tII,tIII": 1.3,
        "GI": 0.015,
        "GII,GIII": 0.1,
        "blade_friction": 0.6
    }
}
