{
    "geometrical_parameters": {
        "fiber_diameter": 0.025391959798994973,
        "blade_distance": 0.7758793969849247,
        "elliptical_fiber_ratio": 2.608040201005025,
        "ratio_droplet_embedded_length": 1.164824120603015,
        "droplet_diameter": 0.19908040201005028,
        "contact_angle": 17.804020100502512,
        "fiber_rotation": 86.3819095477387
    },
    "mechanical_parameters": {
        "interface_friction": 0.0,
        "GI": 0.0015,
        "GII,GIII": 0.3,
        "tI=tII=tIII": 1.3,
        "blade_friction": 0.6
    }
}
