{
    "geometrical_parameters": {
        "fiber_diameter": 0.02702675585284281,
        "blade_distance": 0.5264214046822743,
        "elliptical_fiber_ratio": 2.224080267558528,
        "ratio_droplet_embedded_length": 1.2210033444816053,
        "droplet_diameter": 0.12283277591973245,
        "contact_angle": 24.553846153846152,
        "fiber_rotation": 62.909698996655514
    },
    "mechanical_parameters": {
        "interface_friction": 0.0,
        "tI": 1,
        "tII,tIII": 1.3,
        "GI": 0.01,
        "GII,GIII": 0.15,
        "blade_friction": 0.8
    }
}
