{
    "geometrical_parameters": {
        "fiber_diameter": 0.015949832775919732,
        "blade_distance": 0.5632107023411371,
        "elliptical_fiber_ratio": 2.1839464882943145,
        "ratio_droplet_embedded_length": 1.3034113712374582,
        "droplet_diameter": 0.2257759197324415,
        "contact_angle": 13.778595317725753,
        "fiber_rotation": 31.00334448160535
    },
    "mechanical_parameters": {
        "interface_friction": 0.0,
        "tI": 1,
        "tII,tIII": 1.3,
        "GI": 0.01,
        "GII,GIII": 0.15,
        "blade_friction": 0.8
    }
}
