{
    "geometrical_parameters": {
        "fiber_diameter": 0.021,
        "blade_distance": 0.15,
        "elliptical_fiber_ratio": 1.0,
        "ratio_droplet_embedded_length": 1.36,
        "droplet_diameter": 0.162,
        "contact_angle": 25.7,
        "fiber_rotation": 0
    },
    "mechanical_parameters": {
        "interface_friction": 0.25953177257525084,
        "tI": 0.591638795986622,
        "tII,tIII": 1.011705685618729,
        "GI": 0.021528428093645486,
        "GII,GIII": 0.021471571906354514,
        "blade_friction": 0.024080267558528427
    }
}
