{
    "geometrical_parameters": {
        "fiber_diameter": 0.021789297658862877,
        "blade_distance": 0.1668896321070234,
        "elliptical_fiber_ratio": 1.807692307692308,
        "ratio_droplet_embedded_length": 1.3526421404682274,
        "droplet_diameter": 0.20681270903010035,
        "contact_angle": 27.768561872909693,
        "fiber_rotation": 86.08695652173913
    },
    "mechanical_parameters": {
        "interface_friction": 0.0,
        "tI": 1,
        "tII,tIII": 1.3,
        "GI": 0.01,
        "GII,GIII": 0.15,
        "blade_friction": 0.8
    }
}
