{
    "geometrical_parameters": {
        "fiber_diameter": 0.02481818181818182,
        "blade_distance_ratio_to_fiber_diameter": 2.3106060606060606,
        "elliptical_fiber_ratio": 2.191919191919192,
        "ratio_droplet_embedded_length": 1.2246464646464645,
        "droplet_diameter": 0.21663636363636365,
        "contact_angle": 26.185858585858583,
        "fiber_rotation": 79.0909090909091
    },
    "mechanical_parameters": {
        "interface_friction": 0.0,
        "GI": 0.015,
        "GII,GIII": 0.3,
        "tI=tII=tIII": 1.3,
        "blade_friction": 0.6
    }
}
