{
    "geometrical_parameters": {
        "fiber_diameter": 0.013541806020066889,
        "blade_distance": 0.4933110367892978,
        "elliptical_fiber_ratio": 2.57190635451505,
        "ratio_droplet_embedded_length": 1.4393311036789296,
        "droplet_diameter": 0.15805016722408027,
        "contact_angle": 17.2314381270903,
        "fiber_rotation": 29.799331103678924
    },
    "mechanical_parameters": {
        "interface_friction": 0.0,
        "GI": 0.0015,
        "GII,GIII": 0.3,
        "tI=tII=tIII": 1.3,
        "blade_friction": 0.6
    }
}
