{
    "geometrical_parameters": {
        "fiber_diameter": 0.024651302605210423,
        "elliptical_fiber_ratio": 1.0,
        "blade_distance": 0.5398797595190381,
        "ratio_droplet_embedded_length": 1.36,
        "droplet_diameter": 0.12153707414829659,
        "contact_angle": 25.7,
        "fiber_rotation": 0
    },
    "mechanical_parameters": {
        "interface_friction": 0.0,
        "GI": 0.0015,
        "GII,GIII": 0.24567134268537075,
        "blade_friction": 0.0,
        "tI=tII=tIII": 1.8767535070140282
    }
}
