{
    "geometrical_parameters": {
        "fiber_diameter": 0.027176352705410824,
        "blade_distance": 0.4916633266533066,
        "elliptical_fiber_ratio": 1.3156312625250501,
        "ratio_droplet_embedded_length": 1.344689378757515,
        "droplet_diameter": 0.19377154308617234,
        "contact_angle": 18.665330661322642,
        "fiber_rotation": 20.380761523046093
    },
    "mechanical_parameters": {
        "interface_friction": 0.0,
        "tI": 1,
        "tII,tIII": 1.3,
        "GI": 0.01,
        "GII,GIII": 0.15,
        "blade_friction": 0.6
    }
}
