{
    "geometrical_parameters": {
        "fiber_diameter": 0.019545454545454546,
        "blade_distance": 0.16277403377014665,
        "elliptical_fiber_ratio": 1.9292929292929293,
        "ratio_droplet_embedded_length": 1.2698989898989899,
        "droplet_diameter": 0.1893636363636364,
        "contact_angle": 19.892929292929292,
        "fiber_rotation": 67.27272727272727
    },
    "mechanical_parameters": {
        "interface_friction": 0.0,
        "GI": 0.015,
        "GII,GIII": 0.3,
        "tI=tII=tIII": 1.3,
        "blade_friction": 0.6
    }
}
