{
    "geometrical_parameters": {
        "fiber_diameter": 0.02383612040133779,
        "blade_distance": 0.2906354515050167,
        "elliptical_fiber_ratio": 1.0100334448160535,
        "ratio_droplet_embedded_length": 1.36,
        "droplet_diameter": 0.162,
        "contact_angle": 25.7,
        "fiber_rotation": 45
    },
    "mechanical_parameters": {
        "interface_friction": 0.0,
        "GI": 0.0015,
        "GII,GIII": 0.08702341137123745,
        "blade_friction": 0.0,
        "tI=tII=tIII": 1.9297658862876255
    }
}
