{
    "geometrical_parameters": {
        "fiber_diameter": 0.030728643216080403,
        "blade_distance": 0.4773869346733669,
        "elliptical_fiber_ratio": 2.6683417085427132,
        "ratio_droplet_embedded_length": 1.2114572864321607,
        "droplet_diameter": 0.12852763819095478,
        "contact_angle": 28.358793969849245,
        "fiber_rotation": 74.17085427135679
    },
    "mechanical_parameters": {
        "interface_friction": 0.0,
        "GI": 0.0015,
        "GII,GIII": 0.3,
        "tI=tII=tIII": 1.3,
        "blade_friction": 0.6
    }
}
