{
    "geometrical_parameters": {
        "fiber_diameter": 0.01848296593186373,
        "elliptical_fiber_ratio": 1.0,
        "blade_distance": 0.32044088176352703,
        "ratio_droplet_embedded_length": 1.36,
        "droplet_diameter": 0.2216372745490982,
        "contact_angle": 25.7,
        "fiber_rotation": 0
    },
    "mechanical_parameters": {
        "interface_friction": 0.0,
        "GI": 0.0015,
        "GII,GIII": 0.4901803607214429,
        "blade_friction": 0.0,
        "tI=tII=tIII": 1.942885771543086
    }
}
