{
    "geometrical_parameters": {
        "fiber_diameter": 0.018839464882943142,
        "blade_distance": 0.4996655518394649,
        "elliptical_fiber_ratio": 1.4615384615384615,
        "ratio_droplet_embedded_length": 1.36,
        "droplet_diameter": 0.162,
        "contact_angle": 25.7,
        "fiber_rotation": 0
    },
    "mechanical_parameters": {
        "interface_friction": 0.0,
        "GI": 0.0015,
        "GII,GIII": 0.21648829431438127,
        "blade_friction": 0.0,
        "tI=tII=tIII": 1.5234113712374582
    }
}
