{
    "geometrical_parameters": {
        "fiber_diameter": 0.025100334448160535,
        "blade_distance": 0.5431438127090301,
        "elliptical_fiber_ratio": 2.0785953177257523,
        "ratio_droplet_embedded_length": 1.36,
        "droplet_diameter": 0.162,
        "contact_angle": 25.7,
        "fiber_rotation": 45
    },
    "mechanical_parameters": {
        "interface_friction": 0.0,
        "GI": 0.0015,
        "GII,GIII": 0.07719063545150502,
        "blade_friction": 0.0,
        "tI=tII=tIII": 0.745819397993311
    }
}
