{
    "geometrical_parameters": {
        "fiber_diameter": 0.02190909090909091,
        "blade_distance": 0.12004940606216014,
        "elliptical_fiber_ratio": 2.6363636363636362,
        "ratio_droplet_embedded_length": 1.3604040404040403,
        "droplet_diameter": 0.1893636363636364,
        "contact_angle": 31.4,
        "fiber_rotation": 42.72727272727273
    },
    "mechanical_parameters": {
        "interface_friction": 0.0,
        "GI": 0.0015,
        "GII,GIII": 0.3,
        "tI=tII=tIII": 1.3,
        "blade_friction": 0.6
    }
}
