{
    "geometrical_parameters": {
        "fiber_diameter": 0.013829659318637274,
        "blade_distance": 0.34549098196392786,
        "elliptical_fiber_ratio": 1.940881763527054,
        "ratio_droplet_embedded_length": 1.3799599198396792,
        "droplet_diameter": 0.10990380761523047,
        "contact_angle": 24.907815631262523,
        "fiber_rotation": 3.6072144288577155
    },
    "mechanical_parameters": {
        "interface_friction": 0.0,
        "tI": 1,
        "tII,tIII": 1.3,
        "GI": 0.015,
        "GII,GIII": 0.1,
        "blade_friction": 0.6
    }
}
