{
    "geometrical_parameters": {
        "fiber_diameter": 0.013072144288577154,
        "blade_distance": 0.43667334669338675,
        "elliptical_fiber_ratio": 1.153306613226453,
        "ratio_droplet_embedded_length": 1.4710220440881763,
        "droplet_diameter": 0.1347935871743487,
        "contact_angle": 22.83887775551102,
        "fiber_rotation": 5.951903807615231
    },
    "mechanical_parameters": {
        "interface_friction": 0.0,
        "tI": 1,
        "tII,tIII": 1.3,
        "GI": 0.015,
        "GII,GIII": 0.1,
        "blade_friction": 0.6
    }
}
