{
    "geometrical_parameters": {
        "fiber_diameter": 0.03039799331103679,
        "blade_distance": 0.38093645484949834,
        "elliptical_fiber_ratio": 2.138795986622074,
        "ratio_droplet_embedded_length": 1.36,
        "droplet_diameter": 0.162,
        "contact_angle": 25.7,
        "fiber_rotation": 45
    },
    "mechanical_parameters": {
        "interface_friction": 0.0,
        "GI": 0.0015,
        "GII,GIII": 0.04933110367892977,
        "blade_friction": 0.0,
        "tI=tII=tIII": 0.8361204013377925
    }
}
