{
    "geometrical_parameters": {
        "fiber_diameter": 0.017274247491638795,
        "blade_distance": 0.451170568561873,
        "elliptical_fiber_ratio": 1.9331103678929766,
        "ratio_droplet_embedded_length": 1.183545150501672,
        "droplet_diameter": 0.15714715719063546,
        "contact_angle": 23.54180602006689,
        "fiber_rotation": 0.903010033444816
    },
    "mechanical_parameters": {
        "interface_friction": 0.0,
        "tI": 1,
        "tII,tIII": 1.3,
        "GI": 0.01,
        "GII,GIII": 0.15,
        "blade_friction": 0.8
    }
}
