{
    "geometrical_parameters": {
        "fiber_diameter": 0.019565130260521042,
        "blade_distance": 0.1030060120240481,
        "elliptical_fiber_ratio": 2.415831663326653,
        "ratio_droplet_embedded_length": 1.4075350701402805,
        "droplet_diameter": 0.11044488977955913,
        "contact_angle": 20.983967935871743,
        "fiber_rotation": 83.86773547094188
    },
    "mechanical_parameters": {
        "interface_friction": 0.0,
        "tI": 1,
        "tII,tIII": 1.3,
        "GI": 0.015,
        "GII,GIII": 0.1,
        "blade_friction": 0.6
    }
}
