{
    "geometrical_parameters": {
        "fiber_diameter": 0.02483166332665331,
        "elliptical_fiber_ratio": 1.0,
        "blade_distance": 0.46573146292585166,
        "ratio_droplet_embedded_length": 1.36,
        "droplet_diameter": 0.1188316633266533,
        "contact_angle": 25.7,
        "fiber_rotation": 0
    },
    "mechanical_parameters": {
        "interface_friction": 0.0,
        "GI": 0.0015,
        "GII,GIII": 0.37430861723446895,
        "blade_friction": 0.0,
        "tI=tII=tIII": 0.8036072144288577
    }
}
