{
    "geometrical_parameters": {
        "fiber_diameter": 0.029737474949899804,
        "blade_distance": 0.4153507014028056,
        "elliptical_fiber_ratio": 1.5711422845691383,
        "ratio_droplet_embedded_length": 1.4588376753507013,
        "droplet_diameter": 0.20107615230460923,
        "contact_angle": 15.169539078156312,
        "fiber_rotation": 51.40280561122244
    },
    "mechanical_parameters": {
        "interface_friction": 0.0,
        "tI": 1,
        "tII,tIII": 1.3,
        "GI": 0.01,
        "GII,GIII": 0.15,
        "blade_friction": 0.6
    }
}
