{
    "geometrical_parameters": {
        "fiber_diameter": 0.021332665330661325,
        "elliptical_fiber_ratio": 1.0,
        "blade_distance": 0.4507014028056112,
        "ratio_droplet_embedded_length": 1.36,
        "droplet_diameter": 0.16103607214428858,
        "contact_angle": 25.7,
        "fiber_rotation": 0
    },
    "mechanical_parameters": {
        "interface_friction": 0.0,
        "GI": 0.0015,
        "GII,GIII": 0.22897795591182366,
        "blade_friction": 0.0,
        "tI=tII=tIII": 1.4799599198396793
    }
}
