{
    "geometrical_parameters": {
        "fiber_diameter": 0.024498327759197323,
        "blade_distance": 0.5424749163879599,
        "elliptical_fiber_ratio": 2.1237458193979935,
        "ratio_droplet_embedded_length": 1.4382608695652173,
        "droplet_diameter": 0.1476655518394649,
        "contact_angle": 20.208026755852842,
        "fiber_rotation": 32.809364548494976
    },
    "mechanical_parameters": {
        "interface_friction": 0.0,
        "GI": 0.0015,
        "GII,GIII": 0.3,
        "tI=tII=tIII": 1.3,
        "blade_friction": 0.6
    }
}
