{
    "geometrical_parameters": {
        "fiber_diameter": 0.021,
        "blade_distance": 0.042,
        "elliptical_fiber_ratio": 1.0,
        "ratio_droplet_embedded_length": 1.36,
        "droplet_diameter": 0.162,
        "contact_angle": 25.7,
        "fiber_rotation": 0
    },
    "mechanical_parameters": {
        "interface_friction": 0.717056856187291,
        "GI": 0.04636120401337793,
        "GII,GIII": 0.388561872909699,
        "tI=tII=tIII": 0.9314381270903009,
        "blade_friction": 0.04816053511705686
    }
}
