{
    "geometrical_parameters": {
        "fiber_diameter": 0.021,
        "blade_distance": 0.15,
        "elliptical_fiber_ratio": 1.0,
        "ratio_droplet_embedded_length": 1.36,
        "droplet_diameter": 0.162,
        "contact_angle": 25.7,
        "fiber_rotation": 0
    },
    "mechanical_parameters": {
        "interface_friction": 0.47357859531772584,
        "tI": 0.9147157190635452,
        "tII,tIII": 1.8846153846153846,
        "GI": 0.04967224080267559,
        "GII,GIII": 0.17060200668896322,
        "blade_friction": 0.05618729096989967
    }
}
