{
    "geometrical_parameters": {
        "fiber_diameter": 0.02281818181818182,
        "blade_distance_ratio_to_fiber_diameter": 3.3333333333333335,
        "elliptical_fiber_ratio": 1.0606060606060606,
        "ratio_droplet_embedded_length": 1.4412121212121212,
        "droplet_diameter": 0.1661818181818182,
        "contact_angle": 25.466666666666665,
        "fiber_rotation": 21.818181818181817
    },
    "mechanical_parameters": {
        "interface_friction": 0.0,
        "GI": 0.015,
        "GII,GIII": 0.3,
        "tI=tII=tIII": 1.3,
        "blade_friction": 0.6
    }
}
