{
    "geometrical_parameters": {
        "fiber_diameter": 0.023,
        "blade_distance": 0.165517639255514,
        "elliptical_fiber_ratio": 1.98989898989899,
        "ratio_droplet_embedded_length": 1.3797979797979798,
        "droplet_diameter": 0.22209090909090912,
        "contact_angle": 27.624242424242425,
        "fiber_rotation": 35.45454545454545
    },
    "mechanical_parameters": {
        "interface_friction": 0.0,
        "GI": 0.015,
        "GII,GIII": 0.3,
        "tI=tII=tIII": 1.3,
        "blade_friction": 0.6
    }
}
