{
    "geometrical_parameters": {
        "fiber_diameter": 0.02142809364548495,
        "blade_distance": 0.26387959866220734,
        "elliptical_fiber_ratio": 1.5869565217391304,
        "ratio_droplet_embedded_length": 1.2884280936454848,
        "droplet_diameter": 0.18333444816053512,
        "contact_angle": 31.4,
        "fiber_rotation": 47.25752508361204
    },
    "mechanical_parameters": {
        "interface_friction": 0.0,
        "tI": 1,
        "tII,tIII": 1.3,
        "GI": 0.01,
        "GII,GIII": 0.15,
        "blade_friction": 0.8
    }
}
