{
    "geometrical_parameters": {
        "fiber_diameter": 0.017,
        "blade_distance": 0.042426303639201315,
        "elliptical_fiber_ratio": 1.0808080808080809,
        "ratio_droplet_embedded_length": 1.3248484848484847,
        "droplet_diameter": 0.17572727272727273,
        "contact_angle": 21.690909090909088,
        "fiber_rotation": 80.9090909090909
    },
    "mechanical_parameters": {
        "interface_friction": 0.0,
        "GI": 0.015,
        "GII,GIII": 0.3,
        "tI=tII=tIII": 1.3,
        "blade_friction": 0.6
    }
}
