{
    "geometrical_parameters": {
        "fiber_diameter": 0.026244147157190638,
        "blade_distance": 0.4628762541806021,
        "elliptical_fiber_ratio": 1.1337792642140467,
        "ratio_droplet_embedded_length": 1.442541806020067,
        "droplet_diameter": 0.17836789297658862,
        "contact_angle": 27.113712374581937,
        "fiber_rotation": 45.45150501672241
    },
    "mechanical_parameters": {
        "interface_friction": 0.0,
        "GI": 0.0015,
        "GII,GIII": 0.3,
        "tI=tII=tIII": 1.3,
        "blade_friction": 0.6
    }
}
