{
    "geometrical_parameters": {
        "fiber_diameter": 0.021,
        "blade_distance": 0.15,
        "elliptical_fiber_ratio": 1.0,
        "ratio_droplet_embedded_length": 1.36,
        "droplet_diameter": 0.162,
        "contact_angle": 25.7,
        "fiber_rotation": 0
    },
    "mechanical_parameters": {
        "interface_friction": 0.26488294314381267,
        "GI": 0.018879598662207356,
        "GII,GIII": 0.36889632107023407,
        "tI=tII=tIII": 0.6705685618729097,
        "blade_friction": 0.11772575250836122
    }
}
