{
    "geometrical_parameters": {
        "fiber_diameter": 0.029088176352705414,
        "elliptical_fiber_ratio": 1.0,
        "blade_distance": 0.14308617234468937,
        "ratio_droplet_embedded_length": 1.36,
        "droplet_diameter": 0.10314028056112225,
        "contact_angle": 25.7,
        "fiber_rotation": 0
    },
    "mechanical_parameters": {
        "interface_friction": 0.0,
        "GI": 0.0015,
        "GII,GIII": 0.4577755511022044,
        "blade_friction": 0.0,
        "tI=tII=tIII": 1.0260521042084167
    }
}
