{
    "geometrical_parameters": {
        "fiber_diameter": 0.022331103678929768,
        "blade_distance": 0.25384615384615383,
        "elliptical_fiber_ratio": 1.205685618729097,
        "ratio_droplet_embedded_length": 1.202809364548495,
        "droplet_diameter": 0.19191304347826088,
        "contact_angle": 27.828093645484948,
        "fiber_rotation": 29.498327759197323
    },
    "mechanical_parameters": {
        "interface_friction": 0.0,
        "tI": 1,
        "tII,tIII": 1.3,
        "GI": 0.01,
        "GII,GIII": 0.15,
        "blade_friction": 0.8
    }
}
