{
    "geometrical_parameters": {
        "fiber_diameter": 0.013301003344481605,
        "blade_distance": 0.551505016722408,
        "elliptical_fiber_ratio": 1.6973244147157192,
        "ratio_droplet_embedded_length": 1.36,
        "droplet_diameter": 0.162,
        "contact_angle": 25.7,
        "fiber_rotation": 45
    },
    "mechanical_parameters": {
        "interface_friction": 0.0,
        "GI": 0.0015,
        "GII,GIII": 0.18207357859531773,
        "blade_friction": 0.0,
        "tI=tII=tIII": 1.8494983277591974
    }
}
