{
    "geometrical_parameters": {
        "fiber_diameter": 0.027929765886287625,
        "blade_distance": 0.5163879598662208,
        "elliptical_fiber_ratio": 1.6270903010033444,
        "ratio_droplet_embedded_length": 1.1867558528428093,
        "droplet_diameter": 0.09935451505016722,
        "contact_angle": 26.935117056856186,
        "fiber_rotation": 47.55852842809365
    },
    "mechanical_parameters": {
        "interface_friction": 0.0,
        "tI": 1,
        "tII,tIII": 1.3,
        "GI": 0.01,
        "GII,GIII": 0.15,
        "blade_friction": 0.8
    }
}
