{
    "geometrical_parameters": {
        "fiber_diameter": 0.029484969939879757,
        "elliptical_fiber_ratio": 1.0,
        "blade_distance": 0.4867735470941884,
        "ratio_droplet_embedded_length": 1.36,
        "droplet_diameter": 0.20865130260521042,
        "contact_angle": 25.7,
        "fiber_rotation": 0
    },
    "mechanical_parameters": {
        "interface_friction": 0.0,
        "GI": 0.0015,
        "GII,GIII": 0.04731462925851703,
        "blade_friction": 0.0,
        "tI=tII=tIII": 1.1342685370741483
    }
}
