{
    "geometrical_parameters": {
        "fiber_diameter": 0.03015719063545151,
        "elliptical_fiber_ratio": 1.0,
        "blade_distance": 0.37759197324414717,
        "ratio_droplet_embedded_length": 1.36,
        "droplet_diameter": 0.17024080267558528,
        "contact_angle": 25.7,
        "fiber_rotation": 0
    },
    "mechanical_parameters": {
        "interface_friction": 0.0,
        "GI": 0.0015,
        "GII,GIII": 0.0837458193979933,
        "blade_friction": 0.0,
        "tI=tII=tIII": 1.5434782608695652
    }
}
