{
    "geometrical_parameters": {
        "fiber_diameter": 0.01642685370741483,
        "blade_distance": 0.0821810776430623,
        "elliptical_fiber_ratio": 2.1703406813627253,
        "ratio_droplet_embedded_length": 1.2568336673346692,
        "droplet_diameter": 0.23164729458917835,
        "contact_angle": 27.476152304609215,
        "fiber_rotation": 63.306613226452896
    },
    "mechanical_parameters": {
        "interface_friction": 0.5515030060120241,
        "GI": 0.06865330661322647,
        "GII,GIII": 0.6091583166332665,
        "tI=tII=tIII": 1.9158316633266532,
        "blade_friction": 0.44569138276553116
    }
}
