{
    "geometrical_parameters": {
        "fiber_diameter": 0.021,
        "blade_distance": 0.15,
        "elliptical_fiber_ratio": 1.0,
        "ratio_droplet_embedded_length": 1.36,
        "droplet_diameter": 0.162,
        "contact_angle": 25.7,
        "fiber_rotation": 0
    },
    "mechanical_parameters": {
        "interface_friction": 0.4173913043478261,
        "GI": 0.06390969899665552,
        "GII,GIII": 0.32464882943143814,
        "tI=tII=tIII": 1.1321070234113713,
        "blade_friction": 0.39063545150501666
    }
}
