{
    "geometrical_parameters": {
        "fiber_diameter": 0.029976588628762547,
        "blade_distance": 0.15150501672240804,
        "elliptical_fiber_ratio": 1.040133779264214,
        "ratio_droplet_embedded_length": 1.334448160535117,
        "droplet_diameter": 0.2257759197324415,
        "contact_angle": 20.029431438127087,
        "fiber_rotation": 83.9799331103679
    },
    "mechanical_parameters": {
        "interface_friction": 0.0,
        "GI": 0.0015,
        "GII,GIII": 0.3,
        "tI=tII=tIII": 1.3,
        "blade_friction": 0.6
    }
}
