{
    "geometrical_parameters": {
        "fiber_diameter": 0.01691304347826087,
        "blade_distance": 0.4294314381270903,
        "elliptical_fiber_ratio": 1.2859531772575252,
        "ratio_droplet_embedded_length": 1.36,
        "droplet_diameter": 0.162,
        "contact_angle": 25.7,
        "fiber_rotation": 0
    },
    "mechanical_parameters": {
        "interface_friction": 0.0,
        "GI": 0.0015,
        "GII,GIII": 0.052608695652173916,
        "blade_friction": 0.0,
        "tI=tII=tIII": 0.8160535117056857
    }
}
