{
    "geometrical_parameters": {
        "fiber_diameter": 0.01609090909090909,
        "blade_distance_ratio_to_fiber_diameter": 3.5984848484848486,
        "elliptical_fiber_ratio": 2.313131313131313,
        "ratio_droplet_embedded_length": 1.4024242424242424,
        "droplet_diameter": 0.20845454545454545,
        "contact_angle": 29.24242424242424,
        "fiber_rotation": 23.63636363636364
    },
    "mechanical_parameters": {
        "interface_friction": 0.0,
        "GI": 0.015,
        "GII,GIII": 0.3,
        "tI=tII=tIII": 1.3,
        "blade_friction": 0.6
    }
}
