{
    "geometrical_parameters": {
        "fiber_diameter": 0.01805685618729097,
        "blade_distance": 0.3876254180602007,
        "elliptical_fiber_ratio": 1.6872909698996654,
        "ratio_droplet_embedded_length": 1.351571906354515,
        "droplet_diameter": 0.1661772575250836,
        "contact_angle": 13.778595317725753,
        "fiber_rotation": 50.869565217391305
    },
    "mechanical_parameters": {
        "interface_friction": 0.0,
        "GI": 0.0015,
        "GII,GIII": 0.3,
        "tI=tII=tIII": 1.3,
        "blade_friction": 0.6
    }
}
