{
    "geometrical_parameters": {
        "fiber_diameter": 0.01637123745819398,
        "blade_distance": 0.579933110367893,
        "elliptical_fiber_ratio": 1.677257525083612,
        "ratio_droplet_embedded_length": 1.36,
        "droplet_diameter": 0.162,
        "contact_angle": 25.7,
        "fiber_rotation": 0
    },
    "mechanical_parameters": {
        "interface_friction": 0.0,
        "GI": 0.0015,
        "GII,GIII": 0.20501672240802676,
        "blade_friction": 0.0,
        "tI=tII=tIII": 1.5334448160535117
    }
}
