{
    "geometrical_parameters": {
        "fiber_diameter": 0.01865886287625418,
        "blade_distance": 0.25217391304347825,
        "elliptical_fiber_ratio": 2.294314381270903,
        "ratio_droplet_embedded_length": 1.36,
        "droplet_diameter": 0.162,
        "contact_angle": 25.7,
        "fiber_rotation": 45
    },
    "mechanical_parameters": {
        "interface_friction": 0.0,
        "GI": 0.0015,
        "GII,GIII": 0.0411371237458194,
        "blade_friction": 0.0,
        "tI=tII=tIII": 1.3578595317725752
    }
}
