{
    "geometrical_parameters": {
        "fiber_diameter": 0.014986622073578596,
        "blade_distance": 0.10501672240802676,
        "elliptical_fiber_ratio": 1.983277591973244,
        "ratio_droplet_embedded_length": 1.3419397993311035,
        "droplet_diameter": 0.22351839464882944,
        "contact_angle": 19.910367892976588,
        "fiber_rotation": 68.32775919732443
    },
    "mechanical_parameters": {
        "interface_friction": 0.0,
        "tI": 1,
        "tII,tIII": 1.3,
        "GI": 0.01,
        "GII,GIII": 0.15,
        "blade_friction": 0.8
    }
}
