{
    "geometrical_parameters": {
        "fiber_diameter": 0.023749498997995992,
        "blade_distance": 0.6409218436873747,
        "elliptical_fiber_ratio": 1.8567134268537075,
        "ratio_droplet_embedded_length": 1.1811623246492986,
        "droplet_diameter": 0.16563527054108218,
        "contact_angle": 24.83647294589178,
        "fiber_rotation": 12.264529058116233
    },
    "mechanical_parameters": {
        "interface_friction": 0.0,
        "tI": 1,
        "tII,tIII": 1.3,
        "GI": 0.01,
        "GII,GIII": 0.15,
        "blade_friction": 0.6
    }
}
