{
    "geometrical_parameters": {
        "fiber_diameter": 0.013216432865731462,
        "blade_distance": 0.4346693386773547,
        "elliptical_fiber_ratio": 2.094188376753507,
        "ratio_droplet_embedded_length": 1.3882965931863727,
        "droplet_diameter": 0.2037815631262525,
        "contact_angle": 30.829258517034063,
        "fiber_rotation": 0.3607214428857715
    },
    "mechanical_parameters": {
        "interface_friction": 0.0,
        "tI": 1,
        "tII,tIII": 1.3,
        "GI": 0.015,
        "GII,GIII": 0.1,
        "blade_friction": 0.6
    }
}
