{
    "geometrical_parameters": {
        "fiber_diameter": 0.02919095477386935,
        "blade_distance": 0.3296482412060302,
        "elliptical_fiber_ratio": 1.1909547738693467,
        "ratio_droplet_embedded_length": 1.2580904522613066,
        "droplet_diameter": 0.22689447236180904,
        "contact_angle": 31.221105527638187,
        "fiber_rotation": 48.39195979899498
    },
    "mechanical_parameters": {
        "interface_friction": 0.0,
        "GI": 0.0015,
        "GII,GIII": 0.3,
        "tI=tII=tIII": 1.3,
        "blade_friction": 0.6
    }
}
