{
    "geometrical_parameters": {
        "fiber_diameter": 0.02281818181818182,
        "blade_distance": 0.10977764178741856,
        "elliptical_fiber_ratio": 2.6363636363636362,
        "ratio_droplet_embedded_length": 1.2957575757575757,
        "droplet_diameter": 0.19754545454545455,
        "contact_angle": 19.53333333333333,
        "fiber_rotation": 48.18181818181819
    },
    "mechanical_parameters": {
        "interface_friction": 0.0,
        "GI": 0.015,
        "GII,GIII": 0.3,
        "tI=tII=tIII": 1.3,
        "blade_friction": 0.6
    }
}
