{
    "geometrical_parameters": {
        "fiber_diameter": 0.015588628762541806,
        "blade_distance": 0.3073578595317726,
        "elliptical_fiber_ratio": 1.9983277591973243,
        "ratio_droplet_embedded_length": 1.36,
        "droplet_diameter": 0.162,
        "contact_angle": 25.7,
        "fiber_rotation": 45
    },
    "mechanical_parameters": {
        "interface_friction": 0.0,
        "GI": 0.0015,
        "GII,GIII": 0.3770903010033445,
        "blade_friction": 0.0,
        "tI=tII=tIII": 1.8695652173913042
    }
}
