{
    "geometrical_parameters": {
        "fiber_diameter": 0.015849699398797594,
        "elliptical_fiber_ratio": 1.0,
        "blade_distance": 0.3875751503006012,
        "ratio_droplet_embedded_length": 1.36,
        "droplet_diameter": 0.21189779559118238,
        "contact_angle": 25.7,
        "fiber_rotation": 0
    },
    "mechanical_parameters": {
        "interface_friction": 0.0,
        "GI": 0.0015,
        "GII,GIII": 0.2417434869739479,
        "blade_friction": 0.0,
        "tI=tII=tIII": 1.1132264529058116
    }
}
