{
    "geometrical_parameters": {
        "fiber_diameter": 0.021,
        "blade_distance": 0.15,
        "elliptical_fiber_ratio": 1.0,
        "ratio_droplet_embedded_length": 1.36,
        "droplet_diameter": 0.162,
        "contact_angle": 25.7,
        "fiber_rotation": 0
    },
    "mechanical_parameters": {
        "interface_friction": 0.0026755852842809368,
        "GI": 0.040070234113712376,
        "GII,GIII": 0.12471571906354513,
        "tI=tII=tIII": 0.8812709030100334,
        "blade_friction": 0.12842809364548494
    }
}
