{
    "geometrical_parameters": {
        "fiber_diameter": 0.013301003344481605,
        "blade_distance": 0.4060200668896321,
        "elliptical_fiber_ratio": 2.259197324414716,
        "ratio_droplet_embedded_length": 1.3537123745819397,
        "droplet_diameter": 0.17475585284280937,
        "contact_angle": 28.363879598662205,
        "fiber_rotation": 15.050167224080269
    },
    "mechanical_parameters": {
        "interface_friction": 0.0,
        "tI": 1,
        "tII,tIII": 1.3,
        "GI": 0.01,
        "GII,GIII": 0.15,
        "blade_friction": 0.8
    }
}
