{
    "geometrical_parameters": {
        "fiber_diameter": 0.02338877755511022,
        "blade_distance": 0.1,
        "elliptical_fiber_ratio": 2.0761523046092183,
        "ratio_droplet_embedded_length": 1.228617234468938,
        "droplet_diameter": 0.12667735470941885,
        "contact_angle": 13.849699398797595,
        "fiber_rotation": 55.91182364729459
    },
    "mechanical_parameters": {
        "interface_friction": 0.0,
        "tI": 1,
        "tII,tIII": 1.3,
        "GI": 0.015,
        "GII,GIII": 0.1,
        "blade_friction": 0.6
    }
}
