{
    "geometrical_parameters": {
        "fiber_diameter": 0.021,
        "blade_distance": 0.15,
        "elliptical_fiber_ratio": 1.0,
        "ratio_droplet_embedded_length": 1.36,
        "droplet_diameter": 0.162,
        "contact_angle": 25.7,
        "fiber_rotation": 0
    },
    "mechanical_parameters": {
        "interface_friction": 0.6287625418060201,
        "tI": 1.2096989966555183,
        "tII,tIII": 1.1421404682274248,
        "GI": 0.07616053511705687,
        "GII,GIII": 0.018193979933110366,
        "blade_friction": 0.3745819397993311
    }
}
