{
    "geometrical_parameters": {
        "fiber_diameter": 0.022692307692307692,
        "blade_distance": 0.3725752508361204,
        "elliptical_fiber_ratio": 2.3143812709030103,
        "ratio_droplet_embedded_length": 1.36,
        "droplet_diameter": 0.162,
        "contact_angle": 25.7,
        "fiber_rotation": 45
    },
    "mechanical_parameters": {
        "interface_friction": 0.0,
        "GI": 0.0015,
        "GII,GIII": 0.054247491638796,
        "blade_friction": 0.0,
        "tI=tII=tIII": 1.2575250836120402
    }
}
