{
    "geometrical_parameters": {
        "fiber_diameter": 0.019682274247491638,
        "blade_distance": 0.2806020066889632,
        "elliptical_fiber_ratio": 2.148829431438127,
        "ratio_droplet_embedded_length": 1.4050836120401338,
        "droplet_diameter": 0.12779933110367894,
        "contact_angle": 30.149832775919734,
        "fiber_rotation": 9.632107023411372
    },
    "mechanical_parameters": {
        "interface_friction": 0.0,
        "tI": 1,
        "tII,tIII": 1.3,
        "GI": 0.01,
        "GII,GIII": 0.15,
        "blade_friction": 0.8
    }
}
