{
    "geometrical_parameters": {
        "fiber_diameter": 0.021,
        "blade_distance": 0.15,
        "elliptical_fiber_ratio": 1.0,
        "ratio_droplet_embedded_length": 1.36,
        "droplet_diameter": 0.162,
        "contact_angle": 25.7,
        "fiber_rotation": 0
    },
    "mechanical_parameters": {
        "interface_friction": 0.6020066889632107,
        "tI": 0.6946488294314381,
        "tII,tIII": 1.2575250836120402,
        "GI": 0.07649163879598662,
        "GII,GIII": 0.016555183946488295,
        "blade_friction": 0.4548494983277592
    }
}
