{
    "geometrical_parameters": {
        "fiber_diameter": 0.028402805611222444,
        "blade_distance": 0.46573146292585166,
        "elliptical_fiber_ratio": 1.1833667334669338,
        "ratio_droplet_embedded_length": 1.2260521042084167,
        "droplet_diameter": 0.1883607214428858,
        "contact_angle": 29.366733466933866,
        "fiber_rotation": 39.498997995991985
    },
    "mechanical_parameters": {
        "interface_friction": 0.0,
        "tI": 1,
        "tII,tIII": 1.3,
        "GI": 0.015,
        "GII,GIII": 0.1,
        "blade_friction": 0.6
    }
}
