{
    "geometrical_parameters": {
        "fiber_diameter": 0.014046092184368737,
        "blade_distance": 0.1871743486973948,
        "elliptical_fiber_ratio": 1.535070140280561,
        "ratio_droplet_embedded_length": 1.354308617234469,
        "droplet_diameter": 0.19295991983967936,
        "contact_angle": 20.912625250501,
        "fiber_rotation": 46.172344689378754
    },
    "mechanical_parameters": {
        "interface_friction": 0.0,
        "tI": 1,
        "tII,tIII": 1.3,
        "GI": 0.015,
        "GII,GIII": 0.1,
        "blade_friction": 0.6
    }
}
