{
    "geometrical_parameters": {
        "fiber_diameter": 0.016250836120401336,
        "blade_distance": 0.3023411371237458,
        "elliptical_fiber_ratio": 1.391304347826087,
        "ratio_droplet_embedded_length": 1.4500334448160535,
        "droplet_diameter": 0.14450501672240804,
        "contact_angle": 29.37591973244147,
        "fiber_rotation": 43.64548494983278
    },
    "mechanical_parameters": {
        "interface_friction": 0.0,
        "GI": 0.0015,
        "GII,GIII": 0.3,
        "tI=tII=tIII": 1.3,
        "blade_friction": 0.6
    }
}
