{
    "geometrical_parameters": {
        "fiber_diameter": 0.028871743486973953,
        "elliptical_fiber_ratio": 1.0,
        "blade_distance": 0.5318637274549098,
        "ratio_droplet_embedded_length": 1.36,
        "droplet_diameter": 0.20973346693386774,
        "contact_angle": 25.7,
        "fiber_rotation": 0
    },
    "mechanical_parameters": {
        "interface_friction": 0.0,
        "GI": 0.0015,
        "GII,GIII": 0.1366733466933868,
        "blade_friction": 0.0,
        "tI=tII=tIII": 1.1793587174348699
    }
}
