{
    "geometrical_parameters": {
        "fiber_diameter": 0.021,
        "blade_distance": 0.042,
        "elliptical_fiber_ratio": 1.0,
        "ratio_droplet_embedded_length": 1.36,
        "droplet_diameter": 0.162,
        "contact_angle": 25.7,
        "fiber_rotation": 0
    },
    "mechanical_parameters": {
        "interface_friction": 0.4361204013377927,
        "GI": 0.04702341137123746,
        "GII,GIII": 0.03949832775919732,
        "tI=tII=tIII": 1.0468227424749164,
        "blade_friction": 0.09096989966555184
    }
}
