{
    "geometrical_parameters": {
        "fiber_diameter": 0.015957915831663328,
        "elliptical_fiber_ratio": 1.0,
        "blade_distance": 0.10501002004008017,
        "ratio_droplet_embedded_length": 1.36,
        "droplet_diameter": 0.1264068136272545,
        "contact_angle": 25.7,
        "fiber_rotation": 0
    },
    "mechanical_parameters": {
        "interface_friction": 0.0,
        "GI": 0.0015,
        "GII,GIII": 0.3281563126252505,
        "blade_friction": 0.0,
        "tI=tII=tIII": 1.594188376753507
    }
}
