{
    "geometrical_parameters": {
        "fiber_diameter": 0.021,
        "blade_distance": 0.042,
        "elliptical_fiber_ratio": 1.0,
        "ratio_droplet_embedded_length": 1.36,
        "droplet_diameter": 0.162,
        "contact_angle": 25.7,
        "fiber_rotation": 0
    },
    "mechanical_parameters": {
        "interface_friction": 0.44147157190635455,
        "GI": 0.005966555183946488,
        "GII,GIII": 0.11652173913043479,
        "tI=tII=tIII": 0.6655518394648829,
        "blade_friction": 0.7732441471571907
    }
}
