{
    "geometrical_parameters": {
        "fiber_diameter": 0.02112709030100334,
        "elliptical_fiber_ratio": 1.0,
        "blade_distance": 0.20200668896321072,
        "ratio_droplet_embedded_length": 1.36,
        "droplet_diameter": 0.22216387959866224,
        "contact_angle": 25.7,
        "fiber_rotation": 0
    },
    "mechanical_parameters": {
        "interface_friction": 0.0,
        "GI": 0.0015,
        "GII,GIII": 0.31809364548494984,
        "blade_friction": 0.0,
        "tI=tII=tIII": 0.5150501672240803
    }
}
