{
    "geometrical_parameters": {
        "fiber_diameter": 0.017635451505016723,
        "blade_distance": 0.4277591973244147,
        "elliptical_fiber_ratio": 1.3277591973244147,
        "ratio_droplet_embedded_length": 1.3333779264214045,
        "droplet_diameter": 0.1354749163879599,
        "contact_angle": 14.373913043478261,
        "fiber_rotation": 59.89966555183947
    },
    "mechanical_parameters": {
        "interface_friction": 0.0,
        "GI": 0.0015,
        "GII,GIII": 0.3,
        "tI=tII=tIII": 1.3,
        "blade_friction": 0.6
    }
}
