{
    "geometrical_parameters": {
        "fiber_diameter": 0.02212625250501002,
        "elliptical_fiber_ratio": 1.0,
        "blade_distance": 0.2222444889779559,
        "ratio_droplet_embedded_length": 1.36,
        "droplet_diameter": 0.12234869739478958,
        "contact_angle": 25.7,
        "fiber_rotation": 0
    },
    "mechanical_parameters": {
        "interface_friction": 0.0,
        "GI": 0.0015,
        "GII,GIII": 0.19362725450901805,
        "blade_friction": 0.0,
        "tI=tII=tIII": 0.5240480961923848
    }
}
