{
    "geometrical_parameters": {
        "fiber_diameter": 0.0302064128256513,
        "blade_distance": 0.4887775551102205,
        "elliptical_fiber_ratio": 1.2434869739478958,
        "ratio_droplet_embedded_length": 1.3677755511022043,
        "droplet_diameter": 0.16942284569138277,
        "contact_angle": 29.687775551102206,
        "fiber_rotation": 40.5811623246493
    },
    "mechanical_parameters": {
        "interface_friction": 0.0,
        "tI": 1,
        "tII,tIII": 1.3,
        "GI": 0.015,
        "GII,GIII": 0.1,
        "blade_friction": 0.6
    }
}
