{
    "geometrical_parameters": {
        "fiber_diameter": 0.021,
        "blade_distance": 0.15,
        "elliptical_fiber_ratio": 1.0,
        "ratio_droplet_embedded_length": 1.36,
        "droplet_diameter": 0.162,
        "contact_angle": 25.7,
        "fiber_rotation": 0
    },
    "mechanical_parameters": {
        "interface_friction": 0.39063545150501666,
        "GI": 0.09304682274247493,
        "GII,GIII": 0.08702341137123745,
        "tI=tII=tIII": 0.6354515050167224,
        "blade_friction": 0.5725752508361205
    }
}
