{
    "geometrical_parameters": {
        "fiber_diameter": 0.021,
        "blade_distance": 0.042,
        "elliptical_fiber_ratio": 1.0,
        "ratio_droplet_embedded_length": 1.36,
        "droplet_diameter": 0.162,
        "contact_angle": 25.7,
        "fiber_rotation": 0
    },
    "mechanical_parameters": {
        "interface_friction": 0.7331103678929766,
        "GI": 0.03907692307692307,
        "GII,GIII": 0.3754515050167224,
        "tI=tII=tIII": 1.7842809364548495,
        "blade_friction": 0.24615384615384614
    }
}
