{
    "geometrical_parameters": {
        "fiber_diameter": 0.03027759197324415,
        "blade_distance": 0.4394648829431439,
        "elliptical_fiber_ratio": 1.0903010033444815,
        "ratio_droplet_embedded_length": 1.2445484949832775,
        "droplet_diameter": 0.233,
        "contact_angle": 14.31438127090301,
        "fiber_rotation": 10.836120401337793
    },
    "mechanical_parameters": {
        "interface_friction": 0.0,
        "tI": 1,
        "tII,tIII": 1.3,
        "GI": 0.01,
        "GII,GIII": 0.15,
        "blade_friction": 0.8
    }
}
