{
    "geometrical_parameters": {
        "fiber_diameter": 0.021,
        "blade_distance": 0.15,
        "elliptical_fiber_ratio": 1.0,
        "ratio_droplet_embedded_length": 1.36,
        "droplet_diameter": 0.162,
        "contact_angle": 25.7,
        "fiber_rotation": 0
    },
    "mechanical_parameters": {
        "interface_friction": 0.13377926421404684,
        "GI": 0.0990066889632107,
        "GII,GIII": 0.2918729096989967,
        "tI=tII=tIII": 1.2826086956521738,
        "blade_friction": 0.5163879598662208
    }
}
