{
    "geometrical_parameters": {
        "fiber_diameter": 0.030458917835671347,
        "blade_distance": 0.34240480961923847,
        "elliptical_fiber_ratio": 1.934869739478958,
        "ratio_droplet_embedded_length": 1.443446893787575,
        "droplet_diameter": 0.12884168336673346,
        "contact_angle": 20.591583166332665,
        "fiber_rotation": 56.45290581162325
    },
    "mechanical_parameters": {
        "interface_friction": 0.0,
        "tI": 1,
        "tII,tIII": 1.3,
        "GI": 0.01,
        "GII,GIII": 0.15,
        "blade_friction": 0.6
    }
}
