{
    "geometrical_parameters": {
        "fiber_diameter": 0.021,
        "blade_distance": 0.15,
        "elliptical_fiber_ratio": 1.0,
        "ratio_droplet_embedded_length": 1.36,
        "droplet_diameter": 0.162,
        "contact_angle": 25.7,
        "fiber_rotation": 0
    },
    "mechanical_parameters": {
        "interface_friction": 0.3264214046822742,
        "tI": 0.9755852842809364,
        "tII,tIII": 1.7692307692307694,
        "GI": 0.0437123745819398,
        "GII,GIII": 0.4344481605351171,
        "blade_friction": 0.013377926421404682
    }
}
