{
    "geometrical_parameters": {
        "fiber_diameter": 0.021729458917835672,
        "elliptical_fiber_ratio": 1.0,
        "blade_distance": 0.10100200400801604,
        "ratio_droplet_embedded_length": 1.36,
        "droplet_diameter": 0.1970180360721443,
        "contact_angle": 25.7,
        "fiber_rotation": 0
    },
    "mechanical_parameters": {
        "interface_friction": 0.0,
        "GI": 0.0015,
        "GII,GIII": 0.45973947895791584,
        "blade_friction": 0.0,
        "tI=tII=tIII": 1.314629258517034
    }
}
