{
    "geometrical_parameters": {
        "fiber_diameter": 0.02750100200400802,
        "elliptical_fiber_ratio": 1.0,
        "blade_distance": 0.5969939879759519,
        "ratio_droplet_embedded_length": 1.36,
        "droplet_diameter": 0.18917234468937877,
        "contact_angle": 25.7,
        "fiber_rotation": 0
    },
    "mechanical_parameters": {
        "interface_friction": 0.0,
        "GI": 0.0015,
        "GII,GIII": 0.08462925851703405,
        "blade_friction": 0.0,
        "tI=tII=tIII": 1.2875751503006012
    }
}
