{
    "geometrical_parameters": {
        "fiber_diameter": 0.026484949832775922,
        "blade_distance": 0.19130434782608696,
        "elliptical_fiber_ratio": 1.5351170568561874,
        "ratio_droplet_embedded_length": 1.4585953177257525,
        "droplet_diameter": 0.11651170568561874,
        "contact_angle": 17.648160535117057,
        "fiber_rotation": 73.4448160535117
    },
    "mechanical_parameters": {
        "interface_friction": 0.0,
        "GI": 0.0015,
        "GII,GIII": 0.3,
        "tI=tII=tIII": 1.3,
        "blade_friction": 0.6
    }
}
