{
    "geometrical_parameters": {
        "fiber_diameter": 0.02190969899665552,
        "blade_distance": 0.237123745819398,
        "elliptical_fiber_ratio": 2.008361204013378,
        "ratio_droplet_embedded_length": 1.442541806020067,
        "droplet_diameter": 0.16166220735785952,
        "contact_angle": 27.887625418060196,
        "fiber_rotation": 4.51505016722408
    },
    "mechanical_parameters": {
        "interface_friction": 0.0,
        "tI": 1,
        "tII,tIII": 1.3,
        "GI": 0.01,
        "GII,GIII": 0.15,
        "blade_friction": 0.8
    }
}
