{
    "geometrical_parameters": {
        "fiber_diameter": 0.025727272727272727,
        "blade_distance": 0.12071314416004587,
        "elliptical_fiber_ratio": 2.858585858585859,
        "ratio_droplet_embedded_length": 1.450909090909091,
        "droplet_diameter": 0.20981818181818185,
        "contact_angle": 21.690909090909088,
        "fiber_rotation": 9.090909090909092
    },
    "mechanical_parameters": {
        "interface_friction": 0.0,
        "GI": 0.0015,
        "GII,GIII": 0.3,
        "tI=tII=tIII": 1.3,
        "blade_friction": 0.6
    }
}
