{
    "geometrical_parameters": {
        "fiber_diameter": 0.017996655518394647,
        "blade_distance": 0.24214046822742474,
        "elliptical_fiber_ratio": 1.451505016722408,
        "ratio_droplet_embedded_length": 1.36,
        "droplet_diameter": 0.162,
        "contact_angle": 25.7,
        "fiber_rotation": 45
    },
    "mechanical_parameters": {
        "interface_friction": 0.0,
        "GI": 0.0015,
        "GII,GIII": 0.24107023411371234,
        "blade_friction": 0.0,
        "tI=tII=tIII": 0.6806020066889632
    }
}
