{
    "geometrical_parameters": {
        "fiber_diameter": 0.021,
        "blade_distance": 0.15,
        "elliptical_fiber_ratio": 1.0,
        "ratio_droplet_embedded_length": 1.36,
        "droplet_diameter": 0.162,
        "contact_angle": 25.7,
        "fiber_rotation": 0
    },
    "mechanical_parameters": {
        "interface_friction": 0.671571906354515,
        "GI": 0.062254180602006694,
        "GII,GIII": 0.31809364548494984,
        "tI=tII=tIII": 0.8712374581939799,
        "blade_friction": 0.12040133779264213
    }
}
