{
    "geometrical_parameters": {
        "fiber_diameter": 0.02907357859531773,
        "blade_distance": 0.4020066889632108,
        "elliptical_fiber_ratio": 1.5752508361204014,
        "ratio_droplet_embedded_length": 1.2456187290969898,
        "droplet_diameter": 0.20139464882943145,
        "contact_angle": 24.196655518394646,
        "fiber_rotation": 65.31772575250837
    },
    "mechanical_parameters": {
        "interface_friction": 0.0,
        "GI": 0.0015,
        "GII,GIII": 0.3,
        "tI=tII=tIII": 1.3,
        "blade_friction": 0.6
    }
}
