{
    "geometrical_parameters": {
        "fiber_diameter": 0.029304609218436875,
        "blade_distance": 0.2092184368737475,
        "elliptical_fiber_ratio": 1.6192384769539077,
        "ratio_droplet_embedded_length": 1.2619639278557113,
        "droplet_diameter": 0.12424248496993989,
        "contact_angle": 16.774749498997995,
        "fiber_rotation": 75.03006012024048
    },
    "mechanical_parameters": {
        "interface_friction": 0.0,
        "tI": 1,
        "tII,tIII": 1.3,
        "GI": 0.015,
        "GII,GIII": 0.1,
        "blade_friction": 0.6
    }
}
