{
    "geometrical_parameters": {
        "fiber_diameter": 0.021,
        "blade_distance": 0.15,
        "elliptical_fiber_ratio": 1.0,
        "ratio_droplet_embedded_length": 1.36,
        "droplet_diameter": 0.162,
        "contact_angle": 25.7,
        "fiber_rotation": 0
    },
    "mechanical_parameters": {
        "interface_friction": 0.040133779264214055,
        "GI": 0.025170568561872914,
        "GII,GIII": 0.10832775919732442,
        "tI=tII=tIII": 1.5635451505016722,
        "blade_friction": 0.19264214046822745
    }
}
