{
    "geometrical_parameters": {
        "fiber_diameter": 0.016250836120401336,
        "blade_distance": 0.5581939799331104,
        "elliptical_fiber_ratio": 2.479933110367893,
        "ratio_droplet_embedded_length": 1.1899665551839465,
        "droplet_diameter": 0.21719732441471573,
        "contact_angle": 20.9819397993311,
        "fiber_rotation": 61.40468227424749
    },
    "mechanical_parameters": {
        "interface_friction": 0.0,
        "tI": 1,
        "tII,tIII": 1.3,
        "GI": 0.01,
        "GII,GIII": 0.15,
        "blade_friction": 0.8
    }
}
