{
    "geometrical_parameters": {
        "fiber_diameter": 0.01637123745819398,
        "blade_distance": 0.43010033444816054,
        "elliptical_fiber_ratio": 1.6354515050167224,
        "ratio_droplet_embedded_length": 1.4296989966555185,
        "droplet_diameter": 0.2271304347826087,
        "contact_angle": 29.55451505016722,
        "fiber_rotation": 76.75585284280938
    },
    "mechanical_parameters": {
        "interface_friction": 0.0,
        "GI": 0.0015,
        "GII,GIII": 0.3,
        "tI=tII=tIII": 1.3,
        "blade_friction": 0.6
    }
}
