{
    "geometrical_parameters": {
        "fiber_diameter": 0.021608695652173913,
        "blade_distance": 0.354180602006689,
        "elliptical_fiber_ratio": 1.551839464882943,
        "ratio_droplet_embedded_length": 1.36,
        "droplet_diameter": 0.162,
        "contact_angle": 25.7,
        "fiber_rotation": 45
    },
    "mechanical_parameters": {
        "interface_friction": 0.0,
        "GI": 0.0015,
        "GII,GIII": 0.23287625418060198,
        "blade_friction": 0.0,
        "tI=tII=tIII": 1.1571906354515051
    }
}
