{
    "geometrical_parameters": {
        "fiber_diameter": 0.02481818181818182,
        "blade_distance": 0.2717171717171717,
        "elliptical_fiber_ratio": 2.4545454545454546,
        "ratio_droplet_embedded_length": 1.4541414141414142,
        "droplet_diameter": 0.1020909090909091,
        "contact_angle": 19.53333333333333,
        "fiber_rotation": 20.0
    },
    "mechanical_parameters": {
        "interface_friction": 0.0,
        "tI": 1.3,
        "tII,tIII": 1.3,
        "GI": 0.3,
        "GII,GIII": 0.3,
        "blade_friction": 0.6
    }
}
