{
    "geometrical_parameters": {
        "fiber_diameter": 0.0298561872909699,
        "blade_distance": 0.6197324414715719,
        "elliptical_fiber_ratio": 2.3377926421404682,
        "ratio_droplet_embedded_length": 1.4789297658862877,
        "droplet_diameter": 0.12960535117056857,
        "contact_angle": 21.75585284280936,
        "fiber_rotation": 44.84949832775919
    },
    "mechanical_parameters": {
        "interface_friction": 0.0,
        "GI": 0.0015,
        "GII,GIII": 0.3,
        "tI=tII=tIII": 1.3,
        "blade_friction": 0.6
    }
}
