{
    "geometrical_parameters": {
        "fiber_diameter": 0.022162324649298598,
        "elliptical_fiber_ratio": 1.0,
        "blade_distance": 0.5529058116232465,
        "ratio_droplet_embedded_length": 1.36,
        "droplet_diameter": 0.15156713426853707,
        "contact_angle": 25.7,
        "fiber_rotation": 0
    },
    "mechanical_parameters": {
        "interface_friction": 0.0,
        "GI": 0.0015,
        "GII,GIII": 0.2878957915831663,
        "blade_friction": 0.0,
        "tI=tII=tIII": 1.3987975951903808
    }
}
