{
    "geometrical_parameters": {
        "fiber_diameter": 0.01631103678929766,
        "blade_distance": 0.5414715719063545,
        "elliptical_fiber_ratio": 1.7826086956521738,
        "ratio_droplet_embedded_length": 1.36,
        "droplet_diameter": 0.162,
        "contact_angle": 25.7,
        "fiber_rotation": 45
    },
    "mechanical_parameters": {
        "interface_friction": 0.0,
        "GI": 0.0015,
        "GII,GIII": 0.47541806020066885,
        "blade_friction": 0.0,
        "tI=tII=tIII": 1.3026755852842808
    }
}
