{
    "geometrical_parameters": {
        "fiber_diameter": 0.02774916387959866,
        "blade_distance": 0.21204013377926423,
        "elliptical_fiber_ratio": 2.4347826086956523,
        "ratio_droplet_embedded_length": 1.36,
        "droplet_diameter": 0.162,
        "contact_angle": 25.7,
        "fiber_rotation": 0
    },
    "mechanical_parameters": {
        "interface_friction": 0.0,
        "GI": 0.0015,
        "GII,GIII": 0.19190635451505017,
        "blade_friction": 0.0,
        "tI=tII=tIII": 0.68561872909699
    }
}
