{
    "geometrical_parameters": {
        "fiber_diameter": 0.016551839464882943,
        "blade_distance": 0.2906354515050167,
        "elliptical_fiber_ratio": 1.0501672240802675,
        "ratio_droplet_embedded_length": 1.2702341137123745,
        "droplet_diameter": 0.1309598662207358,
        "contact_angle": 19.969899665551836,
        "fiber_rotation": 40.63545150501671
    },
    "mechanical_parameters": {
        "interface_friction": 0.0,
        "GI": 0.0015,
        "GII,GIII": 0.3,
        "tI=tII=tIII": 1.3,
        "blade_friction": 0.6
    }
}
