{
    "geometrical_parameters": {
        "fiber_diameter": 0.016852842809364547,
        "blade_distance": 0.5431438127090301,
        "elliptical_fiber_ratio": 2.4297658862876252,
        "ratio_droplet_embedded_length": 1.30876254180602,
        "droplet_diameter": 0.2104247491638796,
        "contact_angle": 23.779933110367892,
        "fiber_rotation": 9.933110367892976
    },
    "mechanical_parameters": {
        "interface_friction": 0.0,
        "GI": 0.0015,
        "GII,GIII": 0.3,
        "tI=tII=tIII": 1.3,
        "blade_friction": 0.6
    }
}
