{
    "geometrical_parameters": {
        "fiber_diameter": 0.02790909090909091,
        "blade_distance_ratio_to_fiber_diameter": 3.939393939393939,
        "elliptical_fiber_ratio": 1.6464646464646466,
        "ratio_droplet_embedded_length": 1.4444444444444444,
        "droplet_diameter": 0.1702727272727273,
        "contact_angle": 22.05050505050505,
        "fiber_rotation": 29.090909090909093
    },
    "mechanical_parameters": {
        "interface_friction": 0.0,
        "GI": 0.015,
        "GII,GIII": 0.3,
        "tI=tII=tIII": 1.3,
        "blade_friction": 0.6
    }
}
