{
    "geometrical_parameters": {
        "fiber_diameter": 0.017363636363636362,
        "blade_distance": 0.09136401557749889,
        "elliptical_fiber_ratio": 1.1212121212121213,
        "ratio_droplet_embedded_length": 1.2795959595959596,
        "droplet_diameter": 0.22754545454545455,
        "contact_angle": 24.927272727272726,
        "fiber_rotation": 56.36363636363636
    },
    "mechanical_parameters": {
        "interface_friction": 0.0,
        "GI": 0.015,
        "GII,GIII": 0.3,
        "tI=tII=tIII": 1.3,
        "blade_friction": 0.6
    }
}
