{
    "geometrical_parameters": {
        "fiber_diameter": 0.021,
        "blade_distance": 0.15,
        "elliptical_fiber_ratio": 1.0,
        "ratio_droplet_embedded_length": 1.36,
        "droplet_diameter": 0.162,
        "contact_angle": 25.7,
        "fiber_rotation": 0
    },
    "mechanical_parameters": {
        "interface_friction": 0.6662207357859533,
        "tI": 1.0364548494983277,
        "tII,tIII": 1.3177257525083612,
        "GI": 0.03411036789297659,
        "GII,GIII": 0.432809364548495,
        "blade_friction": 0.07759197324414717
    }
}
