{
    "geometrical_parameters": {
        "fiber_diameter": 0.028294589178356713,
        "elliptical_fiber_ratio": 1.0,
        "blade_distance": 0.2903807615230461,
        "ratio_droplet_embedded_length": 1.36,
        "droplet_diameter": 0.12857114228456915,
        "contact_angle": 25.7,
        "fiber_rotation": 0
    },
    "mechanical_parameters": {
        "interface_friction": 0.0,
        "GI": 0.0015,
        "GII,GIII": 0.22210420841683368,
        "blade_friction": 0.0,
        "tI=tII=tIII": 1.8046092184368738
    }
}
