{
    "geometrical_parameters": {
        "fiber_diameter": 0.02034448160535117,
        "blade_distance": 0.7063545150501672,
        "elliptical_fiber_ratio": 1.3612040133779264,
        "ratio_droplet_embedded_length": 1.3269565217391304,
        "droplet_diameter": 0.16753177257525087,
        "contact_angle": 23.363210702341135,
        "fiber_rotation": 79.4648829431438
    },
    "mechanical_parameters": {
        "interface_friction": 0.0,
        "GI": 0.0015,
        "GII,GIII": 0.3,
        "tI=tII=tIII": 1.3,
        "blade_friction": 0.6
    }
}
