{
    "geometrical_parameters": {
        "fiber_diameter": 0.015046822742474916,
        "blade_distance": 0.11003344481605351,
        "elliptical_fiber_ratio": 2.1989966555183944,
        "ratio_droplet_embedded_length": 1.2391973244147156,
        "droplet_diameter": 0.11019063545150502,
        "contact_angle": 13.897658862876254,
        "fiber_rotation": 45.15050167224079
    },
    "mechanical_parameters": {
        "interface_friction": 0.0,
        "GI": 0.0015,
        "GII,GIII": 0.3,
        "tI=tII=tIII": 1.3,
        "blade_friction": 0.6
    }
}
