{
    "geometrical_parameters": {
        "fiber_diameter": 0.026725752508361206,
        "elliptical_fiber_ratio": 1.0,
        "blade_distance": 0.23377926421404682,
        "ratio_droplet_embedded_length": 1.36,
        "droplet_diameter": 0.22803344481605353,
        "contact_angle": 25.7,
        "fiber_rotation": 0
    },
    "mechanical_parameters": {
        "interface_friction": 0.0,
        "GI": 0.0015,
        "GII,GIII": 0.28204013377926423,
        "blade_friction": 0.0,
        "tI=tII=tIII": 1.939799331103679
    }
}
