{
    "geometrical_parameters": {
        "fiber_diameter": 0.02338877755511022,
        "elliptical_fiber_ratio": 1.0,
        "blade_distance": 0.5458917835671343,
        "ratio_droplet_embedded_length": 1.36,
        "droplet_diameter": 0.11423246492985972,
        "contact_angle": 25.7,
        "fiber_rotation": 0
    },
    "mechanical_parameters": {
        "interface_friction": 0.0,
        "GI": 0.0015,
        "GII,GIII": 0.08659318637274548,
        "blade_friction": 0.0,
        "tI=tII=tIII": 1.1192384769539077
    }
}
