{
    "geometrical_parameters": {
        "fiber_diameter": 0.023956521739130435,
        "elliptical_fiber_ratio": 1.0,
        "blade_distance": 0.1802675585284281,
        "ratio_droplet_embedded_length": 1.36,
        "droplet_diameter": 0.19417056856187292,
        "contact_angle": 25.7,
        "fiber_rotation": 0
    },
    "mechanical_parameters": {
        "interface_friction": 0.0,
        "GI": 0.0015,
        "GII,GIII": 0.4885284280936455,
        "blade_friction": 0.0,
        "tI=tII=tIII": 1.6187290969899668
    }
}
