{
    "geometrical_parameters": {
        "fiber_diameter": 0.015829431438127088,
        "blade_distance": 0.4595317725752508,
        "elliptical_fiber_ratio": 2.4147157190635453,
        "ratio_droplet_embedded_length": 1.1803344481605351,
        "droplet_diameter": 0.21177926421404683,
        "contact_angle": 16.755183946488295,
        "fiber_rotation": 54.48160535117057
    },
    "mechanical_parameters": {
        "interface_friction": 0.0,
        "tI": 1,
        "tII,tIII": 1.3,
        "GI": 0.01,
        "GII,GIII": 0.15,
        "blade_friction": 0.8
    }
}
