{
    "geometrical_parameters": {
        "fiber_diameter": 0.022847695390781565,
        "blade_distance": 0.5320641282565131,
        "elliptical_fiber_ratio": 1.9889779559118237,
        "ratio_droplet_embedded_length": 1.3126252505010019,
        "droplet_diameter": 0.12180761523046092,
        "contact_angle": 30.15150300601202,
        "fiber_rotation": 43.64729458917836
    },
    "mechanical_parameters": {
        "interface_friction": 0.0,
        "tI": 1,
        "tII,tIII": 1.3,
        "GI": 0.01,
        "GII,GIII": 0.15,
        "blade_friction": 0.6
    }
}
