{
    "geometrical_parameters": {
        "fiber_diameter": 0.015909090909090907,
        "blade_distance": 0.09045452077612533,
        "elliptical_fiber_ratio": 1.8484848484848486,
        "ratio_droplet_embedded_length": 1.4185858585858586,
        "droplet_diameter": 0.09936363636363636,
        "contact_angle": 27.084848484848482,
        "fiber_rotation": 38.18181818181818
    },
    "mechanical_parameters": {
        "interface_friction": 0.0,
        "GI": 0.0015,
        "GII,GIII": 0.3,
        "tI=tII=tIII": 1.3,
        "blade_friction": 0.6
    }
}
