{
    "geometrical_parameters": {
        "fiber_diameter": 0.018478260869565215,
        "blade_distance": 0.40100334448160535,
        "elliptical_fiber_ratio": 1.0250836120401339,
        "ratio_droplet_embedded_length": 1.39438127090301,
        "droplet_diameter": 0.132314381270903,
        "contact_angle": 14.96923076923077,
        "fiber_rotation": 13.545150501672241
    },
    "mechanical_parameters": {
        "interface_friction": 0.0,
        "GI": 0.0015,
        "GII,GIII": 0.3,
        "tI=tII=tIII": 1.3,
        "blade_friction": 0.6
    }
}
