{
    "geometrical_parameters": {
        "fiber_diameter": 0.029909090909090913,
        "blade_distance": 0.5191919191919192,
        "elliptical_fiber_ratio": 2.227272727272727,
        "ratio_droplet_embedded_length": 1.16,
        "droplet_diameter": 0.19072727272727275,
        "contact_angle": 15.397979797979797,
        "fiber_rotation": 60.00000000000001
    },
    "mechanical_parameters": {
        "interface_friction": 0.0,
        "tI": 1.3,
        "tII,tIII": 1.3,
        "GI": 0.3,
        "GII,GIII": 0.3,
        "blade_friction": 0.6
    }
}
