{
    "geometrical_parameters": {
        "fiber_diameter": 0.017816053511705687,
        "blade_distance": 0.277257525083612,
        "elliptical_fiber_ratio": 1.5267558528428093,
        "ratio_droplet_embedded_length": 1.4307692307692308,
        "droplet_diameter": 0.17791638795986625,
        "contact_angle": 30.864214046822738,
        "fiber_rotation": 57.190635451505024
    },
    "mechanical_parameters": {
        "interface_friction": 0.0,
        "GI": 0.0015,
        "GII,GIII": 0.3,
        "tI=tII=tIII": 1.3,
        "blade_friction": 0.6
    }
}
