{
    "geometrical_parameters": {
        "fiber_diameter": 0.017436873747494988,
        "blade_distance": 0.10224448897795592,
        "elliptical_fiber_ratio": 1.4839679358717435,
        "ratio_droplet_embedded_length": 1.3427655310621243,
        "droplet_diameter": 0.21054509018036072,
        "contact_angle": 18.379959919839678,
        "fiber_rotation": 11.182364729458918
    },
    "mechanical_parameters": {
        "interface_friction": 0.0,
        "tI": 1,
        "tII,tIII": 1.3,
        "GI": 0.01,
        "GII,GIII": 0.15,
        "blade_friction": 0.6
    }
}
