{
    "geometrical_parameters": {
        "fiber_diameter": 0.014444816053511705,
        "blade_distance": 0.24749163879598665,
        "elliptical_fiber_ratio": 2.1304347826086953,
        "ratio_droplet_embedded_length": 1.4318394648829431,
        "droplet_diameter": 0.2199063545150502,
        "contact_angle": 30.03076923076923,
        "fiber_rotation": 25.284280936454845
    },
    "mechanical_parameters": {
        "interface_friction": 0.0,
        "GI": 0.0015,
        "GII,GIII": 0.3,
        "tI=tII=tIII": 1.3,
        "blade_friction": 0.6
    }
}
