{
    "geometrical_parameters": {
        "fiber_diameter": 0.021,
        "blade_distance": 0.042,
        "elliptical_fiber_ratio": 1.0,
        "ratio_droplet_embedded_length": 1.36,
        "droplet_diameter": 0.162,
        "contact_angle": 25.7,
        "fiber_rotation": 0
    },
    "mechanical_parameters": {
        "interface_friction": 0.2301003344481605,
        "GI": 0.00662876254180602,
        "GII,GIII": 0.41314381270903017,
        "tI=tII=tIII": 1.2073578595317724,
        "blade_friction": 0.38260869565217387
    }
}
