{
    "geometrical_parameters": {
        "fiber_diameter": 0.027387959866220737,
        "blade_distance": 0.17859531772575252,
        "elliptical_fiber_ratio": 2.259197324414716,
        "ratio_droplet_embedded_length": 1.36,
        "droplet_diameter": 0.162,
        "contact_angle": 25.7,
        "fiber_rotation": 0
    },
    "mechanical_parameters": {
        "interface_friction": 0.0,
        "GI": 0.0015,
        "GII,GIII": 0.3377591973244148,
        "blade_friction": 0.0,
        "tI=tII=tIII": 0.7959866220735786
    }
}
