{
    "geometrical_parameters": {
        "fiber_diameter": 0.0218643216080402,
        "blade_distance": 0.4291457286432161,
        "elliptical_fiber_ratio": 1.6231155778894473,
        "ratio_droplet_embedded_length": 1.2227135678391958,
        "droplet_diameter": 0.16923115577889447,
        "contact_angle": 27.28542713567839,
        "fiber_rotation": 28.040201005025125
    },
    "mechanical_parameters": {
        "interface_friction": 0.0,
        "GI": 0.0015,
        "GII,GIII": 0.3,
        "tI=tII=tIII": 1.3,
        "blade_friction": 0.6
    }
}
