{
    "geometrical_parameters": {
        "fiber_diameter": 0.021,
        "blade_distance": 0.042,
        "elliptical_fiber_ratio": 1.0,
        "ratio_droplet_embedded_length": 1.36,
        "droplet_diameter": 0.162,
        "contact_angle": 25.7,
        "fiber_rotation": 0
    },
    "mechanical_parameters": {
        "interface_friction": 0.5939799331103679,
        "GI": 0.06126086956521739,
        "GII,GIII": 0.34759197324414715,
        "tI=tII=tIII": 1.6688963210702341,
        "blade_friction": 0.5377926421404683
    }
}
