{
    "geometrical_parameters": {
        "fiber_diameter": 0.027363636363636364,
        "blade_distance_ratio_to_fiber_diameter": 2.878787878787879,
        "elliptical_fiber_ratio": 1.4444444444444444,
        "ratio_droplet_embedded_length": 1.2214141414141413,
        "droplet_diameter": 0.22072727272727274,
        "contact_angle": 26.365656565656565,
        "fiber_rotation": 3.6363636363636367
    },
    "mechanical_parameters": {
        "interface_friction": 0.0,
        "GI": 0.015,
        "GII,GIII": 0.3,
        "tI=tII=tIII": 1.3,
        "blade_friction": 0.6
    }
}
