{
    "geometrical_parameters": {
        "fiber_diameter": 0.025521739130434783,
        "blade_distance": 0.4461538461538461,
        "elliptical_fiber_ratio": 2.374581939799331,
        "ratio_droplet_embedded_length": 1.2060200668896321,
        "droplet_diameter": 0.17927090301003346,
        "contact_angle": 30.745150501672235,
        "fiber_rotation": 54.48160535117057
    },
    "mechanical_parameters": {
        "interface_friction": 0.0,
        "GI": 0.0015,
        "GII,GIII": 0.3,
        "tI=tII=tIII": 1.3,
        "blade_friction": 0.6
    }
}
