{
    "geometrical_parameters": {
        "fiber_diameter": 0.01745484949832776,
        "blade_distance": 0.4612040133779265,
        "elliptical_fiber_ratio": 1.6220735785953178,
        "ratio_droplet_embedded_length": 1.166421404682274,
        "droplet_diameter": 0.10838461538461538,
        "contact_angle": 27.41137123745819,
        "fiber_rotation": 21.973244147157192
    },
    "mechanical_parameters": {
        "interface_friction": 0.0,
        "tI": 1,
        "tII,tIII": 1.3,
        "GI": 0.01,
        "GII,GIII": 0.15,
        "blade_friction": 0.8
    }
}
