{
    "geometrical_parameters": {
        "fiber_diameter": 0.027933867735470942,
        "blade_distance": 0.19819639278557116,
        "elliptical_fiber_ratio": 1.4328657314629258,
        "ratio_droplet_embedded_length": 1.401122244488978,
        "droplet_diameter": 0.2235310621242485,
        "contact_angle": 25.514228456913827,
        "fiber_rotation": 79.17835671342685
    },
    "mechanical_parameters": {
        "interface_friction": 0.0,
        "tI": 1,
        "tII,tIII": 1.3,
        "GI": 0.015,
        "GII,GIII": 0.1,
        "blade_friction": 0.6
    }
}
