{
    "geometrical_parameters": {
        "fiber_diameter": 0.018297658862876254,
        "blade_distance": 0.11672240802675586,
        "elliptical_fiber_ratio": 1.351170568561873,
        "ratio_droplet_embedded_length": 1.3451505016722407,
        "droplet_diameter": 0.13005685618729096,
        "contact_angle": 26.816053511705682,
        "fiber_rotation": 81.87290969899666
    },
    "mechanical_parameters": {
        "interface_friction": 0.0,
        "GI": 0.0015,
        "GII,GIII": 0.3,
        "tI=tII=tIII": 1.3,
        "blade_friction": 0.6
    }
}
