{
    "geometrical_parameters": {
        "fiber_diameter": 0.021,
        "blade_distance": 0.15,
        "elliptical_fiber_ratio": 1.0,
        "ratio_droplet_embedded_length": 1.36,
        "droplet_diameter": 0.162,
        "contact_angle": 25.7,
        "fiber_rotation": 0
    },
    "mechanical_parameters": {
        "interface_friction": 0.422742474916388,
        "GI": 0.053314381270903016,
        "GII,GIII": 0.34267558528428094,
        "tI=tII=tIII": 0.5050167224080268,
        "blade_friction": 0.38260869565217387
    }
}
