{
    "geometrical_parameters": {
        "fiber_diameter": 0.019622073578595318,
        "blade_distance": 0.1702341137123746,
        "elliptical_fiber_ratio": 1.431438127090301,
        "ratio_droplet_embedded_length": 1.4157859531772576,
        "droplet_diameter": 0.16753177257525087,
        "contact_angle": 21.220066889632104,
        "fiber_rotation": 38.829431438127095
    },
    "mechanical_parameters": {
        "interface_friction": 0.0,
        "GI": 0.0015,
        "GII,GIII": 0.3,
        "tI=tII=tIII": 1.3,
        "blade_friction": 0.6
    }
}
