{
    "geometrical_parameters": {
        "fiber_diameter": 0.021307692307692305,
        "blade_distance": 0.5046822742474917,
        "elliptical_fiber_ratio": 2.0785953177257523,
        "ratio_droplet_embedded_length": 1.36,
        "droplet_diameter": 0.162,
        "contact_angle": 25.7,
        "fiber_rotation": 45
    },
    "mechanical_parameters": {
        "interface_friction": 0.0,
        "GI": 0.0015,
        "GII,GIII": 0.052608695652173916,
        "blade_friction": 0.0,
        "tI=tII=tIII": 1.0869565217391304
    }
}
