{
    "geometrical_parameters": {
        "fiber_diameter": 0.017334448160535115,
        "blade_distance": 0.4193979933110368,
        "elliptical_fiber_ratio": 1.1956521739130435,
        "ratio_droplet_embedded_length": 1.36,
        "droplet_diameter": 0.162,
        "contact_angle": 25.7,
        "fiber_rotation": 45
    },
    "mechanical_parameters": {
        "interface_friction": 0.0,
        "GI": 0.0015,
        "GII,GIII": 0.2918729096989967,
        "blade_friction": 0.0,
        "tI=tII=tIII": 1.4983277591973243
    }
}
