{
    "geometrical_parameters": {
        "fiber_diameter": 0.02805016722408027,
        "blade_distance": 0.4695652173913043,
        "elliptical_fiber_ratio": 1.1505016722408028,
        "ratio_droplet_embedded_length": 1.36,
        "droplet_diameter": 0.162,
        "contact_angle": 25.7,
        "fiber_rotation": 45
    },
    "mechanical_parameters": {
        "interface_friction": 0.0,
        "GI": 0.0015,
        "GII,GIII": 0.12471571906354513,
        "blade_friction": 0.0,
        "tI=tII=tIII": 0.5501672240802675
    }
}
