{
    "geometrical_parameters": {
        "fiber_diameter": 0.018297658862876254,
        "blade_distance": 0.5966555183946488,
        "elliptical_fiber_ratio": 1.2357859531772575,
        "ratio_droplet_embedded_length": 1.36,
        "droplet_diameter": 0.162,
        "contact_angle": 25.7,
        "fiber_rotation": 0
    },
    "mechanical_parameters": {
        "interface_friction": 0.0,
        "GI": 0.0015,
        "GII,GIII": 0.09193979933110369,
        "blade_friction": 0.0,
        "tI=tII=tIII": 1.959866220735786
    }
}
