{
    "geometrical_parameters": {
        "fiber_diameter": 0.02473913043478261,
        "blade_distance": 0.12006688963210703,
        "elliptical_fiber_ratio": 2.1638795986622075,
        "ratio_droplet_embedded_length": 1.1610702341137122,
        "droplet_diameter": 0.22351839464882944,
        "contact_angle": 14.790635451505016,
        "fiber_rotation": 29.498327759197323
    },
    "mechanical_parameters": {
        "interface_friction": 0.0,
        "GI": 0.0015,
        "GII,GIII": 0.3,
        "tI=tII=tIII": 1.3,
        "blade_friction": 0.6
    }
}
