{
    "geometrical_parameters": {
        "fiber_diameter": 0.021,
        "blade_distance": 0.042,
        "elliptical_fiber_ratio": 1.0,
        "ratio_droplet_embedded_length": 1.36,
        "droplet_diameter": 0.162,
        "contact_angle": 25.7,
        "fiber_rotation": 0
    },
    "mechanical_parameters": {
        "interface_friction": 0.5538461538461539,
        "GI": 0.04205685618729097,
        "GII,GIII": 0.39839464882943143,
        "tI=tII=tIII": 0.7558528428093645,
        "blade_friction": 0.21672240802675583
    }
}
