{
    "geometrical_parameters": {
        "fiber_diameter": 0.01739464882943144,
        "elliptical_fiber_ratio": 1.0,
        "blade_distance": 0.5431438127090301,
        "ratio_droplet_embedded_length": 1.36,
        "droplet_diameter": 0.2032006688963211,
        "contact_angle": 25.7,
        "fiber_rotation": 0
    },
    "mechanical_parameters": {
        "interface_friction": 0.0,
        "GI": 0.0015,
        "GII,GIII": 0.3377591973244148,
        "blade_friction": 0.0,
        "tI=tII=tIII": 1.3127090301003346
    }
}
