{
    "geometrical_parameters": {
        "fiber_diameter": 0.020705685618729097,
        "blade_distance": 0.10668896321070234,
        "elliptical_fiber_ratio": 1.7023411371237458,
        "ratio_droplet_embedded_length": 1.2306354515050166,
        "droplet_diameter": 0.15534113712374584,
        "contact_angle": 19.731772575250837,
        "fiber_rotation": 64.11371237458194
    },
    "mechanical_parameters": {
        "interface_friction": 0.0,
        "tI": 1,
        "tII,tIII": 1.3,
        "GI": 0.01,
        "GII,GIII": 0.15,
        "blade_friction": 0.8
    }
}
