{
    "geometrical_parameters": {
        "fiber_diameter": 0.027545454545454547,
        "blade_distance": 0.04036597909062819,
        "elliptical_fiber_ratio": 1.1212121212121213,
        "ratio_droplet_embedded_length": 1.3862626262626263,
        "droplet_diameter": 0.12663636363636363,
        "contact_angle": 29.06262626262626,
        "fiber_rotation": 37.27272727272727
    },
    "mechanical_parameters": {
        "interface_friction": 0.0,
        "GI": 0.015,
        "GII,GIII": 0.3,
        "tI=tII=tIII": 1.3,
        "blade_friction": 0.6
    }
}
