{
    "geometrical_parameters": {
        "fiber_diameter": 0.028411371237458197,
        "blade_distance": 0.3157190635451505,
        "elliptical_fiber_ratio": 1.1304347826086956,
        "ratio_droplet_embedded_length": 1.2852173913043479,
        "droplet_diameter": 0.16166220735785952,
        "contact_angle": 23.184615384615384,
        "fiber_rotation": 52.675585284280935
    },
    "mechanical_parameters": {
        "interface_friction": 0.0,
        "GI": 0.0015,
        "GII,GIII": 0.3,
        "tI=tII=tIII": 1.3,
        "blade_friction": 0.6
    }
}
