{
    "geometrical_parameters": {
        "fiber_diameter": 0.021,
        "blade_distance": 0.15,
        "elliptical_fiber_ratio": 1.0,
        "ratio_droplet_embedded_length": 1.36,
        "droplet_diameter": 0.162,
        "contact_angle": 25.7,
        "fiber_rotation": 0
    },
    "mechanical_parameters": {
        "interface_friction": 0.465551839464883,
        "GI": 0.08907357859531774,
        "GII,GIII": 0.04605351170568562,
        "tI=tII=tIII": 1.1070234113712374,
        "blade_friction": 0.43344481605351176
    }
}
