{
    "geometrical_parameters": {
        "fiber_diameter": 0.02805016722408027,
        "blade_distance": 0.11337792642140468,
        "elliptical_fiber_ratio": 1.9431438127090301,
        "ratio_droplet_embedded_length": 1.4650167224080268,
        "droplet_diameter": 0.21855183946488294,
        "contact_angle": 25.14916387959866,
        "fiber_rotation": 56.28762541806021
    },
    "mechanical_parameters": {
        "interface_friction": 0.0,
        "tI": 1,
        "tII,tIII": 1.3,
        "GI": 0.01,
        "GII,GIII": 0.15,
        "blade_friction": 0.8
    }
}
