{
    "geometrical_parameters": {
        "fiber_diameter": 0.021,
        "blade_distance": 0.15,
        "elliptical_fiber_ratio": 1.0,
        "ratio_droplet_embedded_length": 1.36,
        "droplet_diameter": 0.162,
        "contact_angle": 25.7,
        "fiber_rotation": 0
    },
    "mechanical_parameters": {
        "interface_friction": 0.3612040133779264,
        "GI": 0.09933779264214046,
        "GII,GIII": 0.1968227424749164,
        "tI=tII=tIII": 1.6839464882943145,
        "blade_friction": 0.029431438127090304
    }
}
