{
    "geometrical_parameters": {
        "fiber_diameter": 0.02931438127090301,
        "blade_distance": 0.5665551839464883,
        "elliptical_fiber_ratio": 2.0384615384615383,
        "ratio_droplet_embedded_length": 1.36,
        "droplet_diameter": 0.162,
        "contact_angle": 25.7,
        "fiber_rotation": 45
    },
    "mechanical_parameters": {
        "interface_friction": 0.0,
        "GI": 0.0015,
        "GII,GIII": 0.3820066889632107,
        "blade_friction": 0.0,
        "tI=tII=tIII": 1.5986622073578596
    }
}
