{
    "geometrical_parameters": {
        "fiber_diameter": 0.021,
        "blade_distance": 0.042,
        "elliptical_fiber_ratio": 1.0,
        "ratio_droplet_embedded_length": 1.36,
        "droplet_diameter": 0.162,
        "contact_angle": 25.7,
        "fiber_rotation": 0
    },
    "mechanical_parameters": {
        "interface_friction": 0.26755852842809363,
        "GI": 0.08377591973244147,
        "GII,GIII": 0.4819732441471572,
        "tI=tII=tIII": 1.5936454849498327,
        "blade_friction": 0.37725752508361204
    }
}
