{
    "geometrical_parameters": {
        "fiber_diameter": 0.01745484949832776,
        "blade_distance": 0.18193979933110369,
        "elliptical_fiber_ratio": 1.9180602006688963,
        "ratio_droplet_embedded_length": 1.36,
        "droplet_diameter": 0.162,
        "contact_angle": 25.7,
        "fiber_rotation": 0
    },
    "mechanical_parameters": {
        "interface_friction": 0.0,
        "GI": 0.0015,
        "GII,GIII": 0.46886287625418055,
        "blade_friction": 0.0,
        "tI=tII=tIII": 1.0418060200668897
    }
}
