{
    "geometrical_parameters": {
        "fiber_diameter": 0.023965931863727453,
        "blade_distance": 0.14779852697224607,
        "elliptical_fiber_ratio": 2.843687374749499,
        "ratio_droplet_embedded_length": 1.33250501002004,
        "droplet_diameter": 0.1723987975951904,
        "contact_angle": 14.670140280561121,
        "fiber_rotation": 80.98196392785572
    },
    "mechanical_parameters": {
        "interface_friction": 0.7054108216432866,
        "GI": 0.029965931863727455,
        "GII,GIII": 0.09531062124248496,
        "tI=tII=tIII": 0.6713426853707415,
        "blade_friction": 0.6877755511022045
    }
}
