{
    "geometrical_parameters": {
        "fiber_diameter": 0.02907357859531773,
        "blade_distance": 0.3642140468227425,
        "elliptical_fiber_ratio": 1.4615384615384615,
        "ratio_droplet_embedded_length": 1.2616722408026755,
        "droplet_diameter": 0.2090702341137124,
        "contact_angle": 27.709030100334445,
        "fiber_rotation": 13.244147157190634
    },
    "mechanical_parameters": {
        "interface_friction": 0.0,
        "GI": 0.0015,
        "GII,GIII": 0.3,
        "tI=tII=tIII": 1.3,
        "blade_friction": 0.6
    }
}
