{
    "geometrical_parameters": {
        "fiber_diameter": 0.02600334448160535,
        "blade_distance": 0.47792642140468233,
        "elliptical_fiber_ratio": 1.5468227424749164,
        "ratio_droplet_embedded_length": 1.36,
        "droplet_diameter": 0.162,
        "contact_angle": 25.7,
        "fiber_rotation": 45
    },
    "mechanical_parameters": {
        "interface_friction": 0.0,
        "GI": 0.0015,
        "GII,GIII": 0.4459197324414716,
        "blade_friction": 0.0,
        "tI=tII=tIII": 1.1571906354515051
    }
}
