{
    "geometrical_parameters": {
        "fiber_diameter": 0.013120401337792641,
        "blade_distance": 0.14013377926421405,
        "elliptical_fiber_ratio": 1.060200668896321,
        "ratio_droplet_embedded_length": 1.36,
        "droplet_diameter": 0.162,
        "contact_angle": 25.7,
        "fiber_rotation": 45
    },
    "mechanical_parameters": {
        "interface_friction": 0.0,
        "GI": 0.0015,
        "GII,GIII": 0.2443478260869565,
        "blade_friction": 0.0,
        "tI=tII=tIII": 0.745819397993311
    }
}
