{
    "geometrical_parameters": {
        "fiber_diameter": 0.015170854271356784,
        "blade_distance": 0.5256281407035177,
        "elliptical_fiber_ratio": 1.6432160804020102,
        "ratio_droplet_embedded_length": 1.16643216080402,
        "droplet_diameter": 0.19704522613065328,
        "contact_angle": 14.673366834170853,
        "fiber_rotation": 49.74874371859297
    },
    "mechanical_parameters": {
        "interface_friction": 0.0,
        "GI": 0.0015,
        "GII,GIII": 0.3,
        "tI=tII=tIII": 1.3,
        "blade_friction": 0.6
    }
}
