{
    "geometrical_parameters": {
        "fiber_diameter": 0.013060200668896321,
        "blade_distance": 0.4829431438127091,
        "elliptical_fiber_ratio": 1.5418060200668897,
        "ratio_droplet_embedded_length": 1.36,
        "droplet_diameter": 0.162,
        "contact_angle": 25.7,
        "fiber_rotation": 45
    },
    "mechanical_parameters": {
        "interface_friction": 0.0,
        "GI": 0.0015,
        "GII,GIII": 0.19026755852842808,
        "blade_friction": 0.0,
        "tI=tII=tIII": 1.4230769230769234
    }
}
