{
    "geometrical_parameters": {
        "fiber_diameter": 0.014587174348697395,
        "elliptical_fiber_ratio": 1.0,
        "blade_distance": 0.33647294589178356,
        "ratio_droplet_embedded_length": 1.36,
        "droplet_diameter": 0.19106613226452906,
        "contact_angle": 25.7,
        "fiber_rotation": 0
    },
    "mechanical_parameters": {
        "interface_friction": 0.0,
        "GI": 0.0015,
        "GII,GIII": 0.4234068136272545,
        "blade_friction": 0.0,
        "tI=tII=tIII": 0.5210420841683366
    }
}
