{
    "geometrical_parameters": {
        "fiber_diameter": 0.028652173913043477,
        "blade_distance": 0.11170568561872911,
        "elliptical_fiber_ratio": 2.4046822742474916,
        "ratio_droplet_embedded_length": 1.2541806020066888,
        "droplet_diameter": 0.11019063545150502,
        "contact_angle": 16.278929765886286,
        "fiber_rotation": 20.167224080267555
    },
    "mechanical_parameters": {
        "interface_friction": 0.0,
        "tI": 1,
        "tII,tIII": 1.3,
        "GI": 0.01,
        "GII,GIII": 0.15,
        "blade_friction": 0.8
    }
}
