{
    "geometrical_parameters": {
        "fiber_diameter": 0.01637123745819398,
        "blade_distance": 0.4695652173913043,
        "elliptical_fiber_ratio": 1.2859531772575252,
        "ratio_droplet_embedded_length": 1.462876254180602,
        "droplet_diameter": 0.17972240802675588,
        "contact_angle": 26.101672240802674,
        "fiber_rotation": 11.438127090301004
    },
    "mechanical_parameters": {
        "interface_friction": 0.0,
        "tI": 1,
        "tII,tIII": 1.3,
        "GI": 0.01,
        "GII,GIII": 0.15,
        "blade_friction": 0.8
    }
}
