{
    "geometrical_parameters": {
        "fiber_diameter": 0.021,
        "blade_distance": 0.15,
        "elliptical_fiber_ratio": 1.0,
        "ratio_droplet_embedded_length": 1.36,
        "droplet_diameter": 0.162,
        "contact_angle": 25.7,
        "fiber_rotation": 0
    },
    "mechanical_parameters": {
        "interface_friction": 0.25953177257525084,
        "GI": 0.010933110367892976,
        "GII,GIII": 0.07391304347826087,
        "tI=tII=tIII": 1.3377926421404682,
        "blade_friction": 0.47090301003344487
    }
}
