{
    "geometrical_parameters": {
        "fiber_diameter": 0.02822244488977956,
        "blade_distance": 0.4326653306613226,
        "elliptical_fiber_ratio": 2.0070140280561124,
        "ratio_droplet_embedded_length": 1.4466533066132263,
        "droplet_diameter": 0.194312625250501,
        "contact_angle": 23.944689378757513,
        "fiber_rotation": 75.57114228456913
    },
    "mechanical_parameters": {
        "interface_friction": 0.0,
        "tI": 1,
        "tII,tIII": 1.3,
        "GI": 0.015,
        "GII,GIII": 0.1,
        "blade_friction": 0.6
    }
}
